Timestamp,YS1(kW),YS2(kW),YS3(kW),YS4(kW),YS5(kW),YS_FARM(kW),Elnet_227(kW),Elnet_239(kW),Elnet_236(kW)
10/3/2024 0:13,29.6,75.4,61.2,141.6,161.1,72.36,9.45,12.82,44.89
10/3/2024 1:13,29.2,76.3,62.6,142.6,161.5,72.6,9.47,11.72,44.3
10/3/2024 2:13,29.1,77.8,60.6,143.4,160.9,73.82,9.35,13.41,44.13
10/3/2024 3:13,28,75,61.2,139.5,162.3,73.03,9.38,13.26,44.22
10/3/2024 4:13,28.3,72,61,143.3,164,73.53,9.38,13.37,45.84
10/3/2024 5:13,28,72.1,62.8,170.6,159.9,72.52,9.42,13.2,47.48
10/3/2024 6:13,47.9,73.2,60.7,177.8,158.4,70.19,9.37,13.26,52.99
10/3/2024 7:13,87.1,76.7,83,186.4,157.1,68.64,10.13,9.93,52.84
10/3/2024 8:13,111.2,93.7,120.3,185.3,184,100.09,10.06,10.35,51.21
10/3/2024 9:13,149.4,125.6,139.7,200.3,200.1,139.48,12.07,14.37,58.4
10/3/2024 10:13,160.4,171,170.3,225.1,229.6,149.23,9.6,16.24,60.31
10/3/2024 11:13,150.4,204.2,143.3,258.78,244.5,149.99,9.55,14.47,59.59
10/3/2024 12:13,170.4,184.3,138.8,300.69,247.8,149.2,9.79,13.58,62.01
10/3/2024 13:13,131.1,175,134.9,321.74,266.7,137.88,10.31,13.31,60.18
10/3/2024 14:13,111.2,183.8,116.3,318.5,247,146.13,10.1,11.77,60.14
10/3/2024 15:13,202.7,177.9,108.6,300.85,229.2,150.14,8.4,11.98,56.62
10/3/2024 16:13,161.4,165.9,91.5,280.6,221,134.14,8.39,10.85,50.9
10/3/2024 17:13,90.7,151.3,74.8,253,218.6,124.18,8.31,10.39,57.03
10/3/2024 18:13,84.4,100.8,69.3,224.81,206.2,113.46,8.35,9.95,55.83
10/3/2024 19:13,73.3,96.7,66.6,200.37,200.7,106.51,9.19,14.59,52.98
10/3/2024 20:13,57.1,86,62.6,170.25,197.1,105.05,9.39,14.26,49.96
10/3/2024 21:13,30.3,75.7,59.2,175.58,192.9,88.7,9.29,13.68,47.73
10/3/2024 22:13,30,73.7,60.1,173.21,187.9,83.8,9.34,13.33,46.43
10/3/2024 23:13,29.4,72.1,59.8,164.8,186.4,85.36,9.34,13.32,45.9
10/4/2024 0:13,29.6,64.4,59.2,165,184.5,82.31,9.33,13.82,45.81
10/4/2024 1:13,29.2,65.5,56.2,164.1,181.3,82.12,9.25,13.26,44.96
10/4/2024 2:13,29.1,64.7,53.5,163.1,179.3,81.52,9.32,13.21,45.25
10/4/2024 3:13,28,63.9,50.8,163.1,177,82.23,9.38,13.3,45
10/4/2024 4:38,28.3,65.2,54,167,176.2,80.96,9.32,12.85,45.69
10/4/2024 5:38,28,65.3,63,177.2,174.7,80.81,9.26,12.46,52.04
10/4/2024 6:38,47.9,69.8,60.8,180,174.2,77.52,10.1,12.7,50.51
10/4/2024 7:38,87.1,76.3,67.7,202.4,172.6,89.04,11.18,11.71,48.29
10/4/2024 8:38,111.2,106,83,254.5,193.2,104.61,11.58,11.05,52.78
10/4/2024 9:38,149.4,136.4,119.4,293.2,223.6,141.52,10.64,11.45,59.63
10/4/2024 10:38,160.4,166.4,139.7,334,239.6,146.79,10.52,12.37,63.82
10/4/2024 11:38,155.7,179,160.7,369.9,257.8,153.74,11.17,13.36,59.26
10/4/2024 12:38,154.2,177.5,142.3,365.7,255.5,166.19,11.53,13.32,59.05
10/4/2024 13:38,139.2,160.3,138.8,353.4,236.8,156.53,34.44,13.96,61.81
10/4/2024 14:38,149.3,152,134.9,314.6,240.9,167.14,22.69,10.4,53.41
10/4/2024 15:38,212.6,145.5,116.3,291.2,245.9,164.34,23.87,8.74,46.26
10/4/2024 16:38,123.4,133.2,108.6,260.3,224.9,153.83,25.64,9.17,51.71
10/4/2024 17:38,91.4,114.7,91.5,242,203.8,147.22,24.52,11.89,46.35
10/4/2024 18:38,87.5,92.8,74.8,220.4,198.5,125.51,23.28,13.18,51.14
10/4/2024 19:38,63.8,82.7,69.3,184.9,194.2,114.57,25.51,13.89,50.28
10/4/2024 20:38,36.6,76,66.6,176.1,196.5,96.86,20.57,13.23,47.77
10/4/2024 21:38,34.2,75.7,62.6,173.6,194.8,86.14,15.52,12.94,46.35
10/4/2024 22:38,32.9,73.7,59.2,170.1,187.2,86.59,14.55,13,45.49
10/4/2024 23:38,57.4,72.1,60.1,164.1,184.2,84.42,16.56,13.18,44.3
10/5/2024 0:54,66.5,67.8,57.1,161.3,183.3,85.2,9.51,13.11,43.35
10/5/2024 1:54,59.6,67.9,55.9,158.9,182.7,87.56,9.48,13.21,43.17
10/5/2024 2:54,47,66.9,54.4,142,180.7,85.49,9.52,13.13,41.26
10/5/2024 3:54,35.3,66.8,53.6,142.6,184.3,82.73,9.49,13.06,42.59
10/5/2024 4:54,26.9,66.8,53.3,141.8,169.5,78.45,9.48,13.16,43.54
10/5/2024 5:54,27.6,66.9,53.6,143.3,166.7,76.28,9.68,13.13,41.72
10/5/2024 6:54,25.5,64.6,51.1,143.1,162.4,81.93,9.59,13.19,39.47
10/5/2024 7:54,23.9,59.4,47.3,146,163.6,82.4,17.63,10.46,27.18
10/5/2024 8:54,27,59.6,49.4,141,170.1,83.75,19.43,10.76,28.73
10/5/2024 9:54,23.8,60.9,52.1,143.5,174.6,85.42,20.19,9.48,28.67
10/5/2024 10:54,25.9,61.8,52.3,141.6,171.4,86.53,20.76,9.62,29.16
10/5/2024 11:54,25.1,62.6,53.1,142.2,170,89.18,20.14,8.52,29.72
10/5/2024 12:54,24.3,62.7,54.1,140.4,176.6,88.74,21.99,7.33,30.57
10/5/2024 13:54,23.9,62.8,53.2,137.5,177.8,89.87,19.95,6.87,32.74
10/5/2024 14:54,23.8,62,54.1,137.6,178.5,87.93,22.57,6.31,33.75
10/5/2024 15:54,22.8,62.2,54.9,140.2,174.6,85.96,22.86,6.33,35.49
10/5/2024 16:54,23.4,62.8,54.1,136.2,175.8,88.61,24.87,0,42.13
10/5/2024 17:54,23.5,61.8,53.2,135.4,174.5,90.12,24.95,0,42.88
10/5/2024 18:54,25,69.2,68.2,156.5,178,88.43,25.01,0,43.05
10/5/2024 19:54,27.1,72.1,59.6,153.2,180.2,91.11,24.51,13.13,44.61
10/5/2024 20:54,27.4,71.6,55.4,151.7,178.5,84.03,11.78,13.57,44.85
10/5/2024 21:54,57.5,70.4,57.1,148.7,177.2,81.79,9.37,13.06,43.19
10/5/2024 22:54,57.2,68.7,57.8,149.5,177.2,80.88,9.52,13.13,43.66
10/5/2024 23:54,36.7,68.3,57.4,147.8,181,80.36,9.48,13.07,43.96
10/6/2024 0:54,27.4,67.8,57.1,161,179.1,80.23,9.48,13.12,43.3
10/6/2024 1:54,27.3,67.9,55.9,156.9,176.4,81.23,9.46,13.24,43.14
10/6/2024 2:54,27,67.25,55.5,142,173.7,82.19,9.51,12.8,42.78
10/6/2024 3:54,27,66.8,53.6,142.6,171.3,81.25,9.52,12.88,44.05
10/6/2024 4:54,26.9,66.8,53.3,141.8,169.5,77.76,9.43,12.91,43.06
10/6/2024 5:54,27.6,66.9,53.6,143.3,168.7,76.28,9.45,12.75,43.16
10/6/2024 6:54,25.5,64.6,51.1,143.1,165.4,83.95,9.36,10.6,38.01
10/6/2024 7:54,23.9,59.4,47.3,146,163.6,82.4,17.28,7.81,28.88
10/6/2024 8:54,27,59.6,49.4,141,170.1,83.75,20.14,7.47,28.61
10/6/2024 9:54,23.8,60.9,52.1,148.5,174.6,85.72,20.5,6.87,29.69
10/6/2024 10:54,25.9,61.8,52.3,146.6,171.4,84.74,20.18,7.2,29.24
10/6/2024 11:54,25.1,62.6,53.1,143.2,177,89.56,19.99,7.32,30.36
10/6/2024 12:54,24.3,62.7,54.1,141.7,176.6,88.52,19.6,7.44,29.39
10/6/2024 13:54,23.9,62.8,53.2,139.5,177.8,89.76,19.36,7.38,29.5
10/6/2024 14:54,23.8,62,54.1,141.6,178.5,87.93,14.57,7.24,29.52
10/6/2024 15:54,22.8,62.2,54.9,140.2,174.6,85.96,8.52,7.27,28.76
10/6/2024 16:54,23.4,62.8,54.1,136.2,175.8,88.68,8.48,7.35,29.86
10/6/2024 17:54,23.5,61.8,53.2,135.4,174.5,90.12,8.51,7.26,30.17
10/6/2024 18:54,25,67.6,60.2,156.5,177.7,85.28,9.2,11.4,38.78
10/6/2024 19:54,27.1,69.4,59.7,153.2,180.7,87.9,9.47,12.95,43.43
10/6/2024 20:54,27.4,69.25,60.2,151.7,177.4,85.96,9.51,13,43.43
10/6/2024 21:54,25.7,69.1,57,148.7,174,84.19,9.4,12.88,42.99
10/6/2024 22:54,26,66.8,60.2,149.5,169.7,82.53,9.5,12.85,42.27
10/6/2024 23:54,26.1,65.6,60.2,147.8,172.3,81.66,9.47,12.72,41.96
10/7/2024 0:54,25.8,64.4,56.1,147.1,168.57,80.31,9.42,12.65,41.41
10/7/2024 1:54,26.05,65.5,53.5,146.8,167,78.12,9.43,13.22,41.48
10/7/2024 2:54,26.1,64.7,52.25,145.2,165.37,76.52,9.4,12.73,41.45
10/7/2024 3:54,26.2,63.9,50.8,141.4,169.67,74.91,9.39,12.59,42.24
10/7/2024 4:54,26.3,65.2,54,139,159.4,73.03,9.42,12.56,41.29
10/7/2024 5:54,25.9,65.3,63,162.5,152.05,72.91,9.47,12.54,51.56
10/7/2024 6:54,33.5,69.8,60.8,166.7,153.4,71.23,10.44,13.09,47.36
10/7/2024 7:54,111.8,76.3,67.7,190.8,157.65,77.16,10.19,10.74,47.51
10/7/2024 8:54,105.3,106,83,225.7,172.6,97.23,15.83,14.35,55.54
10/7/2024 9:54,124.7,136.4,119.4,270.7,198.85,117.03,14.17,16.58,56.67
10/7/2024 10:54,135.4,166.4,139.7,305.3,217.3,152.41,9.71,16.65,57.25
10/7/2024 11:54,173,179,160.7,322.7,228.25,145.2,9.61,15.02,57.46
10/7/2024 12:54,151.6,177.5,142.3,334.8,224.65,127.59,9.81,12.27,54.73
10/7/2024 13:54,142.1,160.3,138.8,311.6,230.65,122.41,10.15,11.2,57.9
10/7/2024 14:54,123.1,152,134.9,292,227.65,134.42,8.83,10.13,55.17
10/7/2024 15:54,130.3,145.5,116.3,272.5,216.7,142.72,8.57,12.92,56.27
10/7/2024 16:54,125.6,133.2,108.6,256.2,201.5,132.24,8.64,16.17,51.71
10/7/2024 17:54,106.6,114.7,91.5,237.8,186.8,126.44,8.52,11.89,46.29
10/7/2024 18:54,68.2,92.5,74.8,210.8,187.35,105.9,9.15,12.7,49.44
10/7/2024 19:54,66.5,82.7,71.27,185.7,185.5,97.76,9.51,13.89,50.28
10/7/2024 20:54,60.9,76,66.6,148,180.3,89.9,9.57,13.23,47.77
10/7/2024 21:54,31.4,75.7,62.6,144.7,179.6,82.1,9.52,12.94,46.35
10/7/2024 22:54,29.4,73.7,59.2,141.9,166.7,80.63,9.55,13,45.49
10/7/2024 23:54,28.7,72.1,60.1,139.8,166.2,76.34,9.56,13.18,44.3
10/8/2024 0:03,28.3,70.9,59.9,138.1,161.6,73.84,9.61,13.36,43.96
10/8/2024 1:03,28.4,70.8,59.5,138.7,159.7,76.2,9.61,13.36,43.96
10/8/2024 2:03,28.3,71.4,57.85,134.9,159.4,76.05,9.54,13.03,43.59
10/8/2024 3:03,28.4,71,54.05,133.4,156.1,74.96,9.48,12.93,43.32
10/8/2024 4:03,28.2,71.5,55.3,134.7,159,75.79,9.49,12.84,44.85
10/8/2024 5:03,30.1,71.4,66,155.9,150.1,74.72,9.47,12.76,46.47
10/8/2024 6:03,39,73.5,69.95,158.1,156.1,74.42,9.43,12.74,51.08
10/8/2024 7:03,117.9,78.4,69.55,178.3,150.8,74.1,11.11,10.26,49.06
10/8/2024 8:03,104.2,109.3,87.2,212.2,165.6,86.3,10.57,9.52,55.56
10/8/2024 9:03,129.5,142.9,143,264.9,187.4,109.12,10.28,13.5,62.64
10/8/2024 10:03,131.4,171.1,149.6,304.3,210.4,111.22,10.64,16.83,60.68
10/8/2024 11:03,119.4,173.3,168.35,320.9,235.1,121.51,10.73,15.23,64.3
10/8/2024 12:03,143.8,172.5,173.4,326.1,244.9,126.19,10.73,15.14,62.76
10/8/2024 13:03,142,170.5,161.7,339.1,252.7,125.26,10.59,14.8,58.12
10/8/2024 14:03,153.2,174.1,165.35,328.9,235.1,135.75,9.74,14.82,55.62
10/8/2024 15:03,112.5,167.4,155.9,304.6,233.4,139.37,8.59,13.08,52.45
10/8/2024 16:03,136.8,148.3,129.7,293.6,236.7,138.76,8.68,12.36,49.9
10/8/2024 17:03,121.3,133.3,112.25,260.4,228.6,123.57,8.62,11.5,47.44
10/8/2024 18:03,102,117.3,92,233.1,200.8,110.69,8.57,11.65,44.92
10/8/2024 19:03,63.1,94.7,75.45,193.6,190.3,94.44,9.3,14.6,51.35
10/8/2024 20:03,39.6,82.6,66.95,161.8,187.9,89.61,9.53,13.53,48.49
10/8/2024 21:03,32.4,79,60.05,159.9,185.7,83.01,9.46,13.12,46.44
10/8/2024 22:03,29,76.9,60.15,156.6,182.4,82.02,9.47,13.13,45.04
10/8/2024 23:03,28.5,74.7,61.15,152.2,180.4,81.2,9.55,12.97,44.35
10/9/2024 0:40,28.25,71.6,59.2,143.95,189.15,79.45,9.5,12.62,43.33
10/9/2024 1:40,27.9,71.6,58.9,147.3,168.8,77.67,9.52,12.97,43.38
10/9/2024 2:40,27.8,71.3,59.7,146.5,164,78.61,9.41,13.02,43.1
10/9/2024 3:40,28.5,70.6,58.5,142.3,161.5,78.42,9.56,13.06,44.06
10/9/2024 4:40,27.6,71.1,62.8,154.9,172.8,77.47,9.54,12.93,44.09
10/9/2024 5:40,32.8,70.1,72.9,165.8,175.2,81.33,9.42,12.81,50.8
10/9/2024 6:40,51.3,73.3,75.9,179.6,174.6,77.05,10.13,12.47,52.32
10/9/2024 7:40,117.9,73.9,81.4,204.7,179.5,80.36,10.31,10.26,45.65
10/9/2024 8:40,109.1,96.7,113.2,257.5,194.1,105.42,10.44,11.65,63.32
10/9/2024 9:40,113.7,139.5,145.5,291.7,217.6,125.45,14.99,14,64.6
10/9/2024 10:40,125.1,165.9,168.4,296.3,233.2,135.87,10.79,15.21,63.4
10/9/2024 11:40,158.4,175.3,176.2,315.6,246.3,122.59,10.78,14.07,60.36
10/9/2024 12:40,149.7,168.6,172.1,385.5,251.7,117.66,10.57,11.69,58.52
10/9/2024 13:40,132.6,180.7,181.2,319.1,243.6,133.56,10.42,11.84,59.57
10/9/2024 14:40,153.3,177.5,180.2,304.1,233.2,138.23,8.92,11.35,53.92
10/9/2024 15:40,134,176.1,155.8,293.7,239.8,138.65,8.57,13.5,50.45
10/9/2024 16:40,115,147.2,110.6,261.8,228.2,137.48,8.59,10.75,51.63
10/9/2024 17:40,75.1,128,84.6,237.3,212.6,129.58,8.4,10.2,51.99
10/9/2024 18:40,69.3,116.7,77.7,220.9,196.7,125.9,9.12,12.49,53.42
10/9/2024 19:40,55.5,102.7,65,170.7,193.8,117.85,9.49,14.77,51.02
10/9/2024 20:40,37.7,89.5,60.5,160.1,191.3,110.63,9.53,13.49,48.03
10/9/2024 21:40,28.6,84.6,59.7,155.4,191.7,103.84,9.51,13.17,46.3
10/9/2024 22:40,28.7,80.3,56.9,152,187.9,103.71,9.58,13.17,44.97
10/9/2024 23:40,26.6,81.1,57.5,155.6,166.1,107.9,9.68,13.93,42.75
10/10/2024 0:27,31.5,75.4,53.4,155.2,193.3,71.24,9.42,12.81,45.14
10/10/2024 1:27,31.2,75.4,54.1,154,187.9,71.39,9.44,12.84,45.41
10/10/2024 2:27,31.8,76,55.6,155.2,190.3,71.51,9.45,12.88,45.63
10/10/2024 3:27,31,75.9,54.2,152.9,192.5,74.79,9.37,12.72,45.53
10/10/2024 4:27,31.3,74.4,58,160.6,191.9,71.41,9.42,12.56,46.71
10/10/2024 5:27,32.5,74,73.6,170.2,193.5,71.51,9.49,12.46,52.53
10/10/2024 6:27,55.6,77.1,71.1,176,190.4,72.35,9.97,12.52,50.77
10/10/2024 7:27,107.4,77,76.9,205.2,191.2,68.99,10.93,11.32,46.49
10/10/2024 8:27,120.7,104.8,99.7,250.2,211.1,92.38,11.17,9.4,54.05
10/10/2024 9:27,153.5,157.1,149.7,301.4,234.4,102.19,14.82,12.03,59.99
10/10/2024 10:27,189,178.3,193.8,330.4,248.6,113.14,17.1,13.29,58.77
10/10/2024 11:27,162.4,174.7,210.2,359.1,261.1,138.79,24.91,14.68,61.41
10/10/2024 12:27,171.8,177.6,214.6,386.2,263.2,149.91,24.2,13.35,54.83
10/10/2024 13:27,143.7,193.3,207.8,382,268.6,150.71,24,12.84,52.93
10/10/2024 14:27,114.3,204.2,191.4,356.7,267.2,147.24,23.23,11.82,46.58
10/10/2024 15:27,195.1,200.5,155.7,327.1,268.7,145.84,30.29,10.5,38.85
10/10/2024 16:27,162.9,154.3,123,284.1,258.5,135.16,23.27,9.37,40.67
10/10/2024 17:27,94.2,130.2,92.1,245.6,241,127.72,23.36,8.91,43.42
10/10/2024 18:27,89.5,122.8,70.8,214.2,214.6,130.66,22.79,11.43,44.38
10/10/2024 19:27,95.5,97.1,67.4,178.2,207.2,123.16,23.74,14.41,48.69
10/10/2024 20:27,39.4,94.5,57.1,162.7,203.6,103.56,23.51,13.41,47.34
10/10/2024 21:27,31,89.3,52.4,158.7,204.4,81.22,14.29,13.48,46.37
10/10/2024 22:27,30.5,88.1,51.8,156.9,200,80.09,9.75,13.37,45.23
10/10/2024 23:27,59.2,88.4,51.5,157.3,198.6,80.91,9.52,13.5,45.01
10/11/2024 0:27,31.5,75.4,53.4,155.2,193.3,81.24,9.42,12.81,45.14
10/11/2024 1:26,31.2,75.4,54.1,154,197.9,81.39,9.44,12.84,45.41
10/11/2024 2:26,31.8,76,55.6,155.2,194.3,81.51,9.45,12.88,45.63
10/11/2024 3:26,31,75.9,54.2,152.9,195.5,84.79,9.37,12.72,45.53
10/11/2024 4:26,31.3,74.4,58,160.6,191.9,81.41,9.42,12.56,46.71
10/11/2024 5:26,34.5,74,73.6,170.2,193.5,81.51,9.49,12.46,52.53
10/11/2024 6:26,58.6,77.1,71.1,176,190.4,82.35,9.97,12.52,50.77
10/11/2024 7:26,113.4,77,76.9,205.2,191.2,78.99,10.93,11.32,46.49
10/11/2024 8:26,122.7,108.8,99.7,246.2,211.1,92.38,11.17,9.4,54.05
10/11/2024 9:26,151.5,151.1,149.7,301.4,234.4,102.19,14.82,12.03,59.99
10/11/2024 10:26,188,178.3,195.8,330.4,248.6,113.14,17.1,13.29,58.77
10/11/2024 11:26,182.4,174.7,210.2,357.1,261.1,128.79,24.91,14.68,61.41
10/11/2024 12:26,151.8,177.6,217.6,383.2,263.2,129.91,24.2,13.35,54.83
10/11/2024 13:26,153.7,192.3,207.8,382,268.6,124.71,24,12.84,52.93
10/11/2024 14:26,113.3,206.2,192.4,356.7,267.2,127.24,23.23,11.82,46.58
10/11/2024 15:26,145.1,200.5,159.7,327.1,268.7,125.84,30.29,10.5,38.85
10/11/2024 16:26,102.9,154.3,123,284.1,259.5,125.16,23.27,9.37,40.67
10/11/2024 17:26,124.2,130.2,92.1,246.6,241,107.72,23.36,8.91,43.42
10/11/2024 18:26,119.5,122.8,70.8,213.2,213.6,130.66,22.79,11.43,44.38
10/11/2024 19:26,95.5,98.1,67.4,178.2,207.2,123.16,23.74,14.41,48.69
10/11/2024 20:26,39.4,94.5,57.1,162.7,203.6,103.56,23.51,13.41,47.34
10/11/2024 21:26,31,89.3,52.4,158.7,204.4,81.22,14.29,13.48,46.37
10/11/2024 22:26,30.5,88.1,51.8,156.9,200,80.09,9.75,13.37,45.23
10/11/2024 23:26,59.2,88.4,51.5,157.3,198.6,80.91,9.52,13.5,45.01
10/12/2024 0:26,114.05,85.1,50.7,154.1,183.6,78.23,9.38,13.51,44.7
10/12/2024 1:26,68.15,85.7,52,153.5,194.2,78.28,9.43,13.14,44.88
10/12/2024 2:26,60.8,84.3,52.35,152.5,199.9,80.42,9.41,13.26,44.3
10/12/2024 3:26,66.2,84,50.9,149.5,198.1,79.5,9.44,13.22,45.1
10/12/2024 4:26,59.3,83.65,50.6,151.5,192.3,76.96,9.36,13,44.32
10/12/2024 5:26,64.1,82.5,52.25,148.6,188.65,75.24,9.26,12.9,43.51
10/12/2024 6:26,68.4,81.85,51.45,147.6,188.45,76.46,30.19,12.29,42.48
10/12/2024 7:26,58.25,76.6,47.9,143.5,189.65,73.43,96.03,8.61,31.16
10/12/2024 8:26,61.75,77.6,48.2,146.3,195.95,74.18,101.95,9.31,29.14
10/12/2024 9:26,60.55,81.3,50.45,151.2,202.3,74.97,103.74,9.59,30.38
10/12/2024 10:26,64.3,83.8,51.1,151.3,205.5,75.66,103.55,9.62,31
10/12/2024 11:26,58.8,85.55,51.85,154.6,205.2,77.8,105.4,9.51,32.9
10/12/2024 12:26,65.6,88.05,53.35,159.2,208.15,81.03,107.41,9.5,33.52
10/12/2024 13:26,62.6,91.3,55.75,166.6,212.25,82.6,105.82,8.68,33.72
10/12/2024 14:26,63.05,93.9,54.95,164.9,212.8,85.32,107.28,8.57,32.87
10/12/2024 15:26,66.1,89.85,57.65,158.7,213.65,82.16,55.43,8.66,32.63
10/12/2024 16:26,60.45,87.5,62.05,155.9,213.6,77.1,29.4,8.21,32.51
10/12/2024 17:26,66.75,86.1,60.7,152.8,199.9,79.1,23.03,8.66,31.92
10/12/2024 18:26,58.1,89.05,61.1,151.1,191.7,80.31,22.74,11.56,38.61
10/12/2024 19:26,63.45,90.05,53.55,153.2,193.4,81.17,23.1,13.19,44.38
10/12/2024 20:26,64.2,87.65,52.15,151.7,189.65,79.09,16.6,13.2,44.31
10/12/2024 21:26,59.05,85.85,51.25,152,187.65,81.37,9.86,13.19,44.69
10/12/2024 22:26,57.65,83.65,50.5,147.9,183.95,78.5,9.81,13.11,43.66
10/12/2024 23:26,46.3,83.05,50.4,147.8,180.1,75.07,9.72,13.14,43.2
10/13/2024 0:26,27.9,79.5,49.2,145.7,179.3,76.79,9.74,12.98,42.72
10/13/2024 1:26,25.9,79.5,49.55,145.3,171.05,72.44,9.82,13.34,43.14
10/13/2024 2:26,27.85,79.1,48.55,146,178.55,75.15,9.8,13.21,42.44
10/13/2024 3:26,28.1,78.5,49.15,144.5,179.85,74.12,9.85,13.04,42.78
10/13/2024 4:26,27.75,78.4,49.15,144.9,177.4,74.06,9.88,12.93,43.36
10/13/2024 5:26,27.8,78.2,48.25,144.1,178.7,74.43,9.83,13.02,42.61
10/13/2024 6:26,27.65,77.8,48.8,144.9,177.4,75.52,9.66,12.3,41.23
10/13/2024 7:26,24.65,71.6,45.7,140,171.65,73.41,16.85,8.24,29.58
10/13/2024 8:26,23.8,71.85,45.65,139.4,177.5,76.24,35.99,7.6,27.9
10/13/2024 9:26,25.15,74.75,47.65,149.4,188.3,78,37.56,8.07,29.8
10/13/2024 10:26,28.9,77.15,50.75,148.2,194.05,82.34,37.57,8.45,32.6
10/13/2024 11:26,34.1,79.6,53.75,152.4,202.4,83.5,38.66,8.48,31.36
10/13/2024 12:26,32.3,82.1,52.7,155.6,203.65,81.94,37.09,8.27,30.28
10/13/2024 13:26,30.05,85.2,57.95,157.2,210.5,83.74,31.69,9.14,30.25
10/13/2024 14:26,29.25,82.95,55.9,153.8,205.35,82.6,33.79,7.76,30.32
10/13/2024 15:26,28.15,78.85,53,148.3,201,82.46,31.48,8.2,29.62
10/13/2024 16:26,25.15,81.4,48.05,150.1,197.95,82.68,31.64,8.76,29.82
10/13/2024 17:26,22.95,85.25,47.7,148.4,190.25,77.57,30.28,8.46,31.04
10/13/2024 18:26,24.7,90.2,52.85,145,190.9,78.9,30.25,11.83,37.71
10/13/2024 19:26,27.2,92.85,54.25,147.4,186.5,80.28,14.24,13.84,44.1
10/13/2024 20:26,27.75,90.8,53.55,147.2,183.75,80.1,9.96,14.11,44.22
10/13/2024 21:26,27.5,82,52.8,145.2,181.3,79.02,9.99,13.66,42.73
10/13/2024 22:26,27.2,80.55,52.1,146.9,177.4,79.1,9.91,13.52,42.16
10/13/2024 23:26,27.7,79.05,52.6,144.4,168,77,9.95,13.64,41.5
10/14/2024 0:26,26.6,78.9,52.3,143.7,162.45,70.54,9.94,13.57,41.17
10/14/2024 1:26,26.5,77.8,52.55,138.1,157.55,68.44,10.02,13.28,41.39
10/14/2024 2:26,26.4,78.5,51.9,135.4,161.9,72.43,10.02,14,41.24
10/14/2024 3:26,26.4,79.15,52.25,138.85,160.55,70.45,9.98,13.48,41.16
10/14/2024 4:26,26.4,77.95,58.1,150.9,162.7,72.74,9.99,13.58,43.06
10/14/2024 5:26,26.4,78,71.9,160.45,157.65,71.86,9.97,13.21,47.83
10/14/2024 6:26,44.5,81.95,72.8,166,155.6,70.22,10.35,14.84,50.22
10/14/2024 7:26,87.8,81.65,75.8,191.8,163.7,74.24,10.84,11.57,45.26
10/14/2024 8:26,117,107.55,96.8,219,171.35,111.87,10.7,10.09,54.78
10/14/2024 9:26,111.7,144.35,136.25,263.8,204.45,142.69,11.09,13.59,57.86
10/14/2024 10:26,114.7,177.1,164.6,300.9,229.2,142.81,10.79,14.87,60.74
10/14/2024 11:26,157.5,182.15,173.35,329.45,243.55,132.9,10.54,15.13,57.36
10/14/2024 12:26,142,192.7,188.2,336.6,247.4,126.83,11.26,12.56,57.19
10/14/2024 13:26,114,192.75,187.05,339.1,261.6,140.16,10.48,11.74,52.71
10/14/2024 14:26,118.4,193.85,178.5,332.95,259.5,150.53,9.55,10.11,49.71
10/14/2024 15:26,142.8,183.45,160.5,310.35,250.05,147.57,8.83,10.8,46.53
10/14/2024 16:26,137.2,169.9,147.3,285.25,250.4,138.39,8.8,15.73,47.12
10/14/2024 17:26,87.3,144,138.8,244.2,217.5,119.55,8.87,14.1,46.47
10/14/2024 18:26,69,126.55,112.65,215,198.15,110.41,9.18,14.51,47.53
10/14/2024 19:26,61.7,104.7,95.7,174.9,194.7,99.38,10.02,17.24,47.64
10/14/2024 20:26,48.8,90.9,88.45,155.8,189.85,89.48,9.94,14.95,46.7
10/14/2024 21:26,32.8,86.25,79.2,156,188.7,79.02,9.94,14.22,44.32
10/14/2024 22:26,32.7,84.05,79.45,146.85,184.55,71.82,9.98,13.88,43.44
10/14/2024 23:26,31.9,81.5,77.45,140.85,180.85,75.13,9.96,13.68,42.98
10/15/2024 0:26,30.7,80.35,70.25,145,178.3,75.01,9.9,13.58,42.22
10/15/2024 1:26,30.55,81.2,68,138.65,179.45,72.24,9.91,14.4,41.83
10/15/2024 2:26,30.15,79.2,68.65,139.95,179.1,75.28,10,13.76,41.94
10/15/2024 3:26,29.8,77.9,69.4,143.75,173.65,72.26,9.94,13.8,41.96
10/15/2024 4:26,29.9,77.7,74.2,145.15,174.05,75.04,9.86,13.68,43.07
10/15/2024 5:26,29.8,76.4,84.9,154.55,176.25,71.21,9.86,13.41,47.34
10/15/2024 6:26,44.6,81.1,85.95,171.8,175.65,80.76,10.12,14.02,50.22
10/15/2024 7:26,134,81.9,89.6,187.7,170.7,92.26,10.94,11.52,44.6
10/15/2024 8:26,118.1,105,111.9,225.85,187.9,100.62,11.17,12.34,52.08
10/15/2024 9:26,137.6,147.45,149.3,281.95,210.2,107.18,10.22,15.54,60.55
10/15/2024 10:26,114.1,174,158.1,308.15,229.25,132.72,9.88,17.12,63.98
10/15/2024 11:26,136.2,189.25,187.45,337.3,247.95,125.54,14.54,14.01,66.68
10/15/2024 12:26,156.95,195.15,184.25,350,250,125.9,15.99,13.8,61.24
10/15/2024 13:26,124.55,199.55,187.6,354.95,247.15,136.83,14.85,14.76,59.18
10/15/2024 14:26,124.1,188.8,198.75,344.8,243.8,139,13.3,16.29,57.1
10/15/2024 15:26,135.5,181.55,158.8,316.55,241.05,138.68,12.05,14.22,51.87
10/15/2024 16:26,123.2,174.35,132.2,291.3,239.7,137.86,11.16,14.36,48.22
10/15/2024 17:26,115,162.65,118.55,263.9,233.05,132.32,11.6,13.58,51.06
10/15/2024 18:26,76.25,138.4,94,226.3,209.9,116.94,11.46,14.72,52.94
10/15/2024 19:26,67.2,113.7,79.45,183.35,198.5,108.78,12.02,15.42,51.8
10/15/2024 20:26,48,90.25,64.05,161.6,190.5,85.58,10.52,14.08,49
10/15/2024 21:26,43.7,82.4,59.7,153.6,180.9,74.62,7.9,14.14,46.87
10/15/2024 22:26,40.1,80.15,57.8,150.5,185.8,70.88,7.82,13.68,45.67
10/15/2024 23:26,39.65,78,58.4,152.65,183.05,70.84,7.88,14.13,42.68
10/16/2024 0:26,40.35,75.47,55.5,150.95,181.65,68.59,7.97,14.28,41.82
10/16/2024 1:26,33,75.35,54.2,146.55,181.25,68.32,7.88,14.2,41.94
10/16/2024 2:26,33.45,74.5,54.7,147.15,169.45,72.76,7.9,14.05,42.12
10/16/2024 3:26,32.85,74.8,54.4,148.5,170.1,73.8,7.82,13.9,42.16
10/16/2024 4:26,33,74.75,57.55,147.4,184.65,71.66,7.84,13.84,43.42
10/16/2024 5:26,33,73.5,74,161.45,180,71.88,7.85,13.62,48.55
10/16/2024 6:26,40.15,77.7,71.05,171.3,179.5,70.81,8.26,13.74,48.56
10/16/2024 7:26,118.6,80.1,75.65,193.25,178.1,71.25,10.51,11.88,48
10/16/2024 8:26,121.7,97.7,98.1,231.7,192.5,101.25,11.65,10.7,67.44
10/16/2024 9:26,131.15,125.15,141.2,280.35,217.05,127.55,15.53,13.26,76.44
10/16/2024 10:26,131.55,160.7,170.7,305.7,239.35,144.57,14.06,14.11,79.72
10/16/2024 11:26,150.2,183.4,184,330.8,256.1,128.82,14.03,13.46,73.41
10/16/2024 12:26,162.55,191.6,189.5,356.55,257.25,145.38,14.88,13.92,58.62
10/16/2024 13:26,186.9,177.65,185.05,348.7,254.25,147.79,14.6,13.27,59.96
10/16/2024 14:26,155.35,195.85,180.8,335.95,253.9,149.67,14.06,12.87,59.82
10/16/2024 15:26,157.5,173,174.6,311.2,246.2,145.13,13.78,18.13,54.52
10/16/2024 16:26,109.25,161.95,145,281.25,246.5,150.55,13.74,14.58,50.02
10/16/2024 17:26,96.55,137.9,120.4,245.2,223.2,138.12,14.1,10.57,51.51
10/16/2024 18:26,83.65,130.35,96.55,216.75,193.85,114.46,13.44,12.2,52.82
10/16/2024 19:26,83.1,118.95,79.3,185.75,194.4,99.65,13.66,15.88,54.12
10/16/2024 20:26,78.95,106.55,72.2,159.5,192.8,84.8,13.98,15,48.81
10/16/2024 21:26,66.85,98.05,70.1,154.5,188.35,77.35,10.68,14.62,47.66
10/16/2024 22:26,64.25,96.75,67.25,157.5,182.7,76.93,7.99,14.08,47.32
10/16/2024 23:26,50.1,93.65,67,151,176.95,79.12,7.98,13.52,46.38
10/17/2024 0:26,43.73,91.87,68.33,149.7,173.33,74.54,7.91,13.56,45.78
10/17/2024 1:26,42.63,89.7,66.33,156.07,165.3,73.5,8,13.68,46.01
10/17/2024 2:26,39,89.65,63.55,148.1,171.85,73.13,7.96,13.68,45.21
10/17/2024 3:26,35.35,89.1,63.8,145.85,171.25,67.86,7.96,13.58,45.53
10/17/2024 4:26,34.7,88.45,66.35,151.45,172.25,67.17,7.88,13.47,46.72
10/17/2024 5:26,34.75,88,77.05,166.55,170.75,67,7.86,13.59,48.52
10/17/2024 6:26,43.85,88.3,75.1,169.05,169.5,65.75,7.94,13.52,54.31
10/17/2024 7:26,109.75,92.95,83.5,195.45,170.15,70.07,9.32,11.93,52.28
10/17/2024 8:26,127.45,107.3,99.8,232.4,182.4,100.74,9.82,10.06,54.4
10/17/2024 9:26,153.8,132.3,144.9,273.35,208.05,127.43,10.3,12.46,61.28
10/17/2024 10:26,146.4,166.45,162.1,310.25,232.1,123.98,12.14,14.42,60.88
10/17/2024 11:26,125.9,186.8,175.85,325.8,239.65,132.58,15.25,13.16,57.36
10/17/2024 12:26,125.3,184.35,196.7,333.6,238.1,123.04,13.93,12.85,56.12
10/17/2024 13:26,127.1,171.85,199.9,337.4,237.95,125.65,12.75,12.6,56.05
10/17/2024 14:26,137.85,173.35,186.7,329.25,229.5,127.39,11.94,11.1,55.3
10/17/2024 15:26,151.25,176.2,162.45,308.9,212.45,124.21,11.64,10.26,47.66
10/17/2024 16:26,103.3,156.65,130.05,287.35,202.8,121.09,12.08,9.38,43.13
10/17/2024 17:26,85.15,120,101,244.35,182.45,102.47,11.96,9.86,41.32
10/17/2024 18:26,88.2,104.75,85.3,219.55,177.6,92.5,11.9,11.57,45.94
10/17/2024 19:26,99.05,96.2,71.65,191.65,180.2,76.34,11.6,14.58,52.32
10/17/2024 20:26,85.2,86.55,66.55,162.45,175.55,69.76,10.88,14.18,46.9
10/17/2024 21:26,67.65,81.45,63.25,158.1,174.65,66.75,9.75,14.1,44.28
10/17/2024 22:26,64.1,78.65,61.4,155.25,169.6,68.3,9.71,13.95,44.12
10/17/2024 23:26,49.25,77.1,61.75,149.15,168.3,66.16,9.79,13.9,44.16
10/18/2024 0:26,41.2,77.37,59.53,148.68,179.4,64.95,9.76,13.61,44.37
10/18/2024 1:26,36.9,75.7,59.1,151.4,164.4,64.65,9.7,13.64,43.21
10/18/2024 2:26,36.6,74.3,57.9,144.8,162.2,67.01,9.71,13.54,42.58
10/18/2024 3:26,35,72.7,57.7,147.4,158.8,65.6,9.62,13.51,41.73
10/18/2024 4:26,34.9,72.2,57.5,144.7,156.5,62.17,9.58,13.35,43.46
10/18/2024 5:26,35.2,72.6,71.2,157.2,160.5,63.34,9.56,13.25,43.49
10/18/2024 6:26,35.9,71.3,67.6,165,159.1,61.59,9.48,13.46,50.51
10/18/2024 7:26,109,78.1,69.8,182.4,156.5,58.15,10.25,12.38,50.41
10/18/2024 8:26,122.6,84.7,71,207.3,165.8,79.96,11.13,9.13,55.4
10/18/2024 9:26,126.7,107.8,99.8,255.9,177.9,109.75,11.27,10.82,57.01
10/18/2024 10:26,124.5,126.1,119.8,289.3,189.8,119.17,11.29,13.66,57.74
10/18/2024 11:26,132.8,150.5,127.4,317.4,191.9,118.38,11.26,13.14,52.74
10/18/2024 12:26,123.2,163.3,134.3,310.8,194.6,120.91,11.33,11.05,50.15
10/18/2024 13:26,150.7,163.3,125.3,301.5,196.1,116.35,11.31,10.9,48.05
10/18/2024 14:26,109.3,156.4,118.9,285,199.9,110.2,11.54,10.85,46.54
10/18/2024 15:26,98.1,139.1,100.7,260.6,192.1,109.82,10.99,9.54,39.04
10/18/2024 16:26,98.3,134.4,88.4,248.9,180.8,106.4,10.87,8.72,35.89
10/18/2024 17:26,108.1,119.5,85.5,237.8,162.3,95.87,11.28,9.09,40.49
10/18/2024 18:26,95.6,108.5,76.7,215.6,155.9,77.95,11.57,9.62,39.42
10/18/2024 19:26,95.8,92.3,72.3,185.7,158.1,72.11,11.69,15.21,46.63
10/18/2024 20:26,74,82.2,68.1,154.5,155.1,71.84,11.37,14.51,45.09
10/18/2024 21:26,53.3,79.5,63,150.8,155.2,72.12,9.85,13.94,43.6
10/18/2024 22:26,52.7,76.5,61,150.1,154.7,67.2,9.72,14.04,42.68
10/18/2024 23:26,52.3,70.5,61.6,148.1,152.1,63.4,9.72,13.82,42.6
10/19/2024 0:00,83.85,69.6,59.2,152.6,144,63.42,9.6,13.98,42.98
10/19/2024 1:00,68.3,69.3,58.4,151.4,149.5,61.81,9.68,13.93,42.2
10/19/2024 2:00,59.2,67.7,60.1,144.8,149.7,60.95,9.65,13.8,42.58
10/19/2024 3:00,52.1,66.5,59.5,147.4,145.9,62.65,9.65,13.72,41.65
10/19/2024 4:00,52.2,68,57.6,144.7,149.1,61.86,9.6,14.11,43.79
10/19/2024 5:00,51.9,66.8,56.6,157.2,146.9,61.03,9.59,13.67,43.01
10/19/2024 6:00,51.3,65.8,55.1,165,146.4,62.53,9.52,13.59,42.71
10/19/2024 7:00,54.5,65,56.2,182.4,146.5,61.54,9.7,12.29,38.66
10/19/2024 8:00,49.7,59.1,50.9,207.3,142.8,58.98,11.72,8.04,27.69
10/19/2024 9:00,45.8,61.2,51.2,255.9,146.6,59.68,10.73,7.06,27.27
10/19/2024 10:00,46.3,63.5,55,289.3,146.3,60.27,10.33,6.99,29.22
10/19/2024 11:00,44.3,65.6,55.8,317.4,145.5,60.31,19.07,7.19,29.9
10/19/2024 12:00,42.2,65.5,53.5,310.8,147.2,60.67,19.47,7.1,30.41
10/19/2024 13:00,44.4,66.7,51.1,301.5,149.1,60.51,14.72,7.09,29.59
10/19/2024 14:00,43.2,68.9,50.2,285,147.9,60.92,10.34,7.42,29.03
10/19/2024 15:00,41.8,65.7,48.4,260.6,148.5,62.3,10.28,7.48,28.62
10/19/2024 16:00,42,63.7,46.7,248.9,151.1,66.45,10.59,8.18,27.22
10/19/2024 17:00,41.2,61.9,48.9,237.8,148.5,69.36,10.68,7.56,27.27
10/19/2024 18:00,43.6,63.5,48.9,215.6,145.4,64.51,10.14,8.42,29.48
10/19/2024 19:00,45.3,69,53.2,185.7,148.8,67,9.6,13.72,41.77
10/19/2024 20:00,44.2,68.3,53.5,154.5,148.6,63.92,9.42,13.93,41.84
10/19/2024 21:00,43.9,68.2,53.3,150.8,149.2,61.31,13.5,13.69,42.53
10/19/2024 22:00,44,68.4,51.7,150.1,146.9,62.17,9.87,13.93,40.34
10/19/2024 23:00,43.6,65.9,52,148.1,146.4,59.81,9.63,13.94,39.56
10/22/2024 0:08,27.95,72.95,55.25,142.3,149.35,61.59,9.58,14.04,42.64
10/22/2024 1:08,28,72,54.6,141.7,149.45,60.34,9.6,13.99,42.78
10/22/2024 2:08,27.7,71.55,55.75,139.55,146.85,63.67,9.72,13.91,42.21
10/22/2024 3:08,27.55,69,53.7,140.15,147.2,63.02,9.58,14.1,42.33
10/22/2024 4:08,27.25,69.05,54.25,138.85,143.7,66.01,9.59,14.03,43.52
10/22/2024 5:08,27.35,68.65,68.65,154.25,145.45,63.32,9.47,13.75,47.5
10/22/2024 6:08,29.05,70.7,69.95,158.05,142.55,62.48,9.55,13.85,49.99
10/22/2024 7:08,81.35,74.25,68.55,174.1,145.75,62.95,10.69,12.46,48.95
10/22/2024 8:08,99.25,90.35,84.1,212.85,156,68.23,10.36,11.34,56.58
10/22/2024 9:08,128.95,127.85,132.6,269.25,173.05,92.18,10.27,14.51,63.01
10/22/2024 10:08,113.1,153.2,143.85,283.5,184.15,109.82,10.06,15.01,66.72
10/22/2024 11:08,113.8,165.15,144.4,297.65,188.45,120.18,9.77,13.17,68.48
10/22/2024 12:08,114,168.45,150.05,290.75,190.6,110.3,9.73,12.43,64.45
10/22/2024 13:08,112.25,166.45,147.25,330.75,196.45,101.25,9.36,11.98,58.86
10/22/2024 14:08,133.7,158.6,151.5,304.45,191.4,93.69,8.32,12.93,55.33
10/22/2024 15:08,91.1,150.45,133.7,261.5,184.4,92.49,7.72,11.4,49.53
10/22/2024 16:08,117.8,145.1,112.95,245.05,178.5,99.99,7.75,12.38,45.48
10/22/2024 17:08,103.65,129.55,92.55,219.5,165.5,89.6,7.64,11.3,44.54
10/22/2024 18:08,72.25,108.85,81.15,192.45,153.6,94.38,8.04,13.9,46.9
10/22/2024 19:08,64.4,97.95,73.3,168.3,152.75,84.57,8.69,16.12,49.99
10/22/2024 20:08,41.65,85.75,63.9,141.95,155.35,78.27,8.67,14.45,45.88
10/22/2024 21:08,30.25,78.9,61.55,140.2,153.55,72.18,8.73,14.38,43.76
10/22/2024 22:08,29.8,77.8,58.45,134.75,148.8,73.54,8.79,14.34,42.99
10/22/2024 23:08,29.8,74,57.65,134.3,149.45,67.68,8.78,14.21,42.34
10/23/2024 0:08,28.53,72.6,55.4,133.27,154.6,63.11,8.74,14.02,42
10/23/2024 1:08,27.45,69.7,55.55,129.45,142.65,64.67,8.63,14.55,41.61
10/23/2024 2:08,27.35,71.3,56.1,128.65,142.6,65.46,8.62,13.81,41.18
10/23/2024 3:08,27.4,71.6,55.5,128.15,142,63.57,8.7,13.92,41.78
10/23/2024 4:08,27.35,72.2,56.1,126.9,140,59.39,8.71,13.97,43.36
10/23/2024 5:08,27.25,71.45,74,155.9,139.75,59.03,8.68,13.9,44.58
10/23/2024 6:08,33.5,69.6,73.8,154,139.75,59.02,8.66,14.12,50.28
10/23/2024 7:08,76.6,75.1,72.2,169.6,142,56.76,8.46,14.3,48.56
10/23/2024 8:08,103.05,82.55,82.8,210.2,149.9,73.08,9.8,11.8,57.35
10/23/2024 9:08,111.2,108.9,123.6,244.35,166.25,88.84,10.27,13.05,62.59
10/23/2024 10:08,102.75,130.1,137.3,267.4,183.25,104.4,10.33,14.44,70.96
10/23/2024 11:08,107.75,147.15,167.1,286.85,189,117.7,10.24,15.18,68.97
10/23/2024 12:08,121.95,156.8,175.75,300.55,197.5,121.64,9.94,12.72,59.68
10/23/2024 13:08,134.4,151.15,155.95,300.95,195.7,117.44,7.01,12.93,60.81
10/23/2024 14:08,109.05,135.25,142.6,287.15,193.45,118.22,16.32,11.46,56.9
10/23/2024 15:08,98.25,130.15,130.7,277.2,199.65,122.44,14.49,10.64,51.18
10/23/2024 16:08,85.05,119.45,122.1,253.7,188.3,112.29,14.6,9.24,49.42
10/23/2024 17:08,74.45,107.4,101.1,233,172.1,108.52,15.08,9.09,46.78
10/23/2024 18:08,68,100.8,90.25,215.8,161.4,101.43,16.12,10.2,46.88
10/23/2024 19:08,62.85,94.85,75.95,184.45,155.85,87.18,27.28,14.7,50.58
10/23/2024 20:08,54.35,83.75,65.65,151.2,150.55,80.18,28.26,14.78,47.42
10/23/2024 21:08,30.1,75.65,63.95,152.45,150.05,77.78,29.36,14.6,44.75
10/23/2024 22:08,28.35,73.75,60.9,146.5,145.55,79.1,23.84,14.11,43.69
10/23/2024 23:08,28.1,73.55,58.6,141.75,145.55,73.1,8.75,13.98,42.56
10/24/2024 0:08,27.73,71.1,58.13,141.37,145.93,76.47,8.79,14.19,42.41
10/24/2024 1:08,28.25,69.75,57.25,140.9,144.5,75.55,8.77,13.94,42.3
10/24/2024 2:08,27.7,69.95,55.6,138.7,142.3,74.31,8.75,13.88,41.9
10/24/2024 3:08,28.55,69.55,56.1,140,143.6,71.27,8.71,13.96,42.21
10/24/2024 4:08,28.05,69.2,55.8,142.6,143.35,70.17,8.77,13.82,44.1
10/24/2024 5:08,27.8,69.2,73,163.35,142.95,70.49,8.72,14.26,45.58
10/24/2024 6:08,30.45,71.95,76.45,164.75,141.85,68.78,8.69,13.82,52
10/24/2024 7:08,105.6,78.4,71.5,182.8,142.9,70.85,11.8,14.32,51.59
10/24/2024 8:08,125.45,85.4,84.2,211.3,153.9,67.37,11.78,11.59,55.52
10/24/2024 9:08,143.55,116.05,131.15,253.3,168.8,97.45,15.64,13.62,60.12
10/24/2024 10:08,133.1,137.85,156.4,280.55,180.05,99.65,18.88,16.02,60.66
10/24/2024 11:08,113.35,159.7,149.9,299.8,184.05,100.14,10.88,15.46,57.29
10/24/2024 12:08,123.85,185.8,147.85,310.55,193.45,111.89,8.74,14.4,55.7
10/24/2024 13:08,121.8,170,162.5,302.95,196.1,113.5,9.75,12.71,54.98
10/24/2024 14:08,107.7,151.1,159.4,291.25,191.25,105.5,9.46,11.55,52.58
10/24/2024 15:08,98.3,149.65,146.8,273.75,193.1,106.9,9.86,11.01,48.93
10/24/2024 16:08,118.15,142.7,133.1,255.45,181.95,104.68,10.32,9.24,43.52
10/24/2024 17:08,85,126.8,112.55,236.1,163.9,99.82,10.67,8.94,43.01
10/24/2024 18:08,75.4,118.8,84.9,209.1,151.7,94.48,11.22,10.77,46.38
10/24/2024 19:08,67,111.1,76.8,174.25,151.4,92.96,12.3,14.7,53.52
10/24/2024 20:08,54.9,101.85,69.3,149.15,149.55,84.98,13.3,13.74,47.87
10/24/2024 21:08,31.65,79.85,66.55,145.6,150.85,81.62,10.34,14,45.54
10/24/2024 22:08,29.65,77.7,64.65,143,147.6,81.35,9.5,14.51,43.24
10/24/2024 23:08,29.25,75.3,60.7,139.55,145.8,75.22,9.05,14.04,42.38
10/25/2024 0:08,30.73,72.43,62.77,137.77,140.43,72.95,8.74,13.88,42.88
10/25/2024 1:08,29.25,69.65,58.15,133.75,145.5,69.63,8.76,13.9,42.28
10/25/2024 2:08,29.4,67.65,57.5,129.8,143.8,69.95,8.74,13.78,41.68
10/25/2024 3:08,29.1,67.15,56.75,125.45,142.65,67.72,8.78,13.73,41.64
10/25/2024 4:08,28.9,67.3,56.55,126.45,142.15,67.37,8.77,13.85,42.96
10/25/2024 5:08,28.95,66.85,70.15,155.7,141.4,68.76,8.68,13.66,44.8
10/25/2024 6:08,30.55,68.05,65.45,160.3,141.95,69.71,8.7,14.17,49.32
10/25/2024 7:08,101.9,72.75,71.95,174.7,144.1,67.34,9.98,12.94,50.32
10/25/2024 8:08,104.9,76.75,76.85,196.95,153.2,67.06,10.54,11.12,53.32
10/25/2024 9:08,117.25,90.1,97.35,223.6,164.8,81.39,10.27,12.73,52.96
10/25/2024 10:08,117.5,105.65,111.05,251.6,179.55,93.2,9.82,14.54,54.54
10/25/2024 11:08,113.05,118.8,118.7,260.6,211.45,95.31,9.62,14.79,51.5
10/25/2024 12:08,109.6,129.35,118.05,265.3,203.35,98.44,9.38,12.76,48.77
10/25/2024 13:08,107.75,120.25,112.6,259.6,198.05,97.96,11.92,11.76,45.94
10/25/2024 14:08,108.1,114.6,110.85,251.95,194.95,105.21,8.82,11.12,41.92
10/25/2024 15:08,97.55,103.7,101.9,232.6,195.65,101.56,7.65,8.04,39.78
10/25/2024 16:08,87.3,95.05,81.75,219.55,181.8,91.84,7.74,7.49,39.16
10/25/2024 17:08,69.05,87.7,71.95,206,173.3,91.35,7.76,7.59,37.3
10/25/2024 18:08,62.65,83.6,65.4,193.9,163.1,80.96,7.93,9.98,38.44
10/25/2024 19:08,63.85,82.2,63.1,170.7,162.95,78.15,8.73,14.54,46.92
10/25/2024 20:08,32.65,76.05,58.75,149.7,158.3,73.46,8.75,14.19,45.36
10/25/2024 21:08,28.2,74.25,56.45,146,156.6,74.81,8.77,14.22,43.8
10/25/2024 22:08,27.6,73.4,54.5,142.5,156.95,66.64,8.84,14.18,41.7
10/25/2024 23:08,31.6,71.25,53.93,140.15,156.85,63.06,8.67,14.68,41.34
10/26/2024 0:08,67.6,70.13,53.97,132.67,147.97,64.65,8.66,14.72,41.54
10/26/2024 1:08,44.6,68.6,53.85,129.85,152.8,64.49,8.71,14,40.21
10/26/2024 2:08,44.2,68.25,53.5,130.45,149.7,66.22,8.69,14,39.69
10/26/2024 3:08,44.3,67.75,53.3,134.85,149,66.28,8.64,13.82,39.99
10/26/2024 4:08,44.45,67.45,53.8,137.8,150.75,67.3,8.64,13.86,41.44
10/26/2024 5:08,44.3,67.6,52.9,132.75,150.1,64.85,8.7,13.74,40.79
10/26/2024 6:08,43.6,67.75,52.5,126.65,151.3,64.89,8.7,14.01,40.59
10/26/2024 7:08,45.45,66.15,49.55,127.65,146.2,61.52,8.35,12.12,36.47
10/26/2024 8:08,42.05,60.3,46.75,121.35,144.7,58.72,7.73,7.96,26.81
10/26/2024 9:08,44,61.75,47.05,125.8,149.25,60.78,7.75,7.16,26.12
10/26/2024 10:08,46.35,62.7,47.75,134.15,154.3,64.9,7.7,7.1,26.97
10/26/2024 11:08,42.6,62.3,48.85,135.95,155.8,67.63,7.78,7.04,29.82
10/26/2024 12:08,44.8,62.7,49.55,136.1,157.55,64.66,7.66,7.26,31.45
10/26/2024 13:08,45.6,64.65,50.5,138.75,160.9,68.24,7.74,7.36,31.88
10/26/2024 14:08,45,69.6,50.5,138.15,161.75,66.88,7.74,7.28,30.48
10/26/2024 15:08,42.9,69.2,49.45,143.7,168.65,69.5,7.74,7.33,30.54
10/26/2024 16:08,43.6,65.8,49.35,141,167.1,67.86,7.73,7.42,30.24
10/26/2024 17:08,43.3,63.9,51.25,137.45,149.65,68.11,7.66,7.71,30.1
10/26/2024 18:08,46.25,67.7,55.3,136.85,144.1,67.25,8.04,10.12,33.07
10/26/2024 19:08,46.85,70,55.1,140,146.8,67.99,8.73,14.04,41.72
10/26/2024 20:08,44.35,69.9,54.95,134.6,144.2,63.3,8.73,14.24,41.84
10/26/2024 21:08,44.45,69.85,54.15,130.85,143.1,63.71,8.73,14.12,42.06
10/26/2024 22:08,45.45,70.15,53.7,137.15,144.45,63.47,8.8,14.12,41.3
10/26/2024 23:08,44.25,68.8,55,138.7,143,66.81,8.7,14.24,40.76
10/27/2024 0:08,32.4,67.77,54.15,137.5,139.53,62.85,8.82,14.13,39.99
10/27/2024 1:08,27.5,66.8,52.75,132.1,140.05,63.35,8.75,14.58,40.18
10/27/2024 2:08,27.35,66.35,53.15,131.7,140.4,66.44,8.74,14.12,39.92
10/27/2024 3:08,26.52,66.42,52.98,130.9,146.3,64.95,8.72,14.17,40.1
10/27/2024 3:08,26.52,66.42,52.98,130.9,146.3,64.95,8.72,14.17,40.1
10/27/2024 4:08,27.1,66.45,52,131.4,139.05,65.1,8.77,14.05,40.58
10/27/2024 5:08,25.8,65.25,51.05,135.8,139.4,64.28,8.69,13.98,40.45
10/27/2024 6:08,25.1,61.05,50.75,134.05,138,61.56,8.49,12.32,37.08
10/27/2024 7:08,22.5,58.55,44.85,124.7,133.35,58.76,7.76,8.02,26.03
10/27/2024 8:08,22.7,59.45,43.7,125.9,134.6,58.38,7.68,8.04,26.12
10/27/2024 9:08,23,59,44.85,128.05,138,60.2,7.61,7.44,26.78
10/27/2024 10:08,23.5,59.3,45.8,129.85,140.65,63.6,7.76,7.02,26.96
10/27/2024 11:08,23.5,60,47.15,136,142.6,68.41,7.7,7.06,26.77
10/27/2024 12:08,23.25,61.9,47.3,142.8,145.35,68.62,7.78,7.28,27.04
10/27/2024 13:08,23.25,61.65,46.95,145,150.5,72.04,7.76,7.62,27.4
10/27/2024 14:08,22.95,61.6,47,140.1,150.7,72.88,7.65,8.2,27.73
10/27/2024 15:08,22.85,61.35,45.55,135.35,146.95,71.69,7.78,8.02,27.7
10/27/2024 16:08,22.35,62.1,45.95,129.7,145.55,71.11,7.7,8.09,27.78
10/27/2024 17:08,23.45,66.25,49.1,131.9,140.05,69.66,8.02,10.58,32.26
10/27/2024 18:08,27.55,68.8,53.55,136.55,142.7,70.35,8.72,14.9,42.32
10/27/2024 19:08,27.45,69.7,55.15,137.95,141.1,65.89,8.77,14.63,42.76
10/27/2024 20:08,27.55,70.15,54.4,133.95,143.6,63.06,8.8,14.19,41.86
10/27/2024 21:08,27.7,69.65,52.2,132.5,142.25,62.88,8.78,14.04,40.39
10/27/2024 22:08,27.45,69.15,51.5,133,140.4,61.58,8.76,13.97,40.37
10/27/2024 23:08,27.1,68.95,51.4,131.1,149.03,60.89,8.85,14.19,40.06
10/28/2024 0:08,27.8,66.8,51.75,131.15,140.05,62.5,8.72,14.1,39.94
10/28/2024 1:08,27.35,67.05,52.9,137.25,141.3,63.5,8.75,13.97,39.89
10/28/2024 2:08,27.3,67.05,51.65,135.85,139.1,66.84,8.78,14.04,39.97
10/28/2024 3:08,27.55,66.75,51.1,130.35,140.15,65.38,8.7,14.18,41.59
10/28/2024 4:08,27.1,67,50.8,131.2,140.6,66.59,8.84,14.08,40.6
10/28/2024 5:08,26.75,65.7,50,164.15,141.65,66.47,8.78,13.94,40.5
10/28/2024 6:08,30.3,65.2,48.95,160.05,136.55,64.61,8.48,12.4,37.03
10/28/2024 7:08,73.25,60.55,43.5,161.8,131.85,61.23,7.71,8.25,26.21
10/28/2024 8:08,63.7,60.05,42.25,157.6,135.1,62.62,7.69,7.14,25.88
10/28/2024 9:08,50.15,58.65,42,157.55,136.4,65.56,7.68,7.45,25.92
10/28/2024 10:08,43.75,58.1,42.85,163.35,139.05,66.62,7.73,7.22,26.98
10/28/2024 11:08,41.95,59.55,45.1,162.85,140.65,68.82,7.61,7.28,27.06
10/28/2024 12:08,44,59.5,47.7,160.9,143.3,69.38,7.74,7.29,26.94
10/28/2024 13:08,44.25,61.5,49.25,160.95,144.35,70.46,7.7,7.64,27.14
10/28/2024 14:08,43.5,60.3,49.8,162.95,146.1,68.21,7.76,7.46,27.36
10/28/2024 15:08,42,61.85,48.5,157.2,147,68.44,7.78,7.76,27.43
10/28/2024 16:08,43.95,61.7,47.5,156.6,144.95,70.17,7.62,7.52,28.52
10/28/2024 17:08,43.15,65.15,48.7,158.3,142.8,66.09,8.1,10.55,34.15
10/28/2024 18:08,47.5,70.15,52,166.45,143.55,67.74,8.77,14.68,43.86
10/28/2024 19:08,44.7,70.55,53.65,152,143.4,67.71,8.83,14.24,44.62
10/28/2024 20:08,44.6,70.95,53.3,132,141.65,66.62,8.8,14.44,42.41
10/28/2024 21:08,28.25,70.7,51.55,131.7,142.5,68.41,8.81,14.09,41.14
10/28/2024 22:08,26.9,68.6,50.85,131.15,141.65,65.55,8.74,13.74,40.28
10/28/2024 23:08,26.6,68.73,51.95,131.7,139.43,65.97,8.77,13.85,40.31
10/29/2024 0:08,27.3,66.45,52.7,130.5,139.95,65.6,8.72,13.96,40.33
10/29/2024 1:08,27.4,67.05,51.85,130.7,139.5,65.37,8.75,14.02,39.97
10/29/2024 2:08,27.3,66.35,50.65,134.95,139.9,63.71,8.72,13.94,39.57
10/29/2024 3:08,27.5,66.6,50.85,135.95,138.7,65.39,8.73,13.9,41.7
10/29/2024 4:08,27.55,65.6,49.85,130.7,139.4,64.99,8.74,13.8,40.74
10/29/2024 5:08,26.75,64.9,66.8,158.95,139.35,64.88,8.59,14.09,43.86
10/29/2024 6:08,28.45,64.65,59.8,165.4,136.75,63.02,8.54,12.54,46.8
10/29/2024 7:08,81.25,67.75,54.05,174.5,136.65,62.29,8.58,8.98,37.98
10/29/2024 8:08,100.95,86.25,65.3,213.45,152.9,77.28,8.94,9.91,63.57
10/29/2024 9:08,99.15,125.25,107.6,245.65,168.45,88.66,9.43,12.48,73.06
10/29/2024 10:08,119.9,149,127.55,278.05,179.9,96.38,10.17,14.52,71.96
10/29/2024 11:08,143.5,160.25,139,290.3,191.15,133.31,10.34,13.97,66.66
10/29/2024 12:08,150.25,154.25,151.05,291.05,202.85,136.12,9.04,14,63.23
10/29/2024 13:08,129.4,150.65,143.7,290.5,203.45,122.18,8.74,13.58,58.48
10/29/2024 14:08,112.95,148.2,140.3,301.55,195.2,113.2,8.64,12.44,56.3
10/29/2024 15:08,92.3,144.3,124.65,268.8,187.85,108.58,7.78,11.92,48.64
10/29/2024 16:08,105.95,137,116.65,249.75,180.25,98.23,7.73,11.7,45.58
10/29/2024 17:08,106.35,127.95,104.35,218.4,160.6,95.18,8.09,12.9,51.25
10/29/2024 18:08,74.15,114.7,95.35,196.45,155.2,85.74,8.77,16.83,59.08
10/29/2024 19:08,67.55,96.75,76.1,168.8,150.8,79.69,8.84,16.58,54.42
10/29/2024 20:08,43.3,87.1,65.5,152.65,148.1,71.1,8.87,16.34,46.6
10/29/2024 21:08,35.65,75.45,60,148.35,147.75,63.09,8.8,15.27,43.76
10/29/2024 22:08,28.45,71.8,57.4,145.6,148.05,61.77,8.78,15.27,42.88
10/29/2024 23:08,27.47,69.57,57.73,144.3,141.93,60.4,8.84,14.9,41.48
10/30/2024 0:08,26.9,68.05,54.55,141.15,141.75,59.84,8.77,14.96,41.32
10/30/2024 1:08,26.45,68.05,53.45,138,139.55,59.06,8.75,15.11,41.43
10/30/2024 2:08,26.7,68.55,53.25,140.5,143.55,59.03,8.71,15.02,41.12
10/30/2024 3:08,26.1,68,53.55,139.6,142.4,61.46,8.8,15.15,43.06
10/30/2024 4:08,26.55,67.1,54.05,138.9,140.75,63.16,8.82,14.9,42.28
10/30/2024 5:08,25.65,65.7,69.05,169.1,139.35,63.72,8.73,15.04,45.59
10/30/2024 6:08,29,66.6,65.5,174.8,139.25,62.04,8.59,13.98,47.4
10/30/2024 7:08,92.2,70.9,66.8,180.45,139.3,59.6,9.06,9.21,40.02
10/30/2024 8:08,117.55,85.7,74,215.1,153.3,69.68,9.57,11.46,49.04
10/30/2024 9:08,112.7,115.5,112.95,260.85,173,85.96,9.72,12.92,57.74
10/30/2024 10:08,128.55,138.4,131.4,288.8,189.8,118.26,9.44,14.05,63.2
10/30/2024 11:08,147.05,142.5,153.6,300.9,202.65,119.66,9.57,14.58,62.9
10/30/2024 12:08,143.6,143.65,150.25,309.65,208.55,119.84,9.78,13.79,60.61
10/30/2024 13:08,125.05,143.75,139.75,309.45,193.6,117.1,9.44,13.59,57.5
10/30/2024 14:08,114.6,134.4,139.9,298.45,203.65,117.34,9.24,12.98,59.74
10/30/2024 15:08,106.45,129,140.6,276.45,188.05,115.38,8.09,11.6,51.9
10/30/2024 16:08,88.9,120.35,120.8,260.2,178.8,113,7.7,11.18,46.11
10/30/2024 17:08,81.5,112.2,104.1,241.05,164.6,114.68,8.1,13.79,50.34
10/30/2024 18:08,74.55,109.2,86.8,228.95,160.6,106.52,8.72,16.91,56.15
10/30/2024 19:08,65.35,96.8,71.2,185.3,157.1,90.26,8.72,16.17,49.94
10/30/2024 20:08,58.2,85.6,63.85,152.95,155.35,86.44,8.8,16.55,45.41
10/30/2024 21:08,33.2,77.4,60.2,143.05,154.1,81.94,8.77,16.13,43.13
10/30/2024 22:08,26.25,74.4,59.5,141.33,153.45,80.86,8.84,15.48,43.03
10/30/2024 23:08,28,72.47,59.33,138.2,149.43,82.79,8.78,15.2,43.41
10/31/2024 0:08,25.5,70.8,59.25,136.15,149,78.57,8.74,15.26,42.22
10/31/2024 1:08,25.75,70.55,58.05,133.4,148.2,78.78,8.77,15.24,42.21
10/31/2024 2:08,25.6,69,54.6,132.95,147.4,79.96,8.68,15.33,41.84
10/31/2024 3:08,25.75,70.8,54.45,133.75,146.25,81.16,8.74,15,43.12
10/31/2024 4:08,25.15,67.1,53.25,141.35,145,77.4,8.68,15.03,41.92
10/31/2024 5:08,24.5,66.8,69.25,159.55,144.2,75.04,8.62,14.94,44.69
10/31/2024 6:08,28.45,68.05,63.3,165.9,143.55,72.74,8.61,14.14,48.1
10/31/2024 7:08,97.85,70.45,58.2,189.4,143.8,73.6,9.13,10.19,39.46
10/31/2024 8:08,129.3,82.2,69.65,237.55,155.9,78.84,9.36,10.64,55.58
10/31/2024 9:08,129.45,110.85,109.9,272.6,173.55,84.9,9.47,13,67.85
10/31/2024 10:08,120.75,137.8,137.2,300.3,186.15,97.96,9.32,14.85,72.7
10/31/2024 11:08,134.35,162.6,149.75,312,191.55,101.08,9.23,13.96,65.61
10/31/2024 12:08,117.1,185.75,156.05,320.55,201.8,103.98,9.22,12.94,63.1
10/31/2024 13:08,113,168.3,155.35,315.15,200.05,102.62,9.2,12.33,61.56
10/31/2024 14:08,117.15,160.15,151.15,281.6,193.2,99.62,8.43,11.28,62.64
10/31/2024 15:08,96.05,139.05,141.6,262.4,186.55,97.63,7.72,10.8,51.3
10/31/2024 16:08,85.45,117.35,129.25,245.35,177.8,95.39,7.72,10.03,43.7
10/31/2024 17:08,78.15,111.35,112.4,229.8,157.2,87.26,8.08,13.54,52.91
10/31/2024 18:08,73.85,108.65,93.2,199.95,155.05,76.18,8.67,17.62,58.83
10/31/2024 19:08,64.3,95.55,75.55,162.7,152.75,76.14,8.79,16.02,54.44
10/31/2024 20:08,56,84.5,68.5,148.6,152.2,69.64,8.81,15.53,48.06
10/31/2024 21:08,27.6,77.5,63,145.3,152.55,66.84,8.72,15.24,44.94
10/31/2024 22:08,26.35,75.05,61.25,146.2,153.15,63.6,8.82,15.36,44.52
10/31/2024 23:08,25.07,74.13,62.87,141.25,146.9,58.8,8.8,15.04,44.59
11/1/2024 0:08,25.65,71.45,62.4,139.5,147.6,59.84,8.73,15.01,43.9
11/1/2024 1:08,25.55,69.65,59.3,134.65,145,58.68,8.64,14.98,43.81
11/1/2024 2:08,25.75,70.25,59.2,131.15,146.45,60.26,8.65,14.96,43.44
11/1/2024 3:08,26.2,68.55,59.8,130.15,145.95,60.28,8.76,14.88,45.14
11/1/2024 4:08,25.5,67.45,58.85,133.75,143.9,59.64,8.67,14.84,44.06
11/1/2024 5:08,25.3,67.1,73.7,154.1,144.25,63.63,8.68,15.22,46.2
11/1/2024 6:08,25.5,68,72.4,157.05,143.1,62.24,8.72,13.74,50.41
11/1/2024 7:08,92.8,70.45,70.05,160.55,144.1,61.44,9.25,9.46,41.52
11/1/2024 8:08,99.5,82,73.45,200.35,157.6,68.62,9.43,9.72,52.81
11/1/2024 9:08,100.75,102.35,104.9,243.2,176.35,96.35,17.24,11.64,57.79
11/1/2024 10:08,110,124.35,129.8,271.95,223.1,105.04,27.29,11.74,65.47
11/1/2024 11:08,118.9,135.45,147.2,291.4,208.05,111.06,26.76,11.47,62.48
11/1/2024 12:08,118.8,138.1,148.35,302.65,210.85,110.65,9.56,11.64,53.06
11/1/2024 13:08,141.8,128.15,140.6,304.2,215.3,99.42,9.5,11.61,51.11
11/1/2024 14:08,104.55,124.4,132,275.95,207,103.08,18.95,11.24,48.92
11/1/2024 15:08,90.3,117.6,111.15,254.7,199.3,96.66,12.84,9.38,44.43
11/1/2024 16:08,108.2,110.65,100.25,233.7,184.2,90,7.46,8.59,38.35
11/1/2024 17:08,87.6,101.1,85.6,209.95,168.9,92.06,7.83,12.31,43.03
11/1/2024 18:08,74,96.7,77.35,194.3,165.7,95.16,8.39,15.8,48.37
11/1/2024 19:08,75.1,84.55,71.85,160.35,161.85,86.22,8.39,15.68,45.63
11/1/2024 20:08,52.1,77.9,65.75,139.9,158.65,79.31,8.48,15.34,44.1
11/1/2024 21:08,42.2,72.5,61.45,132.05,159,71.74,8.49,14.88,41.76
11/1/2024 22:08,27.7,69.13,57.05,130.25,157.4,68.56,8.41,14.83,41.02
11/1/2024 23:08,30.9,69.23,57.23,126.37,157.8,64.76,8.42,14.72,41.37
11/2/2024 0:08,80.75,66.1,58,126.7,149.8,62.26,8.43,15.14,40.56
11/2/2024 1:08,44.8,65.9,56.35,126.2,151.75,62.89,8.48,15.02,41.12
11/2/2024 2:08,44.65,66.2,56.2,126.2,149.8,62.04,8.52,15.04,40.78
11/2/2024 3:08,44.85,65.4,55.7,125.9,147.3,61.44,8.54,15.02,42.41
11/2/2024 4:08,44.75,64.35,54.7,124.25,147,61.93,8.45,15.24,41.42
11/2/2024 5:08,44.25,63.85,54.6,123.85,143.5,61.85,8.47,15.06,41.24
11/2/2024 6:08,42.85,59.85,53.65,121.6,145.45,63.56,8.28,13.52,38.61
11/2/2024 7:08,43.1,56.25,47.75,116.7,139.3,60.85,7.47,8.61,26.44
11/2/2024 8:08,45.5,56.8,47.95,118.7,145.55,62.58,7.41,7.94,26.18
11/2/2024 9:08,46.55,59.15,48.45,123.8,147,65.22,7.4,8.1,26.6
11/2/2024 10:08,60.1,61,49.65,131.15,154,65.68,7.44,8,27.5
11/2/2024 11:08,57.65,61.5,49.7,136.9,159.3,69.2,7.46,8.23,28.84
11/2/2024 12:08,57.75,62,52.7,144.55,162.55,66.32,7.41,8.12,30.39
11/2/2024 13:08,58.7,63.3,56.15,143.2,161.05,71.68,7.44,8.66,32.2
11/2/2024 14:08,59.2,62,54.25,137.25,163.05,71.12,7.44,8.16,32.87
11/2/2024 15:08,51.5,61.4,52.5,136.45,158.65,72.24,7.36,8.32,31.29
11/2/2024 16:08,52.95,61.85,51.45,129.55,158,67.1,7.5,8.3,29.74
11/2/2024 17:08,53.1,66.25,56.35,136.9,154.05,67.86,7.84,11.64,36.06
11/2/2024 18:08,62.9,69.8,60.65,142.15,154.6,67.79,8.44,15.07,45.08
11/2/2024 19:08,59.4,70.05,58.7,141.35,153.75,68.03,8.5,15.34,43.07
11/2/2024 20:08,54.5,68.6,58.7,141.7,150.65,67.14,8.46,15.14,42.22
11/2/2024 21:08,48.65,67.65,56.1,139.5,146.35,65.54,8.49,14.86,42.32
11/2/2024 22:08,44.9,66.05,56.85,141.9,148.7,64.4,8.45,15.02,41.64
11/2/2024 23:08,43.77,67.35,55.3,141.4,139.07,68.02,8.48,14.73,40.91
11/3/2024 0:00,27.7,65.75,55.1,140.95,150.2,62.89,8.54,14.92,41.3
11/3/2024 1:00,27.05,64.95,55.5,140.25,144.45,65,8.43,14.98,40.94
11/3/2024 2:00,26.6,63.75,55.75,137.75,154.2,65.52,8.53,15.04,41.04
11/3/2024 3:00,27,64.2,54.8,139.3,144.3,65.54,8.52,14.96,42.24
11/3/2024 4:00,27.2,64.5,54,136,148.6,64.29,8.48,15.34,41.65
11/3/2024 5:00,26.3,63.9,54.2,136.5,143.9,65.3,8.58,15.25,41.66
11/3/2024 6:00,25.9,63.9,54.2,132.3,143.3,61.86,8.42,14.42,40.73
11/3/2024 7:00,22.5,57.5,48.3,129.8,143.8,56.07,7.55,9.07,27.85
11/3/2024 8:00,24.1,56.5,47,130.7,142.6,60.22,7.57,7.81,27.56
11/3/2024 9:00,24.9,57.4,48.2,134,153.9,60.36,7.52,7.96,28.16
11/3/2024 10:00,25.9,58.6,49.4,136.8,155.5,62.86,7.53,8.09,27.95
11/3/2024 11:00,25.7,58.3,53.1,136.4,159.3,63.85,7.36,7.78,28.31
11/3/2024 12:00,26.4,59.7,52.9,140.9,161.2,65.83,7.46,8,28.74
11/3/2024 13:00,26.1,60.6,53.1,142.3,162.8,63.79,7.53,7.96,28.51
11/3/2024 14:00,25.5,59.8,50,142.2,161.8,62.08,7.45,8.38,29.09
11/3/2024 15:00,22.2,59,51.2,140.2,158.4,61.92,7.4,8.03,29.45
11/3/2024 16:00,20.6,59,49.3,138.6,156.1,60.68,7.41,8.03,29.11
11/3/2024 17:00,22.3,61.7,53.2,135.3,152.5,59.18,7.75,11.37,34.26
11/3/2024 18:00,25.6,65.9,57.3,136.9,156.1,61.12,8.49,16.03,43.68
11/3/2024 19:00,25.8,68.5,56.4,134.5,153.6,63.13,8.49,15.48,42.75
11/3/2024 20:00,25.7,64.6,56.2,134.7,152.8,63.67,8.38,14.95,42.72
11/3/2024 21:00,25.7,64.8,54.8,134.7,155.5,63.41,8.51,15.08,42.28
11/3/2024 22:00,25.7,64.4,53.5,132.7,155.8,63.62,8.49,15.2,41.71
11/3/2024 23:00,23.1,64.3,55.9,133.4,139.2,63.61,8.31,14.82,39.14
11/4/2024 0:11,23.7,72,53,132.5,145.7,53.25,8.76,18.08,44.97
11/4/2024 1:11,24,72,52.9,131.3,146.1,52.9,8.83,16.89,44.68
11/4/2024 2:11,23.9,71.4,53.5,122.1,144.5,53.2,8.83,16.19,44.79
11/4/2024 3:11,24.6,71.5,53,116.5,146.5,53.6,8.82,16.69,46.57
11/4/2024 4:11,23.8,71.1,53.1,114.6,144.8,53.4,8.84,16.57,45.94
11/4/2024 5:11,24.2,70.3,66.7,147.2,146.8,53.14,8.82,15.9,46.4
11/4/2024 6:11,23.8,71.3,66.5,161.8,144.1,51.83,8.71,15.63,53.89
11/4/2024 7:11,78.8,79.6,63.2,168.6,142.3,50.32,15.84,12.19,53.35
11/4/2024 8:11,106.3,107.3,79.4,246.1,162.3,65.28,19.41,15.27,73.07
11/4/2024 9:11,120.6,191,139.4,320.3,183.8,96.53,29.46,26.71,102.47
11/4/2024 10:11,120.2,221.2,173.1,368.9,193.8,111.5,30.63,36.99,115.33
11/4/2024 11:11,121.9,224.4,186.5,389,206.2,117.38,30.01,40.72,113.24
11/4/2024 12:11,130.3,203.9,177.1,393.5,213.3,114.3,29.12,29.01,105.28
11/4/2024 13:11,109.1,131.1,149.9,266,217.9,112.35,8.95,14.05,56.49
11/4/2024 14:11,107.9,130.4,142.3,253.7,205.4,124.67,7.9,13.12,55.5
11/4/2024 15:11,97,122.9,129.6,247.6,193.5,121.76,7.48,12.65,49.25
11/4/2024 16:11,100.1,116.2,117.8,232.8,180.7,114.89,7.47,13.47,47.66
11/4/2024 17:11,95.1,120.3,103.3,215.1,162.9,103.65,8.01,17.55,54.39
11/4/2024 18:11,88.1,115.3,98.3,201.5,163.3,96.91,8.45,17.66,59.97
11/4/2024 19:11,78.7,90.3,78.2,167.3,150.9,93.77,8.45,16.41,52.73
11/4/2024 20:11,51.6,76.7,67.3,157.1,145.2,84.92,8.44,14.8,45.47
11/4/2024 21:11,29.2,72.8,61.9,154.4,146,71.31,8.5,13.99,43.4
11/4/2024 22:11,25.1,70.2,68.1,150.7,133.6,68.51,8.43,13.63,41.38
11/4/2024 23:00,25.7,69.7,63.1,150,141.6,62.59,8.57,13.78,42.2
11/5/2024 0:00,26,66.2,62.6,145.8,138.4,62.36,8.4,14.03,41.37
11/5/2024 1:00,25.4,65,62.9,147.3,140.7,59.02,8.48,13.84,40.91
11/5/2024 2:00,25.7,64.4,60.1,145.4,138.5,60.39,8.51,13.77,41.14
11/5/2024 3:00,25.6,64.6,57.6,143.9,135.7,57.82,8.41,13.71,42.54
11/5/2024 4:00,25.7,64.2,56.5,144,139.7,57.52,8.47,13.73,41.73
11/5/2024 5:00,24.6,63.5,69.3,156.2,139.6,57.85,8.33,13.94,42.6
11/5/2024 6:00,24.2,63,75.3,166.2,139.3,58.26,8.34,13.06,49.44
11/5/2024 7:00,74.6,68.5,68.7,171.7,137.1,69.44,8.78,9.31,40.04
11/5/2024 8:00,100.1,81.6,78.2,200.4,147.7,86.19,8.94,10.87,52.78
11/5/2024 9:00,106.5,118.3,129.7,241.7,167.4,90.39,9.45,14.73,59.39
11/5/2024 10:00,101.5,141.7,164.5,271.7,179.4,104.13,9.3,19.34,64.99
11/5/2024 11:00,107.2,159.2,155.5,285.8,184.9,107.76,9.09,18.03,67.26
11/5/2024 12:00,112.1,152.5,150,289.7,186.8,107.66,8.86,14.81,69.13
11/5/2024 13:00,110.4,144.7,149,293.1,188.1,104.83,8.74,15.51,62.4
11/5/2024 14:00,111,135.2,148.5,283.8,187.7,100.82,8.39,16.02,63.41
11/5/2024 15:00,95.7,129.4,135.6,263.6,178.9,98.49,7.42,14.6,51.56
11/5/2024 16:00,111.4,127,123.8,258.9,168.4,97.11,7.44,13.39,54.14
11/5/2024 17:00,91.4,118,103.8,238.6,153.4,97,7.81,15.99,56.97
11/5/2024 18:00,90.5,109.6,88.2,219.3,151.7,90.75,8.39,20.05,56.11
11/5/2024 19:00,74.7,89.2,78.7,183.7,150.7,87.23,8.43,16.73,49.48
11/5/2024 20:00,49.3,79.9,72.8,152.9,148.4,79.51,8.41,16.01,45.86
11/5/2024 21:00,40.2,72.2,63.8,143.9,146.9,73.05,8.45,15.01,44.88
11/5/2024 22:00,29.9,70.1,59.8,143.1,145.9,68.14,8.42,15.22,42.61
11/5/2024 23:00,23.6,68.85,60.9,146.65,137.55,68.62,8.48,14.9,43.06
11/6/2024 0:00,24.6,69.5,59.8,139.1,139.8,70.84,8.47,15.03,41.73
11/6/2024 1:00,24.2,66.5,56.6,134.8,137.2,70.37,8.39,14.76,41.5
11/6/2024 2:00,24.3,64.9,56.6,133.6,136.9,62.28,8.37,14.85,41.46
11/6/2024 3:00,24.4,64.4,56,133.4,137.7,66.89,8.36,15.79,43.31
11/6/2024 4:00,24,64.2,55.5,129.5,138.1,69.11,8.45,16.29,42.38
11/6/2024 5:00,23.6,63.2,64.4,143,140.3,65.6,8.46,15.38,46.07
11/6/2024 6:00,23.2,64.4,68.1,149.9,136.3,68.05,8.36,14.32,49.27
11/6/2024 7:00,93.2,66,60.7,148.8,134.4,64.91,8.67,9.8,41.79
11/6/2024 8:00,153.8,77.6,76.4,195,149.7,71.69,9.83,13.31,60.3
11/6/2024 9:00,140.7,105.5,115.2,259,167.2,83.96,10.06,16.55,73.3
11/6/2024 10:00,125.3,131.6,134.1,282.7,178.1,91.25,10.51,17.35,74.29
11/6/2024 11:00,130.6,158.2,159.5,301.7,184.7,93.92,14.7,17.65,70.21
11/6/2024 12:00,127.3,163.4,149.1,311.6,190.6,96.33,13.12,16.19,68.09
11/6/2024 13:00,120.2,150,141.7,307.4,184.8,96.07,12.18,15.6,63.94
11/6/2024 14:00,112.4,138.7,133.5,292.3,179,97.61,12.27,15.46,65.45
11/6/2024 15:00,93.7,131.2,121.4,268.3,175.1,94.66,12.43,17.04,58.87
11/6/2024 16:00,87,128.4,116.1,253.9,170.6,95.35,11.75,14.99,48.03
11/6/2024 17:00,77.3,118,108.8,238.7,160.1,90.65,11.51,13.77,49.62
11/6/2024 18:00,72.8,112.9,91.6,222.8,153.9,87.15,12.48,17,52.75
11/6/2024 19:00,63.9,103,75.7,185.6,148.1,83.74,12.08,16.63,47.46
11/6/2024 20:00,51.9,90,65.9,159.1,146.6,75.37,10.42,16.22,45.56
11/6/2024 21:00,28.1,76.1,61.1,149.9,146,70.37,8.47,15.98,43.71
11/6/2024 22:00,25.7,72.5,60.7,147.3,143.1,66.44,8.47,16.02,42.81
11/6/2024 23:00,24.35,71.05,58.1,142.75,154.7,66.28,8.38,16.24,42.42
11/7/2024 0:00,25.8,70.7,57.4,134.1,141.6,63.72,8.43,16.16,41.84
11/7/2024 1:00,25.5,68.8,58.4,132.5,140.9,61.84,8.41,16.01,41.25
11/7/2024 2:00,26.2,67.7,59.3,132.4,139.6,62.25,8.45,15.3,41.7
11/7/2024 3:00,26,67,57.9,128.8,141.5,63.16,8.44,14.99,43.41
11/7/2024 4:00,25.5,65.5,57.9,133.9,138.3,63.57,8.37,15.1,42.57
11/7/2024 5:00,25.2,65.6,72.7,151.4,138.9,61.87,8.36,15.07,42.57
11/7/2024 6:00,25.7,66,70.9,161.4,139.4,60.08,8.36,14.57,51.25
11/7/2024 7:00,72,71.4,64.6,162,138.1,59.43,9.23,10.59,40.96
11/7/2024 8:00,110.9,82.9,74.5,200.1,145.4,64.38,10.39,13.25,55.67
11/7/2024 9:00,124.1,110.9,132.9,238.3,158.9,82.4,10.56,17.24,63.61
11/7/2024 10:00,124.8,138.1,139.4,264.1,172.2,91.85,8.87,18.95,68.8
11/7/2024 11:00,122.8,160.9,156,288.8,175.8,94.43,12.61,18.87,67.6
11/7/2024 12:00,119.7,162.4,152.8,296.9,184.8,99.71,10.05,17.82,65.73
11/7/2024 13:00,116.8,146.3,150,280,179.1,110.14,11.12,16.8,61.71
11/7/2024 14:00,115.9,139.1,141.6,262.6,181,100.87,11.13,16.44,58.66
11/7/2024 15:00,101.9,127.4,129.1,247.1,179.6,96.35,10.39,14.57,49.13
11/7/2024 16:00,90.6,127.9,120.4,236.5,166.6,92.97,10.26,12.74,44.63
11/7/2024 17:00,89.3,119.8,104,232.1,154,85,10.15,15.14,53.64
11/7/2024 18:00,74.3,111.7,92.7,221,152.1,83.97,10.8,17.41,60.01
11/7/2024 19:00,66.1,93.9,75.4,179.2,146.4,82.7,8.48,16.99,55.06
11/7/2024 20:00,55.5,82.1,65.6,148.8,144.6,78.52,8.4,15.86,48.7
11/7/2024 21:00,31,75.1,59.6,144.1,141.5,71.38,8.4,14.96,44.51
11/7/2024 22:00,27.5,71.6,60.05,142.25,143.3,65.27,8.26,15.09,43.31
11/7/2024 23:00,26.95,69.5,59.95,140.1,140.8,64.23,8.1,14.91,42.13
11/8/2024 0:00,27.4,68.9,58.8,135.2,139.7,59.76,8.31,14.89,42.83
11/8/2024 1:00,27.1,67.2,57.6,134.1,139.4,60.87,8.2,14.95,42.49
11/8/2024 2:00,27.4,66.8,58.2,132.8,140.1,61.11,8.19,14.89,42.8
11/8/2024 3:00,27.7,64.8,57.4,133.6,140.4,61.55,8.28,14.93,43.79
11/8/2024 4:00,27.2,65,69.7,150.8,139.3,62.14,8.24,14.79,43.35
11/8/2024 5:00,26.9,65.9,68.6,153.7,137.5,61.76,8.23,14.78,44.66
11/8/2024 6:00,26.9,65.3,63.6,162.1,137.6,58.59,8.33,14.73,52.15
11/8/2024 7:00,104.4,72,71.4,201.6,159.9,59.23,10.97,11.35,45.13
11/8/2024 8:00,139.5,82.6,102.2,227.8,174.4,69.9,13.5,13.96,68.62
11/8/2024 9:00,133.8,106.6,119.2,258.5,187.5,80.27,13.35,15.11,70.61
11/8/2024 10:00,135.2,123.5,135.4,272.7,194.7,89.06,13.28,16.87,74.24
11/8/2024 11:00,129.9,155.5,135.7,276.7,189,97.18,13.02,16.18,66.82
11/8/2024 12:00,125.1,151.7,131.4,279.5,192.4,92.15,13.06,15.27,63.3
11/8/2024 13:00,121,130.1,126.3,264.5,181.8,90.36,13.19,16.26,61.83
11/8/2024 14:00,110.6,125.3,113.1,243.1,175.1,92.33,12.79,14.65,54.99
11/8/2024 15:00,95,117.9,94.1,228.1,161.4,89.42,12.91,12.65,42.99
11/8/2024 16:00,86.5,115.3,91.8,209,158.5,85.02,13.06,13.08,36.67
11/8/2024 17:00,78.4,112.2,84.9,196.5,157.5,84.81,13.54,16.19,41.01
11/8/2024 18:00,69.5,107.8,71.5,163,151.3,84.12,13.97,19.52,50.65
11/8/2024 19:00,63.1,93.9,64.8,144.4,145.3,72.64,13.95,16.31,46.95
11/8/2024 20:00,40,84.4,61.9,138,147.5,65.98,13.36,15.02,43.8
11/8/2024 21:00,27.2,78.7,58.7,136.9,145.6,62.45,10.27,15.17,43.32
11/8/2024 22:00,25.9,75.8,55.5,139.9,135.5,58.21,7.82,15.31,42.6
11/8/2024 23:00,27.7,75.2,57.8,134.8,145.6,58.12,7.89,14.9,41.72
11/9/2024 0:00,69.1,74.9,58.3,133.8,145.8,58.42,7.89,15.17,41.99
11/9/2024 1:00,42.6,74.4,56.7,133,142.6,59.21,7.9,16.33,42.06
11/9/2024 2:00,42.6,71.6,54.4,131.8,143.1,61.1,7.78,16.86,41.85
11/9/2024 3:00,42.4,71.5,54.2,132.6,143.1,60.44,7.83,16.94,43.52
11/9/2024 4:00,42.5,71.3,53.9,136.6,143.2,58.56,7.89,16.82,42.75
11/9/2024 5:00,41.8,71,52.6,133.4,138.9,58.93,7.81,16.22,42.6
11/9/2024 6:00,41.3,71.4,53.5,131.1,139.8,59.84,7.8,14.53,41.6
11/9/2024 7:00,42.6,64.7,47.1,125.9,136.5,53.29,7.18,9.63,30.88
11/9/2024 8:00,39,63.2,45.8,125.5,139.3,53.39,12.96,8.39,29.84
11/9/2024 9:00,41.7,65,46.5,132.3,142.3,59.31,14.16,8.72,29.82
11/9/2024 10:00,42.3,69.2,47.7,130.8,144.4,64.29,23.43,8.5,29.52
11/9/2024 11:00,41,69.1,50.6,134.6,143.1,62.08,32.9,8.67,28.25
11/9/2024 12:00,44.8,69.6,52.6,136.2,142.4,63.38,25.53,8.43,28.99
11/9/2024 13:00,42.6,69.6,53.1,137.7,143.4,59.2,26.59,8.74,27.61
11/9/2024 14:00,39.9,72.4,52.3,135.4,142,55.63,32.1,8.84,28.32
11/9/2024 15:00,41.3,71.3,51.2,129.7,143.7,57.67,26.51,8.99,27.57
11/9/2024 16:00,41.2,69.7,52,128.2,140.2,57.01,25.71,8.79,27.44
11/9/2024 17:00,44.2,76.5,54.4,129.7,142.8,56.7,26.69,12.63,34.35
11/9/2024 18:00,44.4,79.8,57.2,133.6,147.3,59.7,26.95,15.94,43.21
11/9/2024 19:00,44.2,78.4,55.4,131.5,146.9,59.57,25.57,16.18,41.86
11/9/2024 20:00,42.7,78,54.2,131.2,143.7,62.35,19.37,15.23,42.12
11/9/2024 21:00,42.4,77.1,52.8,135.5,142.9,62.65,11.56,15.05,41.78
11/9/2024 22:00,42.4,76.6,53.2,134.9,143.8,60.45,10.34,14.97,41.48
11/9/2024 23:00,41.95,74.4,52.55,134,140.85,55.58,9.54,15.6,41.2
11/10/2024 0:00,25.7,73.5,52.4,132.8,141.3,55.56,9.65,16.69,40.26
11/10/2024 1:00,25,72.1,53.2,133.6,139.5,56.96,9.67,16.96,40.26
11/10/2024 2:00,25.4,71.8,56.1,133.2,142.9,58.72,9.77,16.93,40.46
11/10/2024 3:00,24.9,72,55.4,132.1,142,61.14,9.78,17,40.77
11/10/2024 4:00,24.9,71.8,53.1,131.6,140,60.29,9.78,17.02,40.51
11/10/2024 5:00,24,70.4,51.6,132.4,142.5,59.36,9.83,16.12,40.41
11/10/2024 6:00,24.9,71.5,52.2,129.7,140.5,60.99,9.68,16.18,39.55
11/10/2024 7:00,20.4,66.3,47.6,125.3,136.3,54.16,8.97,11.15,27.95
11/10/2024 8:00,19.1,63.7,45.6,125.8,138.2,54.36,8.76,9.57,26.46
11/10/2024 9:00,19.1,63.3,46.6,87.1,138.4,54.55,8.66,8.63,29.63
11/10/2024 10:00,19.1,63.6,44.8,85.2,139.9,55.76,8.58,8.63,29.13
11/10/2024 11:00,19.5,64.2,46.7,120.4,140.6,58.99,8.59,8.73,28.92
11/10/2024 12:00,18.6,62.7,47.2,117.6,141.6,58.46,8.53,9.08,28.68
11/10/2024 13:00,18.2,63.9,46.2,117.6,143,57.76,8.63,8.94,29.52
11/10/2024 14:00,17.9,64,47.4,115.1,142.3,57.21,8.62,9.33,29.67
11/10/2024 15:00,18.1,64,46.5,113.5,139.7,61.18,8.68,8.91,28.81
11/10/2024 16:00,17.8,64.4,46.4,111.4,137,61.8,8.58,8.41,29.25
11/10/2024 17:00,20.2,70.8,51.4,116.4,140.2,63.13,8.94,12.15,36.01
11/10/2024 18:00,23.2,74.5,54.3,122,141.8,61,9.55,16.03,44.03
11/10/2024 19:00,27.9,75,56.1,124.9,142.2,59.46,9.66,15.98,44.55
11/10/2024 20:00,25.6,75.9,55.4,121.2,142.7,60.15,9.69,15.95,43.32
11/10/2024 21:00,25.1,75.1,53.4,123,144.2,57.39,9.71,15.92,42.79
11/10/2024 22:00,25.1,74.9,52.3,120.8,141.2,58.31,9.65,16.24,42.84
11/10/2024 23:00,24.05,71.75,52,121.45,136.95,55.54,9.6,15.35,42.2
11/11/2024 0:00,26.1,73.3,53.1,121.5,141.2,57.38,9.86,15.95,43.22
11/11/2024 1:00,25.3,73.8,52.1,118.5,141,57.43,9.62,15.21,42.72
11/11/2024 2:00,24.9,73.5,51.4,119.8,141.8,56.97,9.72,17.84,42.78
11/11/2024 3:00,25.3,73.6,52.4,121.2,140.5,58.55,9.73,18.14,44.45
11/11/2024 4:00,24.8,73.1,52.6,120.4,140.5,56.95,9.73,17.86,43.98
11/11/2024 5:00,25,73,66.8,137.5,142,56.8,9.73,16.92,43.88
11/11/2024 6:00,25.4,72.9,68,141.5,140.4,55.98,9.65,15.08,54.13
11/11/2024 7:00,104.1,77,71.7,145.6,137.2,54.94,10.26,14.93,49.09
11/11/2024 8:00,153.1,93.7,81.2,195.6,146.1,65.83,11.05,16.93,75.62
11/11/2024 9:00,140.5,160.3,122.6,260.9,165.7,91.21,11.18,22.34,88.67
11/11/2024 10:00,139.9,209.1,152.9,307.5,205,97.75,11.24,27.17,99.76
11/11/2024 11:00,148.7,213.7,200.5,337.2,206.1,103.34,12.01,34.23,111.83
11/11/2024 12:00,157.5,223.2,197.2,360,221.8,107.26,13.03,32,121.8
11/11/2024 13:00,144.8,213.8,204.4,361.4,231.5,105.75,11.48,22.93,113.16
11/11/2024 14:00,134.5,202.3,214.7,368.5,225.9,98.98,11.09,20.1,110.18
11/11/2024 15:00,125.9,188.1,174.8,338.1,210.1,98.28,8.62,12.23,85.76
11/11/2024 16:00,99,180,163.7,318.3,197.1,100.69,8.69,17.43,80.34
11/11/2024 17:00,93.6,169.4,162.6,288.6,176.1,94.03,9.35,24.83,75.21
11/11/2024 18:00,85.2,149.9,135.7,251.3,174,87.38,9.58,22.96,79.91
11/11/2024 19:00,76.1,130.6,102.7,182,162.9,79.31,9.61,20.86,68.42
11/11/2024 20:00,69.8,106.3,84.2,148.2,153.8,72.47,9.59,15.75,57.14
11/11/2024 21:00,30.7,97.5,67.6,141.3,153.5,64.44,9.57,15.28,54.03
11/11/2024 22:00,26.7,94.5,64.5,137.2,148.7,63.14,9.59,15.13,51.19
11/11/2024 23:00,26.8,94.05,61.75,136.65,150.55,63.11,9.62,16.16,49.32
11/12/2024 0:00,26.9,91.9,59.9,135.8,150.4,63,9.68,15.21,49.69
11/12/2024 1:00,26.6,89.3,59.5,132.9,146.8,60.94,9.47,14.97,48.41
11/12/2024 2:00,26.1,85.5,59.7,133.7,148.2,61.1,9.48,16.59,49.08
11/12/2024 3:00,26.6,85.2,60.4,132.2,148.6,58.56,9.54,16.52,50.29
11/12/2024 4:00,26.7,85.5,60.4,134.1,146,58.55,9.54,16.41,50.07
11/12/2024 5:00,25.9,85.3,70.9,165,149.2,60.65,9.47,15.82,49.89
11/12/2024 6:00,27.5,85.6,71.4,184.8,147.4,57.13,9.47,15.14,59.47
11/12/2024 7:00,73.9,96.9,76.5,199,150.9,57.54,10.52,16.43,61.05
11/12/2024 8:00,129.7,124.7,93,292.2,171.5,68.45,11.36,17.09,89.43
11/12/2024 9:00,144.4,190.3,198.3,371.9,194.7,88.15,11.82,24.82,129.75
11/12/2024 10:00,145.1,224.9,238.5,422.4,208.7,114.69,12.48,28.78,137.77
11/12/2024 11:00,145.6,227.7,239.2,434.9,224.7,113.8,12.17,23.48,136.99
11/12/2024 12:00,146.1,238.1,240.9,461.4,240.9,110.54,12.68,22.7,139.28
11/12/2024 13:00,139.7,233.1,251.1,436.6,237.2,106.7,11.55,25.51,118
11/12/2024 14:00,132.6,222.3,232.6,421.9,236.9,105.68,11.24,24.73,113.58
11/12/2024 15:00,111.4,213.6,216.9,386.5,227.5,101.81,8.88,22.86,92.55
11/12/2024 16:00,93.6,200.2,194.1,359.5,221.9,98.15,8.91,22.58,80.05
11/12/2024 17:00,94,187.2,161.5,334,209,98.82,9.59,25.49,85.01
11/12/2024 18:00,73.7,165.3,137.8,293.8,195.8,95.49,9.72,26.5,77.32
11/12/2024 19:00,63.9,134.4,109.8,211.6,182.4,89.31,9.69,18.65,67.63
11/12/2024 20:00,38.1,108.5,89,169.9,177.9,82.96,9.82,15.33,61.56
11/12/2024 21:00,29.2,90,74.1,162.4,178,71.95,9.81,16.85,55.94
11/12/2024 22:00,27,86.9,73.4,158.3,175.6,61.71,9.8,17.01,50.73
11/12/2024 23:00,25.9,95,68.35,144.4,186.7,59.07,9.84,16.68,46.72
11/13/2024 0:00,26.6,86.6,68.3,145.4,171.1,59.42,9.84,16.53,48.61
11/13/2024 1:00,26.4,84.1,67.4,146.3,165.8,59.64,9.74,16.12,47.12
11/13/2024 2:00,26.3,83.7,68.6,145.5,167.2,59.52,9.82,15.09,47.1
11/13/2024 3:00,26.5,82.6,68,143.6,168.6,58.49,9.69,15.06,48.68
11/13/2024 4:00,26.7,82.8,67.8,142.5,164.1,58.02,9.75,15.05,47.69
11/13/2024 5:00,26.1,82.4,82.2,170.1,170.2,58.7,9.79,15.42,48.31
11/13/2024 6:00,31.9,83.4,80.9,192.3,176.3,57.95,9.58,15.12,57.08
11/13/2024 7:00,77.4,92.4,81.8,193.3,170.2,56.72,9.52,13.15,62.85
11/13/2024 8:00,130.3,122.9,105.1,278.5,193.2,66.31,11.82,18.29,75.96
11/13/2024 9:00,135.7,185,191.8,346.8,218.2,94.78,13.23,25.97,110
11/13/2024 10:00,135.2,227.8,235.4,389.6,234.7,109.41,14.83,30.96,128.98
11/13/2024 11:00,139.3,258.3,217.2,403.5,239.8,121.68,13.6,29.35,121.22
11/13/2024 12:00,134.2,258.2,207.8,422.5,237.3,120.79,13.27,27.18,113.35
11/13/2024 13:00,128.8,233.9,196.1,390.7,222.1,118.24,18.21,24.3,99.9
11/13/2024 14:00,115.4,204.7,183.5,358.7,201,108.67,20.93,17.2,82.32
11/13/2024 15:00,94,180.4,165.5,335.1,191.5,102.62,18.03,14.62,67.72
11/13/2024 16:00,82.8,176.3,150.1,311.1,192.7,102.63,28.18,15.98,60.22
11/13/2024 17:00,83.3,168.2,146.2,276.7,194.3,99.85,30.49,19.14,71.64
11/13/2024 18:00,77.3,161.4,130.3,239.5,185.9,91.68,31.66,19.26,73.49
11/13/2024 19:00,68.8,138.3,109.7,185.1,178.6,81.99,30.56,17.95,64.26
11/13/2024 20:00,56.6,111.1,85.1,169.4,167.6,78.06,30.22,17.62,54.63
11/13/2024 21:00,29.7,85.2,73.6,157.1,160.3,70.53,24.15,16.45,50.54
11/13/2024 22:00,28.8,82.8,69.7,152,159.8,64.37,10.41,16.09,49.1
11/13/2024 23:00,25.3,85,67.7,156.7,150.3,59.15,9.99,16.09,50.07
11/16/2024 0:58,24.1,74.9,58.3,133.8,145.8,58.42,8.89,15.17,41.99
11/16/2024 1:58,23.9,71.2,49.4,112.1,148.3,53.26,9.58,18.65,44.68
11/16/2024 2:58,23.2,70.4,48.9,112.1,148.3,53.26,8.81,20.52,41.83
11/16/2024 3:58,24,71.1,49.4,111.5,140.8,52.51,8.81,18.33,42.64
11/16/2024 4:58,23.4,71.2,49.1,112,145.8,55.77,8.77,18.92,41.91
11/16/2024 5:58,22.8,72.2,48.7,111.4,142.1,56.39,8.83,17.93,41.91
11/16/2024 6:58,37.5,66.4,44.7,111.1,144,55.9,8.78,15.43,41.18
11/16/2024 7:58,23.9,62.7,48.3,105.4,136.5,52.88,7.96,10.94,31.26
11/16/2024 8:58,24.4,62.3,48.3,107.7,139.7,53.41,7.88,9.05,28.03
11/16/2024 9:58,23.8,64.8,49,106.4,143.6,52.46,7.79,8.96,28.3
11/16/2024 10:58,24.5,65.6,50.3,107.5,141.4,54.45,7.8,8.91,30.9
11/16/2024 11:58,24.4,64.6,51.2,109.3,143,55.63,9.11,9.06,31.41
11/16/2024 12:58,22.6,63.4,47.8,109.1,146.2,57,8.28,8.87,29.23
11/16/2024 13:58,25.7,62.5,46.2,113,146.9,55.62,8.29,8.7,30.01
11/16/2024 14:58,26.3,61.3,46,112.3,147.7,55.33,8.33,8.77,29.15
11/16/2024 15:58,24.6,63.4,50.4,108.5,143.9,53.41,8.29,10.33,29.53
11/16/2024 16:58,29.2,70.2,61.4,108.3,144.2,51.02,8.21,10.61,31.77
11/16/2024 17:58,30.9,75.8,56.4,109.3,146.2,50.43,8.81,14.13,37.96
11/16/2024 18:58,29.8,73.8,54.4,112.9,143.2,51.63,9.25,16.89,43.04
11/16/2024 19:58,25.1,72.8,53.9,113.3,144.3,50.95,8.83,16.48,43.61
11/16/2024 20:58,24.9,74.3,52.4,114.9,144.3,54.54,8.85,16.36,43.34
11/16/2024 21:58,25,72.1,52.5,115.8,142.4,53.73,8.85,16.66,43.75
11/16/2024 22:58,23.7,72.1,52.4,116.3,144.4,55.16,8.81,15.54,42.97
11/16/2024 23:58,23.05,72.5,53.35,115.15,136.9,53.16,8.76,15.46,42.06
11/17/2024 0:59,23.5,72.6,52.4,115,147.7,53.65,8.85,16.04,42.49
11/17/2024 1:59,24.1,74.3,52.7,114.6,143.3,53.1,8.84,20.64,42.83
11/17/2024 2:59,24.6,72.7,52,111.5,142.1,53.97,8.88,20.84,42.78
11/17/2024 3:59,24.6,72.7,52,110.3,141.6,53.67,8.78,19.02,44.14
11/17/2024 4:59,28.9,73.1,52.2,116.7,141.9,53.9,8.87,17.89,43.38
11/17/2024 5:59,31.7,70.9,52.9,114.1,142.1,55.76,8.85,16.35,43.49
11/17/2024 6:59,24.7,72.8,52.7,115.5,142.3,56.77,8.74,15.68,43.16
11/17/2024 7:59,24.3,68.3,48.7,110.2,135.6,52.18,8.18,10.98,32.99
11/17/2024 8:59,27.3,64.4,47.8,108.6,138.8,52.4,7.95,9.61,29.63
11/17/2024 9:59,22.3,63.5,47.6,108,137,53.32,7.85,9.13,29.78
11/17/2024 10:59,19.1,61,47.5,110.2,136.5,51.94,7.93,9.01,30.43
11/17/2024 11:59,18.9,62.6,47.2,111.5,138.4,54.26,7.85,9.07,30.18
11/17/2024 12:59,19.5,61.7,47.6,112.2,141.8,50.95,7.78,9.13,29.07
11/17/2024 13:59,19.9,62.3,47.5,106.9,141.5,55.7,7.78,8.74,29.21
11/17/2024 14:59,19.8,61.2,48.6,109.3,141.9,51.68,7.89,8.28,29.61
11/17/2024 15:59,20.7,61,49.9,106.3,138,54.87,7.87,8.14,30.18
11/17/2024 16:59,22.3,63.7,50,107.4,138.8,52.23,7.82,8.23,32.13
11/17/2024 17:59,25.4,72.1,56.1,107.8,142.1,53.25,8.28,12.56,37.53
11/17/2024 18:59,25.5,75.1,62.1,114,144.7,56.88,8.77,15.36,43.58
11/17/2024 19:59,24.9,77.1,57.3,112.4,147.9,56.94,8.84,15.31,43.55
11/17/2024 20:59,25,73.7,53.5,115.9,148.9,57.13,8.81,15.65,42.46
11/17/2024 21:59,24.3,72.3,53.1,116.7,145.5,54.44,8.81,15.51,42
11/17/2024 22:59,24.6,73.4,53.3,114.8,147.3,53.77,8.87,15.38,43.62
11/17/2024 23:59,23.1,70.9,51.85,112.4,141.95,50.74,8.88,15.43,45.86
11/18/2024 0:00,23.7,72,53,114.1,145.7,53.25,8.76,18.08,44.97
11/18/2024 1:00,24,72,52.9,115.4,146.1,52.9,8.83,16.89,44.68
11/18/2024 2:00,23.9,71.4,53.5,115.6,144.5,53.2,8.83,16.19,44.79
11/18/2024 3:00,24.6,71.5,53,116.5,146.5,53.6,8.82,16.69,46.57
11/18/2024 4:00,23.8,71.1,53.1,114.6,144.8,53.4,8.84,16.57,45.94
11/18/2024 5:00,24.2,70.3,66.7,147.2,146.8,53.14,8.82,15.9,46.4
11/18/2024 6:00,23.8,71.3,66.5,161.8,144.1,51.83,8.71,15.63,53.89
11/18/2024 7:00,78.8,79.6,63.2,168.6,142.3,50.32,15.84,12.19,53.35
11/18/2024 8:00,106.3,107.3,79.4,246.1,162.3,65.28,19.41,15.27,73.07
11/18/2024 9:00,120.6,191,139.4,320.3,183.8,96.53,29.46,26.71,102.47
11/18/2024 10:00,120.2,221.2,173.1,368.9,193.8,111.5,30.63,36.99,115.33
11/18/2024 11:00,121.9,224.4,186.5,389,206.2,117.38,30.01,40.72,113.24
11/18/2024 12:00,130.3,203.9,177.1,393.5,213.3,114.3,29.12,29.01,105.28
11/18/2024 13:00,123.1,191.2,162.8,376,205.6,113.49,29.05,21.64,98.49
11/18/2024 14:00,117.2,181,160,344.5,194.4,104.48,22.36,18.64,98.31
11/18/2024 15:00,94.8,188.1,145.9,324.7,168.1,98.91,17.18,13.89,77.49
11/18/2024 16:00,87.3,179.2,160.5,305.4,159,96.52,10.47,16.26,65.8
11/18/2024 17:00,86,158.5,164.9,285.9,148.6,97.07,9.46,22.89,71.72
11/18/2024 18:00,72.3,148,138.5,247.9,151.5,90.49,8.73,24.82,75.05
11/18/2024 19:00,65.1,123.2,98.4,178.1,144.5,77.29,8.75,23.11,63.52
11/18/2024 20:00,45.1,94.3,84.1,144,136.3,67.6,8.73,17.97,54.23
11/18/2024 21:00,31.2,87.8,67.5,133.8,136.1,66.94,8.76,16.86,50.35
11/18/2024 22:00,28.2,82.7,66.5,125.6,133.8,58.07,8.78,17.05,48.42
11/18/2024 23:00,29.75,80.45,66.9,131.6,129.85,58.17,8.76,17.92,48.9
11/19/2024 0:00,26.4,80.8,65.1,129.1,131.5,57.38,8.79,17.7,46.94
11/19/2024 1:00,27.1,78.5,62,128.4,131.5,56.5,8.76,17.53,46.42
11/19/2024 2:00,26.5,77.6,60.4,126.8,130.8,57.52,8.69,16.41,46.9
11/19/2024 3:00,26.9,74.9,59.8,126.4,132.3,57.5,8.73,16.61,49.48
11/19/2024 4:00,26.7,75.4,60.9,125.3,130.5,56.66,8.78,16.65,48.96
11/19/2024 5:00,27.2,76.1,71.8,155,131.7,58.5,8.7,16.7,49.91
11/19/2024 6:00,27,77.4,70.9,175.8,129.8,56.8,8.67,16.24,58.91
11/19/2024 7:00,82.3,85.3,71.8,193.8,134.1,54.8,10.06,14.51,58.22
11/19/2024 8:00,113.7,129.4,100.4,275.5,152.1,68.41,12.63,19.15,92.71
11/19/2024 9:00,129.5,182.9,187.5,337.1,168,87.45,22.96,25.32,125.58
11/19/2024 10:00,113,208,206.4,365.7,184.1,106.48,12.33,26.77,134.51
11/19/2024 11:00,121.6,243.5,204.8,468.8,204.8,108.78,26.81,21.49,120.28
11/19/2024 12:00,131.3,225.6,196.6,378.2,223.4,108.96,26.06,21.14,114.95
11/19/2024 13:00,121.6,212.8,200.9,362.7,194,114.13,15.85,19.44,103.34
11/19/2024 14:00,113.9,200.7,199.2,341.1,195.4,108.33,11.29,18.06,96.99
11/19/2024 15:00,106.8,183.4,196.1,327.6,187.6,95.97,8.15,16.6,79.25
11/19/2024 16:00,107.1,173.5,183.4,307.9,184.2,95.29,7.71,19.63,71.53
11/19/2024 17:00,94.9,169,148.6,279.2,181.3,91.42,8.46,25.27,70.77
11/19/2024 18:00,87.8,154.7,119.1,252.2,180.6,89.03,8.81,22.73,70.12
11/19/2024 19:00,71.2,128.2,107.1,196.2,161.5,80.28,15.58,17.86,59.43
11/19/2024 20:00,52.3,97.5,81.6,160.5,155.5,70.81,15.65,16.48,57.4
11/19/2024 21:00,46.8,81.7,69.4,146.4,154.1,65.88,8.78,16.1,52.98
11/19/2024 22:00,44.5,82.4,65.9,141.5,152.8,62.73,8.79,16.06,52.7
11/19/2024 23:00,43.5,81.2,65.15,137.35,144.4,65.9,8.67,16.05,49.98
11/20/2024 0:00,42.5,77.3,64,135.9,149.6,55.13,8.71,16.3,48.34
11/20/2024 1:00,41.7,73.9,62,134.1,148.1,56.45,8.7,16.04,49.1
11/20/2024 2:00,42.7,74.7,63.4,131.8,143.9,56.08,8.6,15.97,48.7
11/20/2024 3:00,42.6,73.1,61.4,132.3,150.2,56.86,8.63,15.92,50.57
11/20/2024 4:00,42.3,72.1,60.2,132.1,160.2,56.54,8.72,16.2,49.7
11/20/2024 5:00,42,74.8,73,156.2,160.5,54.41,8.64,15.93,50.87
11/20/2024 6:00,40.9,75.1,68.6,175.3,161.3,56.65,8.6,16.02,58.17
11/20/2024 7:00,87.6,88.9,71.3,191.9,158.1,52.83,11.31,16.61,49.82
11/20/2024 8:00,111.1,110.9,82.8,276.8,168.8,68.81,26.62,19.62,56.93
11/20/2024 9:00,119.8,172.7,134.6,315.5,192.5,85.85,29.43,21.48,73.46
11/20/2024 10:00,125.4,183,143.9,331.7,198.1,100.4,29.31,21.92,77.51
11/20/2024 11:00,123,182.1,165.2,352.4,195.4,110.63,28.84,22.04,81.41
11/20/2024 12:00,119.9,182.4,150.4,362.3,194.3,107.41,28.84,20.95,82.81
11/20/2024 13:00,115.5,170,138.2,347.5,192.5,106.46,29.29,19.38,80.48
11/20/2024 14:00,109.8,173.3,118.1,316.1,192.6,104.11,28.48,20.78,76.76
11/20/2024 15:00,97.8,170.2,104.3,297.7,176,102.22,13.56,18.13,67.35
11/20/2024 16:00,83.3,163.3,97,271.9,174.7,97.31,10.87,16.19,64.38
11/20/2024 17:00,74.4,153.3,95.3,258.2,172.5,93.88,9.12,17.15,66.61
11/20/2024 18:00,67,139,86.2,238.6,172.3,86.01,9.6,19.73,72.49
11/20/2024 19:00,58.4,115.6,78.2,182.9,169.8,79.87,9.64,17.94,68.39
11/20/2024 20:00,45.8,100.3,70.6,157.8,167.5,74.88,9.63,17.14,60.47
11/20/2024 21:00,33.6,88,67.2,147,168.6,69.87,9.65,15.65,52.29
11/20/2024 22:00,33.9,82.6,68.4,141.1,166.2,66.39,9.72,15.94,50.7
11/20/2024 23:00,32.35,81.9,66.6,140,178.05,63.49,9.53,15.85,50.01
11/21/2024 0:00,33.4,80.1,62,135.9,164.4,63.4,9.56,16,48.65
11/21/2024 1:00,29.1,77.1,61.3,138.4,165.8,60.24,9.55,15.72,48.97
11/21/2024 2:00,28.6,77.1,60,143,160.8,61.11,9.54,15.74,48.59
11/21/2024 3:00,28.5,76.2,59.5,135.1,159.3,57.3,9.49,15.59,50.04
11/21/2024 4:00,28.2,76,58.1,137.2,158.8,59.8,9.44,15.73,49.66
11/21/2024 5:00,28.1,77,72.2,158.9,160.4,58.22,9.46,15.42,50.49
11/21/2024 6:00,28,77.1,71.9,172.3,161.4,58.95,9.4,15.4,59
11/21/2024 7:00,77.8,86.8,66.8,183.6,163.8,58.19,11.3,14.51,61.5
11/21/2024 8:00,107.4,110.7,82.7,263,175.1,70.19,12.41,15,79.18
11/21/2024 9:00,112.6,155.4,157.4,306.4,195.1,101.04,12.67,19.42,83.54
11/21/2024 10:00,109.9,172.6,167.3,335.8,209.2,123.26,13.42,22.34,88.18
11/21/2024 11:00,125,191.6,184.6,350.4,209.4,117.34,13.37,19.75,85.38
11/21/2024 12:00,118.7,202.8,195.2,370.2,199.6,125.02,13.37,19.32,89.06
11/21/2024 13:00,121.8,191.5,205.6,369.2,191.8,117.44,13.39,17.93,90.07
11/21/2024 14:00,116.4,180.8,196.9,340.7,188,114.89,12.94,15.08,87.47
11/21/2024 15:00,93.8,175.5,186.7,301.5,185.7,105.65,12.67,13.32,70.78
11/21/2024 16:00,92.3,164.8,167.1,290,173.1,105.57,14.28,14.17,64.41
11/21/2024 17:00,83.9,164.6,142.1,258.6,162.8,102.54,14.45,18.93,70.39
11/21/2024 18:00,68.3,139.6,117.4,215.5,158.6,91.53,15.24,18.88,72.77
11/21/2024 19:00,59.4,116.5,103.3,170.8,158.1,84.22,14.73,17.65,67.34
11/21/2024 20:00,44.5,108.1,97.8,153.2,155.7,75.88,13.21,16.44,61.37
11/21/2024 21:00,28.4,97.7,85.5,145.1,156.8,68.47,11.22,15.78,56.6
11/21/2024 22:00,27.1,93.3,80.3,142.5,156.3,60.08,9.61,15.82,53.24
11/21/2024 23:00,31.4,91.4,78,128.1,161.6,57.6,9.61,15.27,57.08
11/23/2024 0:03,29.1,74.9,58.3,112.1,145.8,58.42,9.89,15.17,51.99
11/23/2024 1:03,27.6,74.4,56.7,110.1,142.6,59.21,9.9,16.33,52.06
11/23/2024 2:03,26.1,77.6,30.9,114,154.2,67.47,9.7,18.05,50.6
11/23/2024 3:03,25.8,75.6,31.3,111.5,150.8,69.47,9.63,18.69,42.95
11/23/2024 4:03,25.7,76.4,30.1,112,150.1,69.55,9.71,18.17,43.24
11/23/2024 5:03,25.2,76,31.1,111.4,142.2,68.82,9.63,16.87,42.02
11/23/2024 6:03,24.8,76.8,30.2,111.1,140.4,67.64,9.57,15.58,42.17
11/23/2024 7:03,37.9,74.3,28.3,105.4,136.8,63.3,15.44,11.73,33.5
11/23/2024 8:03,26.1,69.6,31.9,107.7,141.2,61.22,36.95,8.85,28.64
11/23/2024 9:03,25.9,70.2,49,106.4,147.1,65.24,41.56,8.86,27.8
11/23/2024 10:03,29.7,76.3,49.6,107.5,147.4,70.45,34.91,9.27,29.95
11/23/2024 11:03,34.3,80,51.1,109.3,145,72.21,36.44,9.78,32.45
11/23/2024 12:03,42.4,82.3,53.5,109.1,143.8,67.19,34.93,9.98,30.58
11/23/2024 13:03,37.1,82.8,54.5,113,143.6,70.73,32.02,9.73,28.99
11/23/2024 14:03,33.7,78.3,55.3,112.3,142.9,78.78,34.84,9.92,29.62
11/23/2024 15:03,25.5,78.5,54.6,108.5,146,74.25,36.39,9.68,30.04
11/23/2024 16:03,30.3,81.7,54.5,108.3,146.1,74.25,52.92,9.74,30.6
11/23/2024 17:03,31.5,93.7,60.1,109.3,152.2,71.18,53.36,15.12,40.2
11/23/2024 18:03,30.9,87.7,60.4,112.9,154,70.37,52.06,16.74,46.4
11/23/2024 19:03,31.8,83.4,60.4,113.3,159.2,65.37,26.69,16.02,44.47
11/23/2024 20:03,26,87.7,56.4,114.9,154.6,68.68,28.68,19.93,43.77
11/23/2024 21:03,26.2,85.3,52.7,115.8,160.7,70.58,25.83,19.65,44.5
11/23/2024 22:03,26.3,88.9,51.5,116.3,173.9,66.78,14.53,18.8,45.59
11/23/2024 23:00,26.4,88,52.4,113.9,167.8,66.77,9.75,21,44.02
11/24/2024 0:00,25.3,80.7,50.5,112.1,166.1,65.72,9.91,20.2,44.29
11/24/2024 1:00,25.9,79.5,49.1,110.1,164.4,66.6,9.8,19.87,43.8
11/24/2024 2:00,25.9,81,51.3,114,162.4,70.82,9.81,20.66,43.72
11/24/2024 3:00,26,78.4,49.3,111.5,168.6,69.55,9.83,21.1,45.69
11/24/2024 4:00,33.9,79.9,49.7,112,166,68.08,9.75,20.7,44.51
11/24/2024 5:00,33.9,79.3,49.4,111.4,163.8,65.67,9.79,18.58,44.38
11/24/2024 6:00,32.6,78,47.9,108.1,167.9,67.16,9.73,15.95,44.32
11/24/2024 7:00,27.3,74.1,45.8,105.4,161.2,64.56,9.17,12.41,34.51
11/24/2024 8:00,26.9,72,46.6,107.7,154.8,64.79,24.81,9.88,31.13
11/24/2024 9:00,30.4,71.6,49,106.4,151.6,64.34,39.21,10.62,30.53
11/24/2024 10:00,28.7,71.3,48.6,107.5,145,62.77,33.99,10.48,30.61
11/24/2024 11:00,26.3,73.3,47,109.3,141.7,62.35,32.41,10.08,31.57
11/24/2024 12:00,21.2,72.8,44.7,109.1,143.4,64.44,29.96,10.19,32.81
11/24/2024 13:00,21.1,73,45.5,113,145.5,62.06,29.13,10.05,33.63
11/24/2024 14:00,21.3,73,46,112.3,149.7,62.34,27.05,10.28,34.97
11/24/2024 15:00,21.1,76.1,46.8,108.5,146.5,64.99,17.89,10.67,37
11/24/2024 16:00,21,82.9,48.2,108.3,145.6,64.53,9.96,9.78,35.27
11/24/2024 17:00,23,90.9,54.5,111.3,153.8,64.85,10.12,14.03,46.14
11/24/2024 18:00,25.6,92.4,57.5,112.9,154.8,66.47,10.58,16.99,56.56
11/24/2024 19:00,25.8,92.6,56,113.3,158.9,66.51,10.45,16.03,50.25
11/24/2024 20:00,25.7,91.1,54.3,114.9,163,69.25,10.55,15.9,46.88
11/24/2024 21:00,26.2,87.6,50.2,115.8,163.4,69.64,10.69,15.99,46.35
11/24/2024 22:00,25.7,87.1,50.3,116.3,162.6,62.18,10.62,16.17,48.95
11/24/2024 23:00,26.1,86.7,52.45,108.9,162.35,61.18,10.86,16.11,49.25
11/25/2024 0:00,25.5,85.9,51.8,112.7,166.7,60.95,10.6,16.21,48.03
11/25/2024 1:00,25.6,83.4,53.7,117.4,166.3,63.76,10.53,16.07,47.86
11/25/2024 2:00,25.9,83,54.7,117.5,170.7,63.82,10.54,17.28,48.17
11/25/2024 3:00,25.6,81.6,54.2,117.4,166.1,63.63,10.56,17.34,49.99
11/25/2024 4:00,25.9,81.2,50.1,122.8,165.5,62.17,10.62,18.87,49.05
11/25/2024 5:00,25.7,80.6,66.2,135.2,166.5,61.45,10.54,17.03,51.38
11/25/2024 6:00,26.2,82.5,62.2,148.9,176.3,64.56,10.42,16.2,59.5
11/25/2024 7:00,96.1,91.6,60,199.1,169.9,66.16,11.68,15.26,63.64
11/25/2024 8:00,167,139.9,97.9,321.6,195.4,72.93,15.36,17.3,122.95
11/25/2024 9:00,172.6,251.6,214.4,417.3,237.1,84.18,15.28,27.77,175.14
11/25/2024 10:00,156.9,285.2,257.5,471.7,245.4,110.46,24.49,30.94,182.71
11/25/2024 11:00,152,284.9,273,476.2,244,120.35,15.56,33.48,171.07
11/25/2024 12:00,165.8,282.5,274.6,466.7,251.7,127.95,25.5,32.71,160.42
11/25/2024 13:00,160.4,252.3,258.4,433.6,245.9,125.51,25.98,22.8,141.93
11/25/2024 14:00,148.4,237.4,243.4,392.8,229,122.96,19.09,21.47,120.92
11/25/2024 15:00,133.3,213.2,216.9,349.5,222.6,118.6,8.73,15.64,94.92
11/25/2024 16:00,114.9,217.4,238.1,336.3,205.5,112.99,8.6,23.62,76.48
11/25/2024 17:00,115.6,219.3,219.3,310.7,201.7,98.69,9.13,29.58,92.81
11/25/2024 18:00,101.8,190.2,173,237.1,197.4,92.81,9.59,25.65,95.75
11/25/2024 19:00,68.6,170.1,128.6,170.8,183.4,88.99,9.69,20.74,73.42
11/25/2024 20:00,36.7,131.2,111.9,148.8,187.8,82.38,9.68,17.76,57.21
11/25/2024 21:00,30.1,109.3,88.9,146.9,186.9,80.87,9.66,17.24,49.86
11/25/2024 22:00,27.4,106.4,75.8,156.8,212.8,81.81,9.66,17.71,50.99
11/25/2024 23:00,27.45,106.45,74.65,138.3,176.6,76,9.5,19.33,48.16
11/26/2024 0:00,26.8,101.2,74.5,136,174.4,76.51,9.63,17.13,50.34
11/26/2024 1:00,27.2,97.4,72.8,135.7,173.2,79.13,9.59,17.12,50.64
11/26/2024 2:00,26.8,95.6,70.4,137.5,168,77.96,9.55,17,50.94
11/26/2024 3:00,27,95.2,72.5,140,180.8,79.81,9.61,17.55,52.04
11/26/2024 4:00,27.3,95.8,72.7,139.9,167.5,77.35,9.58,16.89,51.02
11/26/2024 5:00,26.4,97.3,90.1,177,168.5,78.2,9.46,17.13,53.49
11/26/2024 6:00,27.5,99.5,81.7,221.6,177,74.5,9.48,17.38,62.07
11/26/2024 7:00,89.9,114,85.6,238.8,180,77.59,10.52,15.33,71.96
11/26/2024 8:00,174,178.6,179.3,337.4,209.2,84.53,13.47,22.81,134.16
11/26/2024 9:00,182.2,263.2,245.5,434,233.1,98.61,16.39,34.56,182.76
11/26/2024 10:00,175.1,300.4,298.7,486.7,259.7,118.8,14.62,40.81,202.72
11/26/2024 11:00,180.7,323.8,294.6,495.7,255.1,123.06,13.83,32.97,195.1
11/26/2024 12:00,176.1,308.3,276.2,488.8,241.8,114.2,12.97,29.52,176.96
11/26/2024 13:00,168.7,282.5,258.6,480.5,245,111.23,12.24,28.41,141.49
11/26/2024 14:00,159.1,282.4,257.9,451.3,233.5,108.52,11.53,28.51,122.62
11/26/2024 15:00,133.2,226.7,210.5,393.7,214.3,102.93,10.64,29.16,97.05
11/26/2024 16:00,125.2,224.6,183.9,373.8,211.9,104.44,11.72,32.51,86.2
11/26/2024 17:00,107.3,213,169,352.9,213.9,96.04,12.11,32.42,86.02
11/26/2024 18:00,96.5,184.1,142,324.8,194.6,94.32,12.29,28.91,86.68
11/26/2024 19:00,77.8,155.5,110.7,222.2,187.7,81.48,12.35,20.66,74.34
11/26/2024 20:00,54.9,120.6,98.8,172,177.2,72.56,12.33,17.18,61.61
11/26/2024 21:00,49.8,102,92.3,158.1,172.1,66.64,12.38,17.04,60
11/26/2024 22:00,30.1,99,94.4,153.3,172.8,63.2,11.17,16.51,56.41
11/26/2024 23:00,28.3,94.7,95.3,149.6,172.5,58.44,10.23,16.89,54.16
11/28/2024 0:08,33.4,80.1,62,135.9,164.4,63.4,9.56,16,48.65
11/28/2024 1:08,29.1,77.1,61.3,138.4,165.8,60.24,9.55,15.72,48.97
11/28/2024 2:08,28.6,77.1,60,143,160.8,61.11,9.54,15.74,48.59
11/28/2024 3:08,26.4,85.7,66.8,146.1,159.9,65.08,7.11,15.3,50.6
11/28/2024 4:08,26.4,91.8,67.3,139.3,167.8,64.49,7.14,15.17,49.95
11/28/2024 5:08,26.4,91.5,85.7,181.6,161.3,61.19,7.15,16.01,53.84
11/28/2024 6:08,31.3,91.5,85.4,203.9,166,61.83,7.32,15.64,60.09
11/28/2024 7:08,101,107.1,89.3,231.6,165.9,61.28,15.69,13.85,75.29
11/28/2024 8:08,164,164.4,140.6,348.9,197.4,84.05,39.02,17.26,125.34
11/28/2024 9:08,171.5,245.7,250,411.7,226.6,110.92,58.64,27.83,152.86
11/28/2024 10:08,163.5,285.6,290.3,451.7,232.6,122.57,60.66,37.92,171.85
11/28/2024 11:08,173.9,312.6,296.6,479.3,244.7,122.13,62.97,29.91,160.7
11/28/2024 12:08,156.1,292.3,281,478.1,244.6,121.54,63.75,22.35,149.93
11/28/2024 13:08,168.9,268.8,259.3,458.5,222.3,118.75,59.93,21.61,138.93
11/28/2024 14:08,160.2,246.7,228.3,396.6,203.9,118.18,65.01,17.82,107.96
11/28/2024 15:08,140.2,226.1,205,376.7,213.9,116.39,63.82,16.59,74.25
11/28/2024 16:08,130,197.6,184.5,350.6,205.5,111.52,64.96,16.3,67.51
11/28/2024 17:08,118.6,186.5,157,319.6,189.6,109.49,67.2,23.06,85.37
11/28/2024 18:08,90.9,154.8,127.7,270.5,173.6,103,64.95,21.55,76.59
11/28/2024 19:08,64,126.4,104.8,191.3,169.2,89.37,69.78,20.97,68.33
11/28/2024 20:08,49.4,112.8,94.5,163.2,164.2,72.34,44.76,20.13,62.03
11/28/2024 21:08,42.5,100,78.8,157,158.5,65.81,54.48,17.95,60.3
11/28/2024 22:08,40.9,96.2,82.1,155.4,167.2,64.43,55.47,18.36,66.37
11/28/2024 23:00,42.1,91,74.4,145.8,160.4,64.7,34.35,18.56,56.49
11/29/2024 0:00,39.7,87.4,70,145.4,160.1,65.34,12.28,18.6,57.74
11/29/2024 1:00,40.6,85.9,68.3,146.8,162.2,65.94,8.68,18.26,57.34
11/29/2024 2:00,41.8,84.8,67.2,145.3,160,64.89,8.63,19.48,57.04
11/29/2024 3:00,41.3,84.6,66.3,145.7,157.5,64.44,8.93,20.68,58.28
11/29/2024 4:00,42,84.1,67.6,145.8,162,61.22,9.81,20.75,57.93
11/29/2024 5:00,41.2,86.6,84.3,174.1,159.4,61.82,9.87,20.07,60.23
11/29/2024 6:00,38.6,88.6,78.7,202.9,157.4,64.02,9.71,18.13,67.69
11/29/2024 7:00,90.4,107.9,87.1,219.5,167.4,62.82,12.98,17.88,74.46
11/29/2024 8:00,143.2,137.7,107.2,313.1,191.3,73.7,36.69,18.56,95.38
11/29/2024 9:00,182.5,206.4,193.5,380.8,209.5,95.87,35.52,27.28,125.53
11/29/2024 10:00,157.5,231.1,241.5,429.5,237.3,108.68,35.46,35.13,131.11
11/29/2024 11:00,156.6,243.5,250.6,460.3,254.2,112.22,33.93,32.97,118.55
11/29/2024 12:00,158,236.4,238,442,255.3,108.22,33.06,22.62,112.14
11/29/2024 13:00,146.1,212.3,226.4,430.2,241.9,112.13,29.85,19.82,103.72
11/29/2024 14:00,126.6,201.2,209.1,394.2,211.6,114.31,35.6,16.56,89.12
11/29/2024 15:00,109.9,185.5,181.6,347.8,214.9,98.31,27.4,10.58,65.09
11/29/2024 16:00,97,177.1,146.9,323.8,201,83.27,13.13,10.17,56.05
11/29/2024 17:00,85.6,158.7,139.4,290,183,80.69,12.53,15.39,63.19
11/29/2024 18:00,81.6,139.9,100.6,251.5,167.9,81.43,9.67,16.67,70.06
11/29/2024 19:00,66.9,118.6,78.4,198.1,163.6,73.84,9.7,17.15,63.3
11/29/2024 20:00,47.2,105.9,69.9,157.3,160.2,69.95,9.8,16.8,57.11
11/29/2024 21:00,33.1,96.6,65.5,151.8,154,63.38,9.94,16.8,55.88
11/29/2024 22:00,32.8,90.9,63.7,147.5,151.5,61.12,9.94,16.95,55.41
11/29/2024 23:00,29.6,89.4,63.2,162.3,165.2,55.59,9.99,17.3,55.35
12/1/2024 0:08,27.8,80.7,62.4,154.3,159.4,57.34,8.5,16.89,57.69
12/1/2024 1:08,30,79.5,61.5,148.6,156.5,58.69,8.9,18.89,57.71
12/1/2024 2:08,27.7,81,60.3,144.3,149.7,60.13,9.35,19.89,57.85
12/1/2024 3:08,29.7,80,58.2,138.2,143.6,61.11,9.9,17.89,57.89
12/1/2024 4:08,36.3,79.8,57.3,137.5,145.8,61.47,9.79,20.7,56.53
12/1/2024 5:08,35,81.2,57.9,136.5,152.7,62.47,9.84,16.47,57.85
12/1/2024 6:08,35.6,78.7,58.4,137.6,146.9,62.86,9.82,14.51,57.05
12/1/2024 7:08,31.5,78.5,55,133.7,149.1,63.38,9.36,11.96,51.21
12/1/2024 8:08,31.8,76.6,54.7,130.7,141.5,62.81,8.86,8.78,43.92
12/1/2024 9:08,31.3,76,58.8,138.5,146.7,66.78,8.79,8.2,43.45
12/1/2024 10:08,30.2,73.4,60.2,140.4,139.2,60.11,8.74,8.25,44.04
12/1/2024 11:08,29,76.2,64.1,143.4,141.9,62.28,8.88,8.45,43.79
12/1/2024 12:08,26.8,77.2,61.5,142.2,142.4,58.78,8.9,8.31,43.88
12/1/2024 13:08,26.3,75.7,62.7,142,145.3,58.51,8.85,8.42,46.76
12/1/2024 14:08,26.5,78.8,59,141.2,149.3,59.67,8.96,7.71,45.67
12/1/2024 15:08,26.3,90,56.4,141.1,142.4,62.19,8.97,7.75,48.96
12/1/2024 16:08,25.9,90,56.6,141.2,140.6,61.99,8.89,8.51,49.69
12/1/2024 17:08,29.5,93.7,64.6,145.1,152.7,66.34,9.76,13.6,61.9
12/1/2024 18:08,30.9,92.1,64.6,143.2,152.8,66.27,9.8,14.22,60.31
12/1/2024 19:08,30.1,93.8,65,140.5,151.7,63.86,9.75,14,60.81
12/1/2024 20:08,28.3,89.1,65.1,142,158.4,63.03,9.81,14.25,59.49
12/1/2024 21:08,27.3,81.4,62.6,140.9,155.1,59.18,9.9,14.44,59.98
12/1/2024 22:08,29.7,81.5,57.1,137,155.1,53.6,9.53,14.34,54.48
12/1/2024 23:08,30.5,83,54.9,125.8,159.4,57.36,10.49,14.96,51.72
12/2/2024 0:08,27.8,84.9,51.8,116.2,164.7,60.95,11.6,15.21,48.03
12/2/2024 1:08,30,83.4,53.7,117.4,166.3,63.76,10.53,16.07,47.86
12/2/2024 2:08,36.3,83,54.7,117.5,170.7,63.82,10.54,17.28,48.17
12/2/2024 3:08,29.7,81.6,54.2,117.4,166.1,63.63,10.56,17.34,49.99
12/2/2024 4:08,36.3,81.2,50.1,122.8,165.5,62.17,10.62,18.87,49.05
12/2/2024 5:08,35,80.6,66.2,135.2,166.5,61.45,10.54,17.03,51.38
12/2/2024 6:08,35.6,82.5,61.3,148.9,176.3,64.56,10.42,16.2,59.5
12/2/2024 7:08,31.5,91.6,60,199.1,169.9,66.16,11.68,15.26,63.64
12/2/2024 8:08,31.8,139.9,97.9,321.6,195.4,73.63,16.36,18.3,122.95
12/2/2024 9:08,31.3,251.6,214.4,417.3,237.1,84.18,15.28,27.77,175.14
12/2/2024 10:08,30.2,285.2,257.5,471.7,245.4,111.89,24.49,30.94,182.71
12/2/2024 11:08,29,284.9,273,476.2,244,120.35,15.56,33.48,171.07
12/2/2024 12:08,26.8,282.5,274.6,466.7,251.7,128.95,25.5,32.71,160.42
12/2/2024 13:08,26.3,252.3,258.4,433.6,244.9,125.51,24.98,22.8,140.93
12/2/2024 14:08,26.5,237.4,243.4,392.8,229,122.96,19.09,21.47,120.92
12/2/2024 15:08,26.3,213.2,216.9,349.5,222.6,118.6,8.73,15.64,94.92
12/2/2024 16:08,25.9,217.4,238.1,336.3,204.5,112.99,8.6,23.62,76.48
12/2/2024 17:08,29.5,219.3,220.3,310.7,202.5,98.69,9.13,29.58,92.81
12/2/2024 18:08,30.9,190.2,173,237.1,197.4,92.81,9.59,25.65,95.75
12/2/2024 19:08,30.1,170.1,128.6,170.8,183.4,88.99,9.69,20.74,73.42
12/2/2024 20:08,28.3,131.2,112.2,148.8,187.8,85.61,9.68,17.76,57.21
12/2/2024 21:08,27.3,109.3,88.9,146.9,186.9,80.87,9.66,17.24,49.86
12/2/2024 22:08,29.7,106.4,75.8,156.8,212.8,81.81,9.66,17.71,50.99
12/2/2024 23:08,28.5,107.5,75.2,153.5,176.6,74.64,9.54,21.21,46.75
12/3/2024 0:00,26.8,100.2,74.5,136,174.4,78.51,9.63,16.13,51.34
12/3/2024 1:00,27.2,97.4,72.8,135.7,173.2,79.13,9.59,18.12,50.64
12/3/2024 2:00,26.8,95.6,70.4,137.5,168,77.96,9.55,17,50.94
12/3/2024 3:00,27,95.2,72.5,140,180.8,79.81,9.61,16.55,52.04
12/3/2024 4:00,27.3,95.8,72.7,139.9,167.5,77.35,9.58,16.89,51.02
12/3/2024 5:00,26.4,97.3,91.1,177,168.5,78.2,9.46,17.13,53.49
12/3/2024 6:00,27.5,99.5,81.7,221.6,177,74.5,9.48,17.38,62.07
12/3/2024 7:00,89.9,114,85.6,238.8,180,77.59,11.52,15.33,71.96
12/3/2024 8:00,174,179.6,179.3,337.4,210.1,84.53,13.47,22.81,134.16
12/3/2024 9:00,182.2,263.2,245.5,434,233.1,98.61,16.39,34.56,182.76
12/3/2024 10:00,175.1,300.4,298.7,486.7,259.7,120.69,14.62,40.81,202.72
12/3/2024 11:00,180.7,323.8,294.6,497.7,255.1,123.06,13.83,32.97,195.1
12/3/2024 12:00,176.1,308.3,276.2,488.8,243.6,114.2,12.97,29.52,176.96
12/3/2024 13:00,168.7,282.5,258.6,480.5,245,113.33,12.24,28.41,141.49
12/3/2024 14:00,159.1,282.4,257.9,451.3,233.5,108.52,11.53,28.51,122.62
12/3/2024 15:00,133.2,226.7,211.1,394.7,214.3,102.93,10.64,29.16,97.05
12/3/2024 16:00,125.2,224.6,183.9,373.8,211.9,104.44,11.72,32.51,86.2
12/3/2024 17:00,107.3,213,169,352.9,213.9,96.04,12.11,32.42,86.02
12/3/2024 18:00,96.5,184.1,143,324.8,194.6,94.32,12.29,28.91,86.68
12/3/2024 19:00,77.8,155.5,110.7,222.2,186.3,83.51,12.35,20.66,74.34
12/3/2024 20:00,54.9,120.6,98.8,172,177.2,72.56,12.33,17.18,61.61
12/3/2024 21:00,49.8,102,92.3,158.1,172.1,64.64,12.38,17.04,60
12/3/2024 22:00,30.1,99,94.4,153.3,172.8,63.2,11.17,16.51,56.41
12/3/2024 23:00,28.3,94.7,84.7,150.1,172.5,58.44,11.23,15.89,54.16
12/5/2024 0:00,31,101.1,80.3,155.7,146.9,59.08,9.8,15.33,50.53
12/5/2024 1:00,31.5,95.1,81.3,150.1,147.7,59.89,9.86,15.41,51.13
12/5/2024 2:00,31,95.4,81.5,149,147.3,58.88,9.72,15.2,50.09
12/5/2024 3:00,31.1,96.4,79.1,148.9,146.9,58.39,9.76,14.89,52.46
12/5/2024 4:00,31.1,94,80.3,151.4,148.7,57.64,9.64,14.93,50.48
12/5/2024 5:00,31.2,97.3,92,177.1,147.6,58.66,9.67,14.91,52.67
12/5/2024 6:00,31.6,97,87.9,188,150.6,60.1,9.6,15.34,60.4
12/5/2024 7:00,84.7,120.6,94.2,232.6,154.1,58.11,10.58,14.81,74.29
12/5/2024 8:00,156.4,166.2,136,338.9,172.6,69.83,28.85,18.27,101.4
12/5/2024 9:00,177,256.1,236.3,417,199.9,105.2,42.24,35.13,160.56
12/5/2024 10:00,170.1,305.8,322.4,488.2,230,127.67,50.05,39.37,185.38
12/5/2024 11:00,164.7,339.8,330,513.4,239,135.56,42.55,36.25,162.26
12/5/2024 12:00,169,331.2,346.1,510.8,226.9,135.05,39.97,30.54,154.05
12/5/2024 13:00,189,293.4,363.8,508.2,224.7,127.4,40.23,28.82,127.3
12/5/2024 14:00,167.5,292.3,321.2,478.2,216.7,125.47,37.38,22.84,112.27
12/5/2024 15:00,135.3,291.7,258.3,458.1,218.7,120.03,18.09,22.89,88.3
12/5/2024 16:00,131.3,259.1,252.1,435.2,221.4,112.37,12.63,25.47,73.35
12/5/2024 17:00,125.4,223.7,217.4,399.1,205.1,103.13,13.59,29.27,79.75
12/5/2024 18:00,86.1,185.5,135.5,342.3,178,96.25,14.48,23.13,69.8
12/5/2024 19:00,56.7,150.1,110.1,266,174.9,82.96,11.31,19.54,59.6
12/5/2024 20:00,45,126.6,90.6,203.8,170.2,70.67,9.82,18.05,54.92
12/5/2024 21:00,33.3,104.1,83.7,175.8,161.7,61.79,10.04,17.78,51.29
12/5/2024 22:00,32.2,100.8,78.9,159,162.9,59.86,9.97,18.11,50.75
12/5/2024 23:00,32.15,96.85,75.55,153.4,142.55,60.1,9.94,18.94,49.9
12/6/2024 0:00,31.4,94.5,69.7,152.4,151,59.2,9.85,19.59,48.19
12/6/2024 1:00,31.3,91.5,73.6,153.1,149.7,60.02,9.92,21.43,47.99
12/6/2024 2:00,31.4,88.4,74.7,150.9,151.3,61.15,9.83,20.2,46.82
12/6/2024 3:00,31.1,89.7,70.2,150.5,150.4,61.26,9.9,20.27,48.82
12/6/2024 4:00,37.6,88.6,69.3,149.2,152.4,61.61,9.93,20.45,47.75
12/6/2024 5:00,36.8,91,86.8,174.1,147.7,58.34,9.95,19.3,48.67
12/6/2024 6:00,37.5,94.8,82.4,192.5,149.6,59.4,9.95,17.22,56.76
12/6/2024 7:00,89.8,114,84,233.3,155.7,62.07,9.72,17.8,66.72
12/6/2024 8:00,145.5,153.6,108.8,337.1,173,73.46,12.36,20.91,110.58
12/6/2024 9:00,176.5,213.6,185.7,404,200.9,98.13,14.33,25.57,139.68
12/6/2024 10:00,161.6,236.3,224.2,437,208.5,121.89,14.72,32.55,135.57
12/6/2024 11:00,146,244.2,244.7,443.4,222.1,116.01,14.09,28.79,124.09
12/6/2024 12:00,144.5,231.2,230.3,431,217.8,117.74,14.7,22.33,111.37
12/6/2024 13:00,132,211.2,228.9,422.1,206.1,115.02,17.71,19.28,98.16
12/6/2024 14:00,124.4,212.3,205.6,408.7,199.4,114.97,27.29,14.72,73.19
12/6/2024 15:00,99.8,198.5,160.1,362.7,206.9,106.86,29.9,10.53,56.07
12/6/2024 16:00,98.8,180.8,161.6,335.8,190.7,97.68,38.88,11.19,49.69
12/6/2024 17:00,95.9,160.5,150.9,310.2,186.4,95.3,31.22,15.77,60.01
12/6/2024 18:00,78.7,137.7,120.7,263.9,168.8,89.25,28.55,16.55,59.86
12/6/2024 19:00,65.2,115.9,84.9,201.2,157.6,84.89,29.7,16.09,52.52
12/6/2024 20:00,51.8,102.4,74.3,159.2,161.6,83.59,11.02,16.11,50.08
12/6/2024 21:00,32.5,92.5,67.1,149.3,158.3,71.18,8.77,16.02,49.52
12/6/2024 22:00,31.4,85.6,60.9,147.7,171.2,62.4,8.67,15.85,48.78
12/6/2024 23:00,30.55,87.8,58.25,144.85,147.9,60.03,8.54,15.9,46.4
12/7/2024 0:00,31.1,84,60.1,143.2,146.5,59.65,8.69,16.5,46.91
12/7/2024 1:00,30.4,82.6,59.4,143.3,146.6,60.52,8.69,16.5,47.15
12/7/2024 2:00,30.6,82.3,60.3,141.7,145,60.43,8.71,18.4,47.78
12/7/2024 3:00,30.4,81.7,57.8,139.7,147,61.38,8.74,19.38,48.84
12/7/2024 4:00,31.1,82.6,57.4,141,146.1,60.04,8.66,19.11,48.21
12/7/2024 5:00,31.5,83.3,59.7,140.6,144.3,59.81,8.72,17.94,47.69
12/7/2024 6:00,30.7,84.7,58.3,140,144.1,60.86,8.7,15.45,47.06
12/7/2024 7:00,45.7,83.6,58.4,136.9,142.3,61.58,8.44,13.97,43.01
12/7/2024 8:00,32.8,86.1,54.8,133.5,148.9,61.92,40.26,11.25,35.29
12/7/2024 9:00,32.3,113.6,68.7,136,150.1,62.3,41.19,9.84,34.45
12/7/2024 10:00,32.2,102.5,79.8,141.3,146.6,64.24,50,14.99,38.34
12/7/2024 11:00,34.8,95.2,75,148.4,155.5,64.42,49.05,15.17,42.12
12/7/2024 12:00,41.2,112.3,63,161.9,157.9,66.13,45.82,15.52,42.72
12/7/2024 13:00,40.1,115.4,58.7,159.6,159.4,62.81,45.6,14.46,42.19
12/7/2024 14:00,33,104,62.6,158,159.4,62.87,50.08,14.5,41.01
12/7/2024 15:00,34.3,101.3,64.8,151.3,154.4,62.3,61.61,14.6,41.08
12/7/2024 16:00,34.6,101.6,63.5,151.9,155.7,68.51,63.7,15.94,44.14
12/7/2024 17:00,41.1,100.3,72.4,156.9,149.3,67.75,61.56,16.92,50.55
12/7/2024 18:00,34.3,100.3,71.9,155.1,151.3,69.69,63.73,16.1,53.13
12/7/2024 19:00,32.7,95.9,70.5,155.5,147.3,70.25,59.48,16,48.11
12/7/2024 20:00,28.3,94.7,68.9,149.6,148.8,67.19,57.22,15.78,47.57
12/7/2024 21:00,27.6,91.6,64.6,145.6,148.7,59.37,53.88,15.76,47.38
12/7/2024 22:00,25.6,90.1,63.2,142.9,146.7,57.8,51.39,16.3,46.86
12/7/2024 23:00,23.85,90.9,62.85,144.35,157,60.12,41.74,16.09,47.22
12/8/2024 0:00,24.6,90.3,63.8,140.5,145.1,55.44,29.66,20.19,47.27
12/8/2024 1:00,24.6,91.3,61.7,140.5,148.5,54.15,26.82,19.6,46.85
12/8/2024 2:00,24.8,87.5,56.4,141,147.4,53.63,18.91,19.46,46.76
12/8/2024 3:00,24.5,82.7,58.6,139.8,147.5,57.33,11.97,19.79,48.83
12/8/2024 4:00,32.2,82.5,59.3,141,146.6,55.57,10.26,19.83,48.51
12/8/2024 5:00,31.5,81.2,60,140.7,148.2,53.89,9.89,18.57,48
12/8/2024 6:00,32,83.6,60.6,142.1,149.9,54.24,9.97,16.05,47.67
12/8/2024 7:00,30.2,83.3,58.7,137.2,145.4,54.98,9.66,14.05,42.21
12/8/2024 8:00,38,75.1,54,133.8,139.2,55.79,8.61,10.77,35.23
12/8/2024 9:00,58.4,75.6,55.2,137.5,138.4,54.88,7.51,9.48,35.07
12/8/2024 10:00,45.2,78.6,56.9,145.6,136.3,56.62,8.22,9.32,35.74
12/8/2024 11:00,40.8,77.2,55.9,147.8,131.8,54.43,8.65,9.4,35.35
12/8/2024 12:00,49.1,79.7,55.4,146.1,134.1,58.98,8.69,11.33,34.74
12/8/2024 13:00,39.2,83.9,55.4,142.7,132.5,62.54,8.72,12.1,38.54
12/8/2024 14:00,39.4,85.4,56.2,148.9,134.8,62.4,8.72,12.52,39.69
12/8/2024 15:00,28.5,89.5,55.4,149.4,137.1,60.69,8.72,13.02,39.13
12/8/2024 16:00,28.8,89.7,61.2,146,140.1,59.68,8.81,15.19,38.71
12/8/2024 17:00,38,98.3,68,148.3,151.4,59.61,9.63,19.87,51.57
12/8/2024 18:00,40.5,98,70.7,148,153.1,61.96,9.73,17.27,50.68
12/8/2024 19:00,38.7,96.4,65.8,146.7,147,63.46,9.63,15.94,49.89
12/8/2024 20:00,40,92.6,63.8,145,144.5,64.82,9.56,15.43,49.42
12/8/2024 21:00,33.7,91.8,58.7,141,147,59.87,9.71,15.54,49.72
12/8/2024 22:00,29.9,91.1,57.2,142.1,148.3,60.39,9.79,15.91,50.63
12/8/2024 23:00,28.85,80.8,51.95,137.7,137.7,60.12,9.7,15.5,50.23
12/9/2024 0:00,26.1,80.1,55.5,140.2,147.9,58.42,9.73,17.89,50.78
12/9/2024 1:00,25.3,81.5,54.7,139,146.2,60.45,9.69,18.97,50.46
12/9/2024 2:00,25.3,79.3,58.3,138.8,144.8,60.64,9.61,18.89,49.96
12/9/2024 3:00,25.3,77.2,55.7,139.6,146.3,58.66,9.69,18.47,51.47
12/9/2024 4:00,25.6,78.9,55.3,139.5,145.8,54.73,9.63,18.65,50.81
12/9/2024 5:00,25.8,78.7,71.6,172.2,148.2,54.91,9.69,16.51,52.67
12/9/2024 6:00,26.8,80.4,65.4,179.1,145.3,57.45,9.57,15.48,59.41
12/9/2024 7:00,82.5,102.4,67,216.7,155.3,60.54,12.52,16.47,70.33
12/9/2024 8:00,125.5,148.3,92.9,326.8,178,73.49,37.6,21.11,115.49
12/9/2024 9:00,149.3,247.1,225.5,420.2,219.8,110.99,48.89,33.41,165.66
12/9/2024 10:00,145,272.9,261.1,468.2,241.9,128.87,35.84,38.85,180.93
12/9/2024 11:00,149.1,296.6,271.7,496.6,254.2,132.58,37.05,35.72,180.75
12/9/2024 12:00,139.5,280.9,257.4,493.5,259.1,133.41,35.87,27.06,158.88
12/9/2024 13:00,144.2,251.1,215.8,444.1,248.3,122.05,37.12,21.38,144.6
12/9/2024 14:00,136.7,259,220.4,436,228.8,116.95,41.71,19.01,152.78
12/9/2024 15:00,127.6,256.6,186.4,408.6,221.6,115.35,41.03,16.15,121.88
12/9/2024 16:00,106.2,223.3,181.4,379.8,217.1,105.45,43.32,23,102.52
12/9/2024 17:00,97.6,224.2,160,347.3,198,102.8,40.25,30.57,87.57
12/9/2024 18:00,85.4,197.6,118.7,297.1,181.2,90.69,19.02,22.44,82.8
12/9/2024 19:00,65.3,154.2,93,225.2,174.5,81.04,18,21.99,72.95
12/9/2024 20:00,49.3,115.2,84.3,156.9,166.9,73.22,17.46,17.87,63.58
12/9/2024 21:00,29.9,104.6,76.1,148.3,166.7,60.01,10.27,17.09,54.58
12/9/2024 22:00,27.5,96,69.6,145.3,165.5,59.71,9.49,17.32,48.75
12/9/2024 23:00,26.1,93.75,68.1,145.75,180.95,59.2,9.43,16.84,48.13
12/10/2024 0:00,26.7,92.6,68,143.4,162.3,57.86,9.46,16.8,48.95
12/10/2024 1:00,27,93,66.8,142.3,165.5,56.85,9.36,16.84,48.37
12/10/2024 2:00,27.2,94.9,64.4,140.6,164.4,57.38,9.44,17.06,48.27
12/10/2024 3:00,27.4,93.3,64.3,141.8,166.6,57.85,9.47,14.08,50.05
12/10/2024 4:00,26.9,92.6,64.7,140.5,163,56.98,9.42,12.23,49.2
12/10/2024 5:00,26.9,89.5,80.5,169.5,162.1,58.55,9.48,12.06,50.46
12/10/2024 6:00,28.2,93.1,77.7,183.8,164.1,59.98,9.37,12.39,59.17
12/10/2024 7:00,79.1,111.1,78.4,231.7,170.8,62.51,11.71,13.32,66
12/10/2024 8:00,125.4,152.5,105.2,348.3,188.8,71.86,21.71,16.28,107.82
12/10/2024 9:00,146.1,256.3,224.2,444.6,237.2,95.76,32.72,26.9,144.94
12/10/2024 10:00,155.9,290.4,285.3,499.1,261.7,118.3,38.44,35.88,163.68
12/10/2024 11:00,162.5,318.6,281.4,519.9,265.5,126.28,35.52,28.75,165.45
12/10/2024 12:00,162.4,312.5,268.4,526.6,254.3,125.23,34.8,29.51,160.42
12/10/2024 13:00,148.2,292,265.3,491,231.9,123.08,34.4,29.86,138.57
12/10/2024 14:00,144.9,274.9,277.2,471.9,214.1,130.1,32.46,26.66,120.85
12/10/2024 15:00,116.1,273.4,257,425,229.9,125.28,18.11,21.4,103.43
12/10/2024 16:00,113.7,263.5,236.1,417,211.1,117.24,21.8,23.99,92.83
12/10/2024 17:00,104,232.9,182.2,377.1,200.2,103.73,18.16,31.96,93.4
12/10/2024 18:00,105.2,208.4,145.2,320.9,188.4,99.12,18.86,29.77,93.55
12/10/2024 19:00,87.3,182,109.6,244.6,183.3,83.57,18.21,23.05,74.65
12/10/2024 20:00,55.2,141.1,89.2,192.9,169.7,73.22,12.8,20.1,61.74
12/10/2024 21:00,40.6,120.5,79.8,176.5,168.2,66.22,12.84,18.35,57.64
12/10/2024 22:00,36.5,112.4,74.1,169.9,169.3,62.05,13.16,18.1,54.84
12/10/2024 23:00,35.95,107,68.3,166.75,159.55,63.52,11.89,18.05,51.12
12/11/2024 0:00,34.4,101.6,68,162.9,160.5,57.86,13.03,18.07,52.25
12/11/2024 1:00,33.4,100.7,66.8,165.2,155.7,56.85,13.12,17.98,52.07
12/11/2024 2:00,33.9,99.5,64.4,162.7,162.8,57.38,12.96,17.84,51.95
12/11/2024 3:00,33.9,100.8,64.3,162.7,164.3,57.85,13.18,21.01,54.39
12/11/2024 4:00,33.7,103,64.7,189.5,162.4,56.98,12.93,21.94,53.83
12/11/2024 5:00,33.4,104.7,80.5,202.4,166.1,58.55,13.18,20.44,55.82
12/11/2024 6:00,33.6,110.9,77.7,253.9,164.2,59.98,13.07,17.88,61.36
12/11/2024 7:00,90.7,121.6,78.4,372.8,163.7,62.51,15.76,18.44,74.68
12/11/2024 8:00,155.9,163.6,105.2,435.5,192.3,71.86,30.84,23.22,114.11
12/11/2024 9:00,168.7,241.2,224.2,533.9,218.2,95.76,32.73,36.47,144.51
12/11/2024 10:00,166,276.3,285.3,501.5,227.2,118.3,20.94,41.14,162.46
12/11/2024 11:00,179.7,292.6,281.4,484.1,223.7,126.28,24.8,36.68,160.73
12/11/2024 12:00,196.6,275,268.4,458.4,225,125.23,22.81,36.08,157.43
12/11/2024 13:00,177.5,256.1,265.3,413.2,229.6,123.08,23.33,33.39,132.25
12/11/2024 14:00,170,237.4,277.2,374.9,211.4,130.1,19.11,32.26,112.25
12/11/2024 15:00,122,235.6,257,359.3,192.6,125.28,21.12,27.29,91.46
12/11/2024 16:00,109.3,245.3,236.1,339.2,186.1,117.24,37.35,27.13,81.29
12/11/2024 17:00,97,231.1,182.2,290.7,179.6,103.73,53.84,26.05,87.23
12/11/2024 18:00,108,207.2,145.2,223,176.8,99.12,68.46,26.79,83.02
12/11/2024 19:00,69.9,163.2,109.6,177.6,171.3,83.57,63.91,24.12,65.19
12/11/2024 20:00,45.3,139.7,89.2,159.7,162.4,73.22,66.72,23.52,57.98
12/11/2024 21:00,35.3,111.8,79.8,152.7,165,66.22,32.78,21.84,53.56
12/11/2024 22:00,34.3,106,74.1,155.5,169.4,62.05,9.31,21.4,51.54
12/11/2024 23:00,33.2,100.7,68.5,147,153.65,67.12,9.45,21.3,51.7
12/12/2024 0:00,33.4,97,68,147.2,160,57.86,9.56,21.49,51.55
12/12/2024 1:00,32.9,96.9,66.8,142.2,165.5,56.85,9.4,24.7,50.76
12/12/2024 2:00,33.5,96.9,64.4,143,158.3,57.38,9.49,25.41,51.44
12/12/2024 3:00,33.2,95.5,64.3,145,160.7,57.85,9.53,25.14,52.39
12/12/2024 4:00,33.5,97.2,64.7,144.4,162,56.98,9.49,25.25,51.55
12/12/2024 5:00,33.2,98.5,80.5,176.7,156.3,58.55,9.46,22.77,54.36
12/12/2024 6:00,33.3,99.6,77.7,193.3,163.8,59.98,9.44,21.6,60.58
12/12/2024 7:00,90.8,111.8,78.4,241,170.2,62.51,12.57,21.92,77.94
12/12/2024 8:00,153.5,167.9,105.2,375.6,190.3,71.86,31.15,25.48,123.72
12/12/2024 9:00,160.2,226.4,224.2,444.2,200.4,95.76,31.38,29.93,158.23
12/12/2024 10:00,164.7,267.4,285.3,485.3,219.7,126.98,31.51,35.53,174.03
12/12/2024 11:00,157.6,291.5,281.4,492.6,231.3,128.26,31.46,34.57,169.94
12/12/2024 12:00,148,273.1,268.4,471.5,222.8,119.97,57.27,30.06,142.58
12/12/2024 13:00,152.9,242.7,233.9,446.4,210.3,118.04,39.94,29.32,124.25
12/12/2024 14:00,142.5,252.3,218.1,401.4,196.2,114.81,38.77,25.03,108.52
12/12/2024 15:00,120.9,226.3,198.6,370,178.2,99.58,20.41,24.19,84.41
12/12/2024 16:00,111.9,214.5,208.5,362.8,173.9,83.63,13.61,29.06,68.13
12/12/2024 17:00,107.7,213,187.6,345.1,168.6,78.03,12.85,34.77,85.22
12/12/2024 18:00,92.4,180.3,127.4,292.6,163.3,74.92,9.47,25.24,88.43
12/12/2024 19:00,74.2,156.5,106.8,223.5,158.6,68.24,9.45,20.41,74.44
12/12/2024 20:00,53.6,123.9,92.2,164.5,154.9,66.76,9.54,18.5,61.24
12/12/2024 21:00,43,108.5,85.7,159.6,156.1,63.97,9.62,18.32,51.06
12/12/2024 22:00,39.5,99.1,82.1,153.7,159.7,59.76,9.63,18.74,50.55
12/12/2024 23:00,37.85,97.75,85.4,152.05,158.95,61.52,9.64,18.42,50.96
12/13/2024 0:00,39,96.2,82.7,149.9,160.9,60.14,9.54,18.37,51.15
12/13/2024 1:00,38.6,93.7,84.6,147.7,158.6,61.38,9.56,19.04,50.94
12/13/2024 2:00,40.6,94.2,84.5,148.4,152.1,59.96,9.6,22.01,50.6
12/13/2024 3:00,41.1,96.3,82.2,149.9,166.5,60.55,9.51,21.95,52.31
12/13/2024 4:00,41,95.6,80.4,147.1,151.5,61.03,9.52,21.93,51.42
12/13/2024 5:00,40.8,97.1,93.1,181.8,161.2,59.06,9.47,20.89,51.58
12/13/2024 6:00,41.1,100.8,90.8,199,159.4,59.64,9.91,18.22,61.07
12/13/2024 7:00,94.8,113.8,92.8,229.3,168.4,58.93,17.06,18.53,69.44
12/13/2024 8:00,162,177,135.1,340.3,196.5,68.35,31.89,24.06,98.4
12/13/2024 9:00,176.2,237,222.3,378.9,207,101.21,32.8,29.68,139.65
12/13/2024 10:00,174.6,251.2,277.1,414.3,209.4,112.15,32.65,35.5,138.79
12/13/2024 11:00,169,255.3,269.9,439,211.8,116.43,33.24,27.64,128.08
12/13/2024 12:00,166.1,251.2,231.4,427.7,234,120.12,33.43,25.68,116.71
12/13/2024 13:00,144.6,237.8,228.6,391.8,203.2,110.88,32.16,24.46,102.17
12/13/2024 14:00,125.3,213.1,211.2,353.5,183.2,102.11,31.79,22.8,92.44
12/13/2024 15:00,101.9,202.4,155.5,325.6,180.5,98.22,27.76,15.58,59.62
12/13/2024 16:00,94.7,191.8,158.4,300.8,175.4,85.46,14.83,15.82,44.58
12/13/2024 17:00,80.5,183.9,146.8,297.2,166.2,80,12.81,19.58,55.48
12/13/2024 18:00,67.1,178.7,110.5,265.1,154,79.18,12.52,20.03,59.33
12/13/2024 19:00,53,153.7,86.8,207.4,159.7,73.72,11.77,18.66,54.52
12/13/2024 20:00,42.1,134.3,72.1,161.6,150.8,75.41,9.7,18.84,50.69
12/13/2024 21:00,31,116.7,60.8,152.5,160.7,61.07,9.08,18.77,48.08
12/13/2024 22:00,31.2,100,57,144.1,159.4,57.65,9.11,18.52,47.8
12/13/2024 23:00,31.2,90.75,55.5,140.4,144.05,59.38,9.15,18.4,47.96
12/14/2024 0:00,31.1,87.8,60.8,142.1,159.3,57.22,9.04,18.42,48.04
12/14/2024 1:00,31,85.3,57.9,141,151.9,58.24,9.05,18.72,48.06
12/14/2024 2:00,30.7,86.3,56.7,142.3,159,57.51,9.04,18.24,47.94
12/14/2024 3:00,31.2,85.6,56.5,140,159.5,52.89,9.02,18.34,49.74
12/14/2024 4:00,31.8,85,56,138,158.1,60.92,9.1,18.59,48.62
12/14/2024 5:00,31.6,86.3,58.1,138.6,158.9,55.27,9.11,18.48,48.96
12/14/2024 6:00,30.8,86.5,57.6,137,151.4,56.56,8.99,18.43,48.93
12/14/2024 7:00,47.9,84.3,55.9,133.2,156.4,52.19,8.77,16.5,43.87
12/14/2024 8:00,34.9,80.5,53.6,132.8,160.7,50.6,8.06,12.37,35.56
12/14/2024 9:00,32.2,85.2,55,140.3,156.1,53.49,11.94,11.54,37.03
12/14/2024 10:00,37.1,91,56.9,155.3,157.8,50.44,28.52,11.56,36.88
12/14/2024 11:00,51,90.7,65.9,159,154.9,53.46,35.9,10.78,43.17
12/14/2024 12:00,38.1,94.1,63.3,160,152,54.06,38.41,10.93,43.58
12/14/2024 13:00,34.4,95.9,66.6,154.8,154.6,55.21,38.02,11.73,44.2
12/14/2024 14:00,40.1,92.5,65.9,159.5,176.3,51.29,38.83,12.19,48.42
12/14/2024 15:00,31.7,92.4,67,159.3,169,54.39,39.34,11.56,46.03
12/14/2024 16:00,39.5,95.5,68.8,157.5,170.2,54.09,38.77,13.37,44.25
12/14/2024 17:00,45.2,98.1,74.7,153.6,166.9,52.93,40.36,16.79,50.46
12/14/2024 18:00,47,94.1,65.3,153.3,158.8,56.64,38.74,18.17,54.09
12/14/2024 19:00,39.8,93.6,61.9,150.5,155.9,57.49,39.68,17.91,49.43
12/14/2024 20:00,32.5,88.3,61.4,148.4,151.8,57.99,36.79,18.26,47.77
12/14/2024 21:00,30.6,88,58,147.7,151.9,60.73,10.35,18.89,47.53
12/14/2024 22:00,30.6,76.7,57.4,144.1,124.1,58.21,9.04,18.13,47.29
12/14/2024 23:00,29.9,86.3,54.3,144.85,151.3,58.86,8.99,18.22,46.8
12/15/2024 0:00,30.6,81.5,54.8,140.8,149.1,57.7,9.01,18.2,46.77
12/15/2024 1:00,31.2,79.6,54.9,140.3,153.7,56.77,8.98,18.27,47.08
12/15/2024 2:00,30.8,81.4,52.9,140.9,159.9,57.88,9.01,18.09,46.93
12/15/2024 3:00,30.7,80.9,52.8,141.9,154.5,57.57,9.04,22.39,48.92
12/15/2024 4:00,38.2,80.9,52.6,140.8,151.4,57.14,9.03,22.43,48.25
12/15/2024 5:00,37.5,79.6,52,139.5,150.9,58.5,8.91,20.68,47.27
12/15/2024 6:00,37.8,80.9,51.3,139.2,151.2,57.56,8.86,17.14,47.1
12/15/2024 7:00,36,79.3,46.3,139.1,150.9,55.93,8.8,15.77,44.16
12/15/2024 8:00,32.4,75.5,45.9,133.7,149.7,54.12,8.09,12.66,35.46
12/15/2024 9:00,33.1,82.9,46.2,134.8,145,52.98,8.02,15.26,35.92
12/15/2024 10:00,31.9,79.3,46.9,144.2,145.2,53.67,8,14.82,42.04
12/15/2024 11:00,31.7,81.2,47.4,147.7,143.6,55.49,8.11,14.52,43.73
12/15/2024 12:00,27.8,83.2,48.2,148.8,147.3,58.42,8.08,14.14,43.17
12/15/2024 13:00,25.4,81.3,48.5,148.1,144.8,58.98,8.14,9.98,41.35
12/15/2024 14:00,25.8,75.6,48.3,147.9,142.8,63.6,8.18,8.83,37.06
12/15/2024 15:00,26.2,76.1,52.4,143.6,141.6,60.05,8.11,7.8,34.06
12/15/2024 16:00,27.1,78.9,60.1,144.1,141.2,58.38,8.31,9.88,33.91
12/15/2024 17:00,30.5,86,62.6,152.1,147.9,56.45,9,15.46,46.62
12/15/2024 18:00,31.2,87.4,62.4,152.4,154.5,57.42,9.08,15.8,48.97
12/15/2024 19:00,31,87.2,62.9,150.4,156.8,58.16,9.06,15.79,48.86
12/15/2024 20:00,31.1,83,60.3,150.1,154.2,61.74,9.1,15.86,49.23
12/15/2024 21:00,28.5,81.6,56.2,147.8,154.6,59.06,9.04,15.88,48.14
12/15/2024 22:00,28.1,80.6,51.4,144.9,157.6,57.09,9.1,15.98,48.69
12/15/2024 23:00,29.15,78.75,52.9,145.7,161.85,56.78,9,16.69,47.48
12/16/2024 0:00,28.3,79.5,53.2,141.2,157.1,57.48,9.04,19.26,48.31
12/16/2024 1:00,27.5,79.8,52.5,141.4,164.9,54.49,8.95,19.5,47.98
12/16/2024 2:00,27.8,80.4,53.4,141.9,161.1,57.96,9.03,19.52,49.55
12/16/2024 3:00,27.9,80.3,53.6,142.5,161.3,58.8,9.11,19.44,51.49
12/16/2024 4:00,28,80.4,52.9,141.7,159.2,60.52,9.06,19.38,50.52
12/16/2024 5:00,28.2,80.4,65.3,180.3,156.7,57.8,8.91,18.25,50.86
12/16/2024 6:00,27.9,82,65.4,190.8,154.2,59.81,8.84,15.99,57.03
12/16/2024 7:00,94.8,97.8,70.7,237.3,164,56.92,12.14,15.73,70.38
12/16/2024 8:00,154.1,173.2,123.7,363.8,192.9,72.86,12.5,24.18,123.82
12/16/2024 9:00,181.2,297.1,267.6,466.2,224.4,100.26,21.34,34.55,170.78
12/16/2024 10:00,164.2,345,309.2,540.1,239.4,127.22,27.87,40.36,189.07
12/16/2024 11:00,174.8,339.8,299,573.6,256.9,128.96,39.48,42.38,185.57
12/16/2024 12:00,183.1,339.1,292.9,559,280,136.79,27.69,39.04,167.6
12/16/2024 13:00,165.9,310.7,257.2,519.5,268.1,130.07,23.67,33.07,151.19
12/16/2024 14:00,157.4,288.9,247.2,477.6,248.8,116.78,25.35,23.55,142.6
12/16/2024 15:00,134.9,272.6,199.5,447.1,231.6,109.1,38.98,20.01,110.86
12/16/2024 16:00,114.1,275.7,211.5,435.1,218.4,102.84,65.88,24.45,98.35
12/16/2024 17:00,112.5,270.8,217,403.6,214.7,91.23,75.16,28.23,102.9
12/16/2024 18:00,96.8,232.4,185.7,347.3,205.9,86.18,84.26,27.28,102.18
12/16/2024 19:00,59.6,195.7,126.3,262.8,188,80.86,80.64,26.74,86.9
12/16/2024 20:00,38.3,145.8,99.6,184.2,189.8,71.81,77.79,22.83,76.09
12/16/2024 21:00,30.5,112.4,89.6,169,185,61.84,75.44,19.63,57.44
12/16/2024 22:00,31.1,107.2,83,161.5,186.8,59.43,66.9,19.54,54.59
12/16/2024 23:00,30.4,107.55,78.85,158.1,189.6,55.24,15.83,18.5,53.88
12/17/2024 0:00,28.9,101.4,76.4,158.6,180.9,63.02,10.08,18.16,54.27
12/17/2024 1:00,28.2,102,75.5,156.1,182.2,60.36,9.98,18.16,54.27
12/17/2024 2:00,28.4,104,71.6,156,183.6,60.49,10.12,18.02,54.3
12/17/2024 3:00,28.6,103.7,68.4,156.8,183.6,61.8,10.09,18.48,57.08
12/17/2024 4:00,29,104.2,69.1,154,184.6,60.18,10.04,18.16,55.12
12/17/2024 5:00,28.9,106.6,77.2,194.3,185.6,61.93,10.11,18.27,55.88
12/17/2024 6:00,28.3,108,76.4,211.5,186.1,60.98,9.92,18.01,62.87
12/17/2024 7:00,99.4,124.4,83.7,258.2,185.6,64.15,13.12,17.89,73.41
12/17/2024 8:00,177.9,196.8,167.5,366.6,209.5,79.99,16.92,22.16,114.15
12/17/2024 9:00,192.6,309.1,297.5,499.3,233,105.03,19.44,38.44,167.7
12/17/2024 10:00,181.1,374,353.9,559.8,251.5,122.57,26.87,52.27,200.89
12/17/2024 11:00,185.9,383.8,368.3,563.1,254.4,130.4,36.56,44.75,206.06
12/17/2024 12:00,179,363.9,385.4,564.1,253.4,136.68,30.99,35.55,193.36
12/17/2024 13:00,165.9,343,334.6,539,243.9,132.78,28.7,35.95,166.83
12/17/2024 14:00,157.5,316.7,311.4,490.1,222.1,128.12,25.06,39.5,145.69
12/17/2024 15:00,148.6,284.9,264,440.1,207.7,125.05,36.58,36.39,115.72
12/17/2024 16:00,131.8,269.2,212.8,423.9,198.7,107.86,23.51,33.53,108.99
12/17/2024 17:00,126.9,247.1,178.1,388.6,196.7,96.88,53.06,33.65,111.08
12/17/2024 18:00,113.3,217.3,151.2,323.3,187,94.58,44.41,30.45,106.53
12/17/2024 19:00,83.5,199.3,124.8,244.5,183,84.94,33.22,22.66,93.55
12/17/2024 20:00,73.5,160.4,97.9,175.5,175.2,74.05,39.51,19.03,79.22
12/17/2024 21:00,45.5,127.4,84.5,162.1,171.3,71.09,23.13,18.83,66.74
12/17/2024 22:00,29.5,121.3,81.2,157.6,151.1,66.12,8.57,18.66,64.84
12/17/2024 23:00,29.95,108.4,78,155.2,172.9,61.08,8.6,18.7,64.72
12/18/2024 0:00,29.5,99.7,77.5,152.9,162.9,61.05,9.25,18.24,62.84
12/18/2024 1:00,29.8,98.1,73.9,150.9,166.8,58.25,9.79,18.29,62.49
12/18/2024 2:00,29.4,96.5,72.7,149.6,158.6,56.56,9.8,18.07,63.01
12/18/2024 3:00,28.8,96,72.2,149.8,160.2,57.56,9.79,19.63,63.16
12/18/2024 4:00,29.5,97.7,72.3,152.2,163.1,57.16,9.77,21.46,61.42
12/18/2024 5:00,29.4,98.5,83.8,187.6,158.4,57.44,9.8,19.41,62.26
12/18/2024 6:00,29.7,99.6,81.2,203.4,163,58.33,10.28,18.01,72.19
12/18/2024 7:00,85.3,117.9,88.3,261,169.5,57.26,15.98,18.04,89.33
12/18/2024 8:00,163.1,184,140.5,377.8,187.9,76.62,15.42,26.15,127.88
12/18/2024 9:00,177.1,264.9,239.1,455.1,222.6,108.45,17.11,43.32,186.59
12/18/2024 10:00,166.5,346.2,299.9,488.3,229,129.57,25.59,49.86,196.65
12/18/2024 11:00,164.6,366.7,327,529.5,220.9,137.99,18.76,47.18,187.3
12/18/2024 12:00,172.5,338,346.4,533.7,216.3,140.75,16.53,40.31,176.78
12/18/2024 13:00,153.4,289.1,303.6,506.2,206.5,141.06,16.68,34.72,148.76
12/18/2024 14:00,133.5,284,255.8,453.4,205.2,121.13,16.32,29.71,116.54
12/18/2024 15:00,103.1,253.7,208.2,413.8,185.5,109.85,13.55,33.91,84.29
12/18/2024 16:00,114.1,239,203.1,389.6,179.9,102.36,19.75,30.61,74.17
12/18/2024 17:00,81.2,236.8,192.3,363.2,189.4,100.03,37.97,23.05,94.84
12/18/2024 18:00,78.1,204.4,162.8,305.2,198.2,91.41,31.88,23.12,91.4
12/18/2024 19:00,78.6,171.9,144.5,238.9,177.1,82.62,31.72,21.16,72.57
12/18/2024 20:00,65.3,150,94.9,170.2,160.9,75.83,15.54,17.62,60.82
12/18/2024 21:00,37.4,113.8,88.5,158.8,165.2,65.76,9.87,17.57,57.5
12/18/2024 22:00,29.2,104.8,84.7,153.3,163.8,61.03,9.83,17.64,57.22
12/18/2024 23:00,27,105.9,79.9,157.1,174.5,53.92,9.7,17.7,61.27
12/19/2024 0:00,33.4,97,77.5,152.9,162.9,63.02,9.25,4.83,28.6
12/19/2024 1:00,32.9,96.9,73.9,150.9,166.8,60.36,9.79,4.68,28.2
12/19/2024 2:00,33.5,96.9,72.7,149.6,158.6,60.49,9.8,4.79,28.7
12/19/2024 3:00,33.2,95.5,72.2,149.8,160.2,61.8,9.79,4.71,28.5
12/19/2024 4:00,34.5,97.2,72.3,152.2,163.1,60.18,9.77,4.8,29.7
12/19/2024 5:00,34.2,98.5,83.8,187.6,158.4,61.93,9.8,4.75,29.5
12/19/2024 6:00,34.3,99.6,81.2,203.4,163,60.98,10.28,4.95,29.4
12/19/2024 7:00,90.8,111.8,88.3,261,169.5,64.15,15.98,10.65,80.4
12/19/2024 8:00,153.5,167.9,140.5,377.8,187.9,79.99,15.42,42.69,111
12/19/2024 9:00,160.2,225.4,239.1,455.1,222.6,105.03,17.11,47.82,112.4
12/19/2024 10:00,164.7,267.4,299.9,488.3,229,122.57,25.59,47.2,117.6
12/19/2024 11:00,157.6,291.5,327,529.5,220.9,130.4,18.76,43.48,114.1
12/19/2024 12:00,148,274.1,346.4,533.7,216.3,136.68,16.53,40.73,107.3
12/19/2024 13:00,152.9,242.7,303.6,506.2,206.5,132.78,16.68,35.91,117
12/19/2024 14:00,142.5,252.3,255.8,453.4,205.2,128.12,16.32,24.76,117.8
12/19/2024 15:00,122.9,226.3,208.2,413.8,185.5,125.05,13.55,12.58,110.3
12/19/2024 16:00,111.9,213.5,203.1,389.6,179.9,107.86,19.75,10.08,101.7
12/19/2024 17:00,107.7,213,192.3,363.2,189.4,96.88,37.97,10.53,97.1
12/19/2024 18:00,92.4,180.3,162.8,305.2,198.2,94.58,31.88,8.39,84.1
12/19/2024 19:00,74.2,156.5,144.5,238.9,177.1,84.94,31.72,5.38,68.9
12/19/2024 20:00,53.6,123.9,94.9,170.2,160.9,74.05,15.54,5.86,47.8
12/19/2024 21:00,43,108.5,88.5,158.8,165.2,71.09,9.87,5.78,37.2
12/19/2024 22:00,39.5,99.1,84.7,153.3,163.8,66.12,9.83,6.14,33.4
12/19/2024 23:00,36.8,98.4,79.9,157.1,174.5,60.08,9.7,6.03,31.2
12/20/2024 0:00,33.4,97,82.7,147.2,163.9,61.05,10.09,4.83,28.6
12/20/2024 1:00,32.9,96.9,84.6,142.2,164.8,58.25,9.01,4.68,28.2
12/20/2024 2:00,33.5,96.9,84.5,143,158.6,56.56,10.29,4.79,28.7
12/20/2024 3:00,33.2,95.5,82.2,145.1,160.2,57.56,9.51,4.71,28.5
12/20/2024 4:00,34.5,97.2,81.4,143.4,163.1,57.16,9.7,4.8,29.7
12/20/2024 5:00,34.2,98.5,93.1,176.6,158.4,57.44,9.39,4.75,29.5
12/20/2024 6:00,34.3,99.6,90.8,193.3,163,58.33,11.01,4.95,29.4
12/20/2024 7:00,90.8,111.8,91.8,241,168.5,57.26,13.67,10.65,80.4
12/20/2024 8:00,153.5,167.9,135.1,375.6,187.9,76.62,31.71,42.69,111
12/20/2024 9:00,160.2,225.4,222.3,444.2,222.6,108.45,32.81,47.82,112.4
12/20/2024 10:00,164.7,267.4,277.1,485.3,228,129.57,30.33,47.2,117.6
12/20/2024 11:00,157.6,291.5,269.9,492.6,220.8,137.99,30.29,43.48,114.1
12/20/2024 12:00,148,274.1,231.4,471.5,216.3,140.75,58.42,40.73,107.3
12/20/2024 13:00,152.9,242.7,232.9,446.4,206.5,141.06,41.04,35.91,117
12/20/2024 14:00,142.5,252.3,218.1,401.4,205.2,121.13,37.32,24.76,117.8
12/20/2024 15:00,122.9,226.3,198.6,370,185.5,109.85,21.79,12.58,110.3
12/20/2024 16:00,111.9,213.5,208.5,362.8,178.9,102.36,14.55,10.08,101.7
12/20/2024 17:00,97.1,155.7,99.8,284.3,166.7,81.48,37.32,20.3,57.2
12/20/2024 18:00,77.1,129.5,79.9,248.2,167.9,69.54,37.45,16.78,57.87
12/20/2024 19:00,53.9,110.4,67.7,203.5,157,68.49,40.58,16.85,54.66
12/20/2024 20:00,31.6,96.3,64.3,165.7,150.6,65.74,46.75,16.97,50.29
12/20/2024 21:00,23.6,83.1,57.6,152.1,135.8,58.8,53.79,17.15,46.15
12/20/2024 22:00,23.6,78.8,54,147.6,134.2,55.56,47.74,17.2,45.15
12/20/2024 23:00,24.4,79.1,52.7,153,135.95,54.1,42.2,17.14,47.31
12/21/2024 0:00,23.6,73.8,56.6,146.2,133.5,54.8,15.13,17.29,44.92
12/21/2024 1:00,23.7,72.5,57.6,145.5,128.7,55.45,8.88,17.56,45.26
12/21/2024 2:00,23.3,71.9,55,145.9,128.8,55.16,9.96,17.55,45.23
12/21/2024 3:00,23.9,72.2,53.9,148.4,130,54.11,10.02,21.9,47.53
12/21/2024 4:00,24.5,72.4,53.8,145.4,129.6,54.9,10.04,22.25,46.91
12/21/2024 5:00,24.1,72.2,52.9,147.7,130.3,54.43,10.08,21.89,48.03
12/21/2024 6:00,23.5,74.6,53.4,146.8,127.5,54.88,10.04,21.24,46.04
12/21/2024 7:00,41.8,79.4,52.8,152,127.7,50.49,9.86,20.89,44.62
12/21/2024 8:00,26.2,75,49.5,155.9,121,50.21,44.73,17.39,33.21
12/21/2024 9:00,27.2,79,51.1,161,126.7,50.83,61.02,16.26,33.55
12/21/2024 10:00,24.2,78.5,49.5,154.8,125.9,52.77,53.12,15.08,36.96
12/21/2024 11:00,24,87.2,49.6,160.9,133.6,55.22,61.65,14.45,40.77
12/21/2024 12:00,25.2,90.6,54,159.9,135.5,55.45,69.23,14.04,40.88
12/21/2024 13:00,24.2,93.2,65.2,150.8,133.9,53.89,67.35,13.68,41.73
12/21/2024 14:00,24.7,88.6,64.7,144.2,132.6,51.68,65.22,13.09,42.44
12/21/2024 15:00,23.4,77.2,59.9,145.3,128.4,51.99,65.43,12.87,36.65
12/21/2024 16:00,24.7,73.1,61.4,144.7,124.9,51.74,58.75,13.09,37.74
12/21/2024 17:00,31.1,78.9,68,149.4,126.3,52.77,86.66,18.02,44.56
12/21/2024 18:00,30.4,77.9,60.7,151.3,130.8,56.19,92.27,19.63,47.24
12/21/2024 19:00,29.3,77.4,59.2,150.6,128.7,53.84,94.9,19.7,48.3
12/21/2024 20:00,23.8,75.6,59.1,147.9,130.2,53.4,71.46,19.69,47.54
12/21/2024 21:00,24,74,56.5,148.5,130.1,54.13,66.66,19.96,46.29
12/21/2024 22:00,24.4,73.5,55.8,147.6,130.4,51.59,58.66,19.9,44.93
12/21/2024 23:00,24,74.25,57.15,148.55,127.65,50.82,35.17,19.74,44.14
12/22/2024 0:00,24,71.8,55.2,145.1,128.4,51.06,8.39,20.88,45.82
12/22/2024 1:00,24.1,71.6,55.9,144.7,127.6,52.37,8.59,23.04,46.61
12/22/2024 2:00,23.7,71.7,55.1,141.6,129.3,51.33,9.46,22.8,46.98
12/22/2024 3:00,24.2,72.5,55.6,142.2,130,54.03,9.49,22.86,49.03
12/22/2024 4:00,32.4,71.4,56.2,140.1,128.6,55.15,9.53,22.72,48.04
12/22/2024 5:00,31.9,72.7,57.5,142.5,129.8,54.68,9.44,20.89,45.45
12/22/2024 6:00,31.3,71.6,56.7,139.4,128.2,54.63,9.48,19.81,46.6
12/22/2024 7:00,28.9,69.9,53.4,137.9,126.4,52.43,9.15,18.13,41.07
12/22/2024 8:00,27.9,65.1,48.2,133.1,123.9,51.78,8.48,14.11,32.94
12/22/2024 9:00,27.1,65.8,48,133.3,121.7,52.23,12.01,13.3,31.69
12/22/2024 10:00,27.2,74.4,49.1,135.4,123,51.76,21.92,13,33.69
12/22/2024 11:00,21.2,80,50.5,136.2,123.3,51.72,22.31,12.42,35.74
12/22/2024 12:00,19.3,78.2,49.3,135.1,120.7,52.25,22.48,12.2,34.32
12/22/2024 13:00,18.7,75.9,45.9,134.2,121,51.96,22.75,12.07,35.47
12/22/2024 14:00,18.6,78.5,46.8,136.8,122.5,52.94,22.38,12.12,33.38
12/22/2024 15:00,18.7,74.2,44.1,137.8,121.4,52.53,21.57,11.99,33.57
12/22/2024 16:00,20.8,75.7,44.4,136.2,122.9,53.5,58.01,13.75,34.71
12/22/2024 17:00,22.6,79.9,51.8,140.3,130,54.77,70.31,18.46,42.5
12/22/2024 18:00,23.8,82.3,54.9,145,130.7,56.18,69.5,19.43,46.21
12/22/2024 19:00,24.3,80.5,55.7,141.4,129.8,55.51,85,20.04,45.81
12/22/2024 20:00,24.1,75.9,54.1,142.5,131.1,57.52,71.95,19.81,46.13
12/22/2024 21:00,23.8,74.2,53.5,142,129.2,59.03,60.94,19.4,46.2
12/22/2024 22:00,24.3,73.2,50.5,142.5,128.9,58.5,57.7,19.64,45.88
12/22/2024 23:00,25.7,71.95,51.8,140.5,131.25,57.34,62.1,19.83,44.42
12/23/2024 0:00,23.6,71.1,51,139.1,130,55.62,48.71,21.27,44.42
12/23/2024 1:00,23.9,70.5,51.4,140.2,131.2,55.89,11.04,21.62,45.68
12/23/2024 2:00,24.1,71,52,139,130.6,57.45,9.72,21.8,46.3
12/23/2024 3:00,24.2,70.5,51.9,138.3,130.3,56.58,9.71,21.74,49.7
12/23/2024 4:00,32,69.4,52.1,139.5,130.3,55.86,9.66,21.63,48.02
12/23/2024 5:00,31.4,69.3,60.6,176.4,129.2,55.82,9.64,20.18,46.49
12/23/2024 6:00,31.6,68.8,57.6,188.3,126.4,55.42,10.04,17.05,51.3
12/23/2024 7:00,82.9,76,55.8,238.9,134.5,53.18,13.95,19,70.62
12/23/2024 8:00,104.7,98.7,77.1,304.9,152.9,59.01,15.73,22.6,80.69
12/23/2024 9:00,118.6,157.7,104.3,342.7,175.3,86.27,17.67,24.24,93.73
12/23/2024 10:00,123.5,190.8,129.7,368.6,208.4,93.36,16.64,26.93,102.24
12/23/2024 11:00,115.7,216.2,136.5,389.9,220.4,99.78,24.34,29.05,99.79
12/23/2024 12:00,102.7,232.2,150.5,392.6,206.2,99.43,26.67,27.21,94.54
12/23/2024 13:00,86.4,213.9,124.6,364.4,199.7,93.78,20.84,25.32,81.58
12/23/2024 14:00,85.3,178.6,100.3,338,171.9,89.86,26.45,22.62,60.74
12/23/2024 15:00,51.8,149.3,82.2,283.3,161.1,83.2,25.24,14.68,37.95
12/23/2024 16:00,36.5,113,67.9,259.3,151.4,76.71,32.69,17.32,37.42
12/23/2024 17:00,43.6,103.2,64.1,256,150.8,70.44,45.26,21.19,44.38
12/23/2024 18:00,40.1,88.1,65.4,220.4,146.9,68.56,50.07,19.21,47.08
12/23/2024 19:00,40.5,86.6,60.2,208.1,152.5,62.11,43.51,17.66,45.69
12/23/2024 20:00,25.4,81.1,58.7,149.1,149.9,60.57,75.54,17.76,45.52
12/23/2024 21:00,25.3,80.7,54.3,146.8,139.5,55.66,63.27,17.12,45.3
12/23/2024 22:00,24.5,72.9,49,146.3,141.3,54.15,67.01,16.76,46.57
12/23/2024 23:00,24.25,66.9,46.3,146.8,137.3,52.51,66.33,17.58,46.34
12/24/2024 0:00,23.6,71.1,51,139.1,130,51.06,48.71,4.96,18.7
12/24/2024 1:00,23.9,69,51.4,140.2,131.2,52.37,11.04,5.39,18.6
12/24/2024 2:00,24.1,69.75,52,139,130.6,51.33,9.72,5.37,18.7
12/24/2024 3:00,24.2,68.53,51.9,138.3,130.3,54.03,9.71,5.38,18.8
12/24/2024 4:00,32,69.83,52.1,139.5,130.3,55.15,9.66,5.4,26.6
12/24/2024 5:00,31.4,68.97,60.6,176.4,129.2,54.68,9.64,4.77,26.6
12/24/2024 6:00,31.6,67.76,57.6,188.3,126.4,54.63,10.04,5.01,26.6
12/24/2024 7:00,82.9,63.37,55.8,238.9,134.5,52.43,13.95,10.29,72.4
12/24/2024 8:00,104.7,59.49,77.1,304.9,152.9,51.78,15.73,30.58,74.2
12/24/2024 9:00,118.6,59.47,104.3,342.7,175.3,52.23,17.67,40.17,78.5
12/24/2024 10:00,123.5,59.66,129.7,368.6,208.4,51.76,16.64,42.79,80.8
12/24/2024 11:00,115.7,61.23,136.5,389.9,220.4,51.72,24.34,40.76,74.9
12/24/2024 12:00,102.7,62.6,150.5,392.6,206.2,52.25,26.67,36.73,65.9
12/24/2024 13:00,86.4,61.53,124.6,364.4,199.7,51.96,20.84,31.36,55.1
12/24/2024 14:00,85.3,61.09,100.3,338,171.9,52.94,26.45,26.25,59.1
12/24/2024 15:00,51.8,63.59,82.2,283.3,161.1,52.53,25.24,12.37,39.5
12/24/2024 16:00,36.5,71.18,67.9,259.3,151.4,53.5,32.69,9.85,26.7
12/24/2024 17:00,43.6,73,64.1,256,150.8,54.77,45.26,10.8,32.8
12/24/2024 18:00,40.1,70.32,65.4,220.4,146.9,56.18,50.07,10.61,29.5
12/24/2024 19:00,40.5,68.94,60.2,208.1,152.5,55.51,43.51,9.67,30.8
12/24/2024 20:00,25.4,69.08,58.7,149.1,149.9,57.52,75.54,8.92,16.5
12/24/2024 21:00,25.3,69.31,54.3,146.8,139.5,59.03,63.27,9.85,15.5
12/24/2024 22:00,24.5,70.13,49,146.3,141.3,58.5,67.01,8.83,15.7
12/24/2024 23:00,24.6,63.47,46.3,146.8,137.3,57.28,66.33,9.22,15.6
12/25/2024 0:00,25.4,70.1,45.2,130.5,132.1,55.62,10.61,9.9,15.5
12/25/2024 1:00,25.4,69,45.8,131.5,133.5,55.89,10.67,9.9,15.5
12/25/2024 2:00,25.4,69.75,45.9,131.5,134.5,57.45,10.52,9.9,15.5
12/25/2024 3:00,24.9,68.53,46.2,130.9,133.7,56.58,11.34,9.66,15.2
12/25/2024 4:00,25.2,69.83,45.9,154.7,134.6,55.86,8.28,9.79,15.4
12/25/2024 5:00,26.5,68.97,46,174.2,131.3,55.82,11.24,10.6,15.9
12/25/2024 6:00,42.6,67.76,45,194.9,133.2,55.42,9.68,9.72,32.8
12/25/2024 7:00,25.5,63.37,40.1,214,126,53.18,9.82,9.87,15.5
12/25/2024 8:00,24.8,59.49,41.7,220.8,125.6,59.01,9.41,9.56,15.1
12/25/2024 9:00,25.1,59.47,40.3,220.5,124,86.27,10.28,9.74,15.4
12/25/2024 10:00,25.3,59.66,38.6,218.8,127.9,93.36,8.27,9.68,15.6
12/25/2024 11:00,25.1,60.23,42.2,221.1,125.4,99.78,8.87,9.91,15.2
12/25/2024 12:00,26.1,62.6,46,214,127,99.43,8.23,10.01,16.2
12/25/2024 13:00,25.2,61.53,49,220.9,127,93.78,10.58,9.85,15.4
12/25/2024 14:00,26.6,61.09,48.8,219.7,127.5,89.86,10.28,11.09,15.5
12/25/2024 15:00,27.8,63.59,52.5,215,129.5,83.2,10.54,11.08,16.8
12/25/2024 16:00,28.3,71.18,52.1,217.7,129.9,76.71,10.16,10.41,17.9
12/25/2024 17:00,29.9,72.9,51.6,205.2,135.8,70.44,10.42,9.51,20.3
12/25/2024 18:00,31.5,70.32,52.7,195.8,134,68.56,10.3,9.98,21.6
12/25/2024 19:00,26.3,68.94,49.4,139,134,62.11,10.93,10.48,15.8
12/25/2024 20:00,25.4,69.08,49.1,133.2,133.5,60.57,9.9,10.21,15.2
12/25/2024 21:00,25.5,69.41,50,131.8,136.8,55.66,10.73,10.03,15.5
12/25/2024 22:00,24.4,70.13,48,132.7,133.4,54.15,11.06,9.1,15.3
12/25/2024 23:00,24.2,63.47,43.8,136.5,130.7,52.51,11.01,9.9,14.3
12/26/2024 0:47,25.4,70.1,45.6,133.2,132,56.34,9.98,9.9,15.5
12/26/2024 1:47,25.4,69,45.7,133.1,133.3,54.3,9.78,9.9,15.5
12/26/2024 2:47,25.4,70,45.9,133,134.4,55.49,9.88,15.21,47.08
12/26/2024 3:47,24.9,69.2,46.2,132.3,133.6,54.71,9.93,15.4,50.1
12/26/2024 4:47,25.2,69.8,45.9,156.6,134.4,56.09,9.85,15.41,48.58
12/26/2024 5:47,24.5,69.2,46,176.5,131.2,55.16,9.78,15.24,48.34
12/26/2024 6:47,42.6,67.9,45,197.2,133,57.18,9.64,14.97,46.65
12/26/2024 7:47,25.5,63.3,40.1,216.5,125.9,54.66,9.01,10.23,35.03
12/26/2024 8:47,25.8,59.7,40.7,223.4,125.4,53.49,8.8,8.72,35.25
12/26/2024 9:47,25.1,59.5,40.3,223.1,123.9,54.45,8.82,8.62,35.73
12/26/2024 10:47,25.3,59.7,39.6,221.3,127.8,54.95,8.82,8.36,36.31
12/26/2024 11:47,25.1,60.4,42.2,223.7,125.2,53.08,8.9,8.17,36.89
12/26/2024 12:47,26.1,62.6,46,216,126.7,56.81,9,8.3,33.75
12/26/2024 13:47,25.2,61.4,49,223.4,126.8,54.77,8.88,8.18,33.67
12/26/2024 14:47,25.6,61,48.8,221.7,127.3,53.68,8.88,7.91,33.87
12/26/2024 15:47,27.8,63.6,52.5,216.4,129.4,54.17,8.86,8.4,37.32
12/26/2024 16:47,28.3,70.4,52.1,219.7,129.7,54.73,9.33,11.91,41.96
12/26/2024 17:47,29.9,72,51.6,207.1,135.7,57.46,9.77,16.69,50.28
12/26/2024 18:47,31.5,70.3,51.7,197.6,133.8,58.85,9.78,16.93,50.49
12/26/2024 19:47,26.3,68.8,49.4,140.5,133.9,59.62,9.83,17.02,49.13
12/26/2024 20:47,25.4,69.1,49.1,134.7,133.4,57.42,9.82,15.9,46.74
12/26/2024 21:47,25.5,69.4,50,133.4,136.7,56.3,9.81,15.21,47.22
12/26/2024 22:47,24.4,70.2,48,134.3,133.3,56.1,9.82,15.26,49.02
12/26/2024 23:47,24.45,66.65,46.05,136.55,132,54.68,9.78,15.34,49.26
12/27/2024 0:00,24.8,69.9,46.7,132.3,135.6,56.39,9.79,15.8,49.22
12/27/2024 1:00,25.3,68.8,46.4,133.9,133.6,53.82,9.79,15.18,49.82
12/27/2024 2:00,25.5,70.2,45.4,132.9,133.8,55.66,9.8,16.14,47.72
12/27/2024 3:00,25,69.1,45.4,130.7,132.4,56.36,9.71,16.07,47.35
12/27/2024 4:00,24.8,68.7,45.4,134.1,132.6,56.23,9.72,15.58,48.44
12/27/2024 5:00,24.7,68.9,46.3,163.2,133.3,54.17,9.69,15.12,47.14
12/27/2024 6:00,24.8,69,46.9,177.1,132,55.38,9.69,15.07,45.44
12/27/2024 7:00,42.8,67.9,46.3,214.5,133.7,58.86,9.51,13.61,41.1
12/27/2024 8:00,28.5,61.8,45.1,247.6,132.5,56.91,8.89,9.88,32.86
12/27/2024 9:00,29.2,61.5,50.8,248.6,139.7,58.81,8.84,9.19,40.71
12/27/2024 10:00,30.8,62.5,54.2,249,147,58.7,8.81,10.52,40.3
12/27/2024 11:00,29.7,66.1,55.6,259.5,147,59.38,8.83,13.89,40.42
12/27/2024 12:00,30.9,70.4,50.5,259.8,138.3,61.91,8.86,14.3,39.59
12/27/2024 13:00,28.6,73.3,44.9,253.5,141.1,61.95,8.95,13.05,35.48
12/27/2024 14:00,27.7,71.6,45.3,243.2,140.1,60.83,8.92,12.93,33.52
12/27/2024 15:00,28.1,77,46.3,222.6,134.4,61.13,8.8,11.2,34.72
12/27/2024 16:00,27.9,74.7,43.8,229,130.9,59.2,8.83,12.06,34.38
12/27/2024 17:00,32,78.3,52.9,224.5,131.6,55.79,9.32,16.97,39.42
12/27/2024 18:00,32.8,81.6,53.3,195.8,133.5,57.05,9.76,19.86,46.77
12/27/2024 19:00,33.7,74.6,53.1,177.6,135.6,53.48,9.84,18.15,46.99
12/27/2024 20:00,26.7,71.9,52.6,132.9,133.9,58.79,9.86,17.23,46.79
12/27/2024 21:00,26.3,71.6,50.6,132.2,133.8,58.1,9.77,17.21,46.45
12/27/2024 22:00,27.4,73.3,50.6,129.6,134.3,55.78,9.78,17.16,46.83
12/27/2024 23:00,27.2,77.4,48.6,127.15,129.7,52.88,9.81,17.7,48.82
12/28/2024 0:00,27,76.1,51.1,129.8,134.8,56.79,9.83,18.99,46.39
12/28/2024 1:00,27,74.4,50.1,128.2,133.3,55.92,9.74,20.07,46.32
12/28/2024 2:00,26.7,72.3,48.1,128.8,132.3,56.88,9.75,22.13,48.32
12/28/2024 3:00,26.5,70.9,47.7,129.4,133.7,55.66,9.69,21.87,49.01
12/28/2024 4:00,26.1,71.8,46.5,129.4,133.5,55.57,9.74,21.9,49.32
12/28/2024 5:00,26.1,70.2,46.6,130.2,136.4,56.18,9.69,20.42,48.28
12/28/2024 6:00,26.4,71.2,45.7,128.4,136.5,54.12,9.62,16.82,46.22
12/28/2024 7:00,44.8,68.9,44.6,128.4,131.3,53.23,9.47,15.22,43.03
12/28/2024 8:00,27.1,63.4,43,125.6,126,51.77,8.85,10.19,33.1
12/28/2024 9:00,27.3,60.9,45.5,128.2,124.8,50.47,8.82,9.1,33.56
12/28/2024 10:00,28.2,61.4,44.7,127.2,126.7,51.06,8.81,9.08,34.65
12/28/2024 11:00,29.8,66.9,44.1,136.1,123.8,50.62,8.86,9.31,34.67
12/28/2024 12:00,37,71.8,49.1,134,124.2,52.3,8.87,9.25,34.9
12/28/2024 13:00,38.2,72.4,48.3,131.3,122.5,51.42,8.86,8.57,34.47
12/28/2024 14:00,37.4,73.7,48.3,130.7,123.6,50.78,8.95,8.7,34.01
12/28/2024 15:00,37.5,68.6,50.9,123.9,121.7,52.09,8.86,8.78,31.88
12/28/2024 16:00,33.6,69.7,57.1,122.5,124.5,50.76,8.86,8.72,31.82
12/28/2024 17:00,33.5,74.1,58.6,130.3,127.8,52.16,9.37,13.57,38.4
12/28/2024 18:00,31.9,78.1,61.8,135.4,133.8,55.66,9.84,17.09,47.16
12/28/2024 19:00,32.3,74.7,63.2,131.3,133.4,54.39,9.81,17.14,47.33
12/28/2024 20:00,27.1,73.7,61.7,131.8,134.8,56.22,9.87,17.09,46.76
12/28/2024 21:00,26.4,72.2,58.6,129.3,133.6,59.51,9.83,17.02,45.13
12/28/2024 22:00,26.9,71.4,50.7,126.6,156.7,56.1,9.67,17.01,45.06
12/28/2024 23:00,26.25,67.95,46.65,130.3,135,66.16,9.87,17.96,45.77
12/29/2024 0:00,27,70.9,50,130,136.9,55.71,9.87,18.99,46.6
12/29/2024 1:00,26.7,70.7,47.9,128.2,138.4,55.32,9.79,18.81,47.58
12/29/2024 2:00,27.2,70.8,47.7,130,136.3,56.58,9.84,18.64,48.22
12/29/2024 3:00,27.3,70.9,47.9,128.4,135.1,56.77,9.83,18.78,48.74
12/29/2024 4:00,26.9,70.1,46.4,128,135.9,54.58,9.74,18.45,47.81
12/29/2024 5:00,26.9,71.5,46.3,127.3,134.1,55.89,9.71,18.29,47.2
12/29/2024 6:00,25.7,70.5,46.5,127.7,138.3,55.34,9.74,17.01,45.71
12/29/2024 7:00,24.8,69.8,43.6,125.4,134,53.55,9.47,14.91,41.5
12/29/2024 8:00,22.3,64.1,39.9,121.9,128.4,53.17,8.84,9.72,32.66
12/29/2024 9:00,21.5,60.6,41.2,121.1,126.5,51.89,8.84,8.99,32.39
12/29/2024 10:00,21.7,61.7,41.8,124.2,124.8,52.89,8.89,8.52,35.35
12/29/2024 11:00,22,61.6,44.1,129.3,123.5,52.42,8.82,8.35,35.88
12/29/2024 12:00,22.2,61,46.3,128.3,124.7,52.7,8.83,8.75,35.14
12/29/2024 13:00,22.7,63.2,50.1,128.4,124.9,53.41,8.88,8.78,32.27
12/29/2024 14:00,22.1,64.8,55.7,126.5,124.3,54.51,8.94,11.2,32.55
12/29/2024 15:00,21.7,65.6,57,122.4,125.7,53.14,8.83,9.09,31.35
12/29/2024 16:00,22.5,65.3,61.3,124.1,125.9,51.97,8.89,8.58,31.13
12/29/2024 17:00,24.9,71.1,68.7,128.6,126.8,53.2,9.34,13.26,36.73
12/29/2024 18:00,26.9,74.7,68.8,133.2,130.4,55.59,9.76,16.82,45.69
12/29/2024 19:00,26.3,72.8,61.8,131.3,132.1,55.47,9.73,16.82,45.35
12/29/2024 20:00,26.8,71.7,52,133.2,134.4,57.42,9.81,17.19,44.99
12/29/2024 21:00,27.2,71.8,50,131,135.4,57.85,9.87,17.22,45.65
12/29/2024 22:00,26.5,71.7,48.8,129.5,133.9,52.58,9.77,16.98,46.68
12/29/2024 23:00,27.5,74.3,50.2,133.8,139.2,75.49,9.73,17.05,46.86
12/30/2024 0:00,27,69.9,50,130.2,135.4,55.71,10.81,11.59,15.4
12/30/2024 1:00,26.7,70.7,47.9,128.8,134.1,55.32,10.7,11.34,15.3
12/30/2024 2:00,27.2,70.5,47.7,129.5,132.7,56.58,9.97,11.54,15.7
12/30/2024 3:00,27.3,70.9,47.9,130.3,134,56.77,11.1,11.71,15.6
12/30/2024 4:00,26.9,70.1,46.4,129.8,134,54.58,8.74,11.42,15.5
12/30/2024 5:00,25.9,71.5,45.3,130.8,137,55.89,9.92,10.65,15.2
12/30/2024 6:00,25.7,70.5,46.5,129.3,137,55.34,10.01,11.17,14.6
12/30/2024 7:00,24.8,69.8,43.6,129,131.7,53.55,8.7,11.57,13.2
12/30/2024 8:00,23.3,63.1,39.9,126.1,126.5,53.17,9.68,11.62,11.6
12/30/2024 9:00,21.5,60.6,41.2,128.7,125.3,51.89,9.28,10.85,10.6
12/30/2024 10:00,21.7,61.7,41.8,127.7,127.1,52.89,8.44,11,10.7
12/30/2024 11:00,22,60.6,43.1,136.7,124.1,52.42,10.47,11.31,10.7
12/30/2024 12:00,22.2,61,46.3,134.4,124.6,52.7,9.97,11.39,10.8
12/30/2024 13:00,22.7,63.2,50.1,132.2,122.7,53.41,9.27,11.49,11.2
12/30/2024 14:00,22.1,64.8,55.7,131.2,123.7,54.51,8.89,11.02,11.1
12/30/2024 15:00,21.7,65.6,56,124.7,121.9,53.14,10.4,11.35,10.3
12/30/2024 16:00,22.5,65.3,61.3,123.5,124.7,51.97,9.68,11.92,10.5
12/30/2024 17:00,23.9,71.1,68.7,131,127.9,53.2,9.37,11.88,12
12/30/2024 18:00,26.9,74.7,68.8,135.9,134,55.59,8.22,11.89,15
12/30/2024 19:00,26.3,73.8,61.8,131.7,133.5,55.47,10.01,11.3,15
12/30/2024 20:00,26.8,71.7,52,132.1,134.9,57.42,9.87,11.58,15.2
12/30/2024 21:00,27.2,71.8,50,129.9,133.9,57.85,8.89,11.69,15.5
12/30/2024 22:00,26.5,71.5,48.8,127.1,156.9,52.58,8.88,11.38,15.2
12/30/2024 23:00,27.6,74.3,50.2,130.8,135.5,53.58,9.81,11.62,16.1
12/31/2024 0:00,27,69.9,46,130.4,135.6,55.58,10.41,11.59,15.4
12/31/2024 1:00,26.7,70.7,47.9,128.7,134.3,57.48,8.94,11.34,15.3
12/31/2024 2:00,27.2,70.5,47.7,130.5,132.8,54.96,10.11,11.54,15.7
12/31/2024 3:00,26.3,70.9,47.8,129,134.2,54.56,9.13,11.71,14.6
12/31/2024 4:00,26.9,70.1,46.4,128.6,134.1,56.99,9.84,11.42,15.5
12/31/2024 5:00,25.9,71.5,45.3,127.9,137.2,55.41,9.58,10.65,15.2
12/31/2024 6:00,25.8,70.5,46.5,128.2,137.1,53.3,9.98,11.27,14.6
12/31/2024 7:00,24.8,69.8,43.6,125.8,131.8,55.17,10.41,11.57,13.2
12/31/2024 8:00,23.3,63.1,39.9,122.3,126.7,53.68,9.84,11.62,11.6
12/31/2024 9:00,21.5,60.6,41.2,121.4,125.5,51.5,8.92,10.85,10.6
12/31/2024 10:00,21.7,61.7,41.8,124.7,127.4,52.71,9.67,11,10.7
12/31/2024 11:00,22,62.6,43.1,129.8,124.4,50.09,9.13,11.31,10.7
12/31/2024 12:00,22.2,61,46.3,128.9,124.8,53.43,10.13,11.39,10.8
12/31/2024 13:00,22.7,63.2,50.1,129,122.9,52.08,9.25,11.49,11.2
12/31/2024 14:00,22.1,64.8,55.7,127.1,123.9,48.98,10.94,11.02,11.1
12/31/2024 15:00,22.7,65.6,56,123.1,122.1,51.51,10.13,11.35,11.3
12/31/2024 16:00,23.8,63.3,61.3,124.8,124.8,52.39,8.89,11.92,11.8
12/31/2024 17:00,23.9,71.1,68.7,129.2,128.1,54.16,8.94,11.88,12
12/31/2024 18:00,26.9,74.7,68.8,133.7,134.1,54.17,8.76,11.89,15
12/31/2024 19:00,26.3,73.8,61.8,131.8,133.7,53.62,9.58,11.3,15
12/31/2024 20:00,26.8,71.7,51,133.7,135.1,54.73,9.81,11.58,15.2
12/31/2024 21:00,27.2,70.8,50,131.5,134,57.4,10.77,11.69,15.5
12/31/2024 22:00,26.5,71.5,48.8,130.1,157.1,58.65,9.76,11.38,15.2
12/31/2024 23:00,27.6,73.3,50.2,134.3,135.7,73.6,10.11,11.62,16.1
1/1/2025 0:00,27,69.9,51.1,130.7,135.7,54.76,11.33,11.86,15.2
1/1/2025 1:00,27,70.7,50.1,128.9,134.4,57.04,11.11,11.7,15.3
1/1/2025 2:00,26.7,70.5,48.1,130.6,133,58.13,10.84,11.34,15.3
1/1/2025 3:00,26.5,70.9,47.7,128.9,134.3,57.38,10.03,11.26,15.2
1/1/2025 4:00,26.1,70.1,46.5,128.6,134.2,55.55,11.74,10.85,15.2
1/1/2025 5:00,26.1,71.5,46.2,127.8,137.3,55.23,11.71,10.93,15.2
1/1/2025 6:00,26.4,70.5,45.7,128.1,137.2,57.19,9.94,11.52,14.9
1/1/2025 7:00,27.8,69.8,44.6,125.6,132,54.04,10.07,11.84,15.8
1/1/2025 8:00,27.1,63.1,43,122.1,126.9,51.44,10.84,11.64,15.4
1/1/2025 9:00,27.3,61.6,45.5,121.3,125.7,53.13,9.99,11.29,15.9
1/1/2025 10:00,28.2,61.7,44.7,124.5,127.6,52.73,9.87,10.81,17.2
1/1/2025 11:00,29.8,62.6,44.1,129.4,124.6,53.17,10.82,10.97,18.7
1/1/2025 12:00,27,61,49.1,128.2,125,54.5,10.81,11.44,15.6
1/1/2025 13:00,28.2,63.2,48.3,128.3,123.1,52.67,11.18,11.4,16.9
1/1/2025 14:00,27.4,64.8,48.3,126.4,124.1,55.82,11.94,11.41,16
1/1/2025 15:00,27.5,64.4,50.9,122.3,122.3,52.19,10.83,11.23,16.3
1/1/2025 16:00,23.6,63.3,57.1,124,125,52.84,10.89,11.09,12.6
1/1/2025 17:00,23.5,71.1,58.6,128.7,128.3,54.17,9.94,11.85,11.9
1/1/2025 18:00,21.9,74.7,61.8,133.1,134.3,54.11,11.76,11.89,10
1/1/2025 19:00,22.3,72.8,62.2,131.2,133.8,56.92,10.73,11.92,10.5
1/1/2025 20:00,27.1,71.7,61.7,133.1,135.2,55.92,11.01,11.73,15.4
1/1/2025 21:00,26.4,70.8,58.6,130.9,134.1,56.09,11.87,10.99,15.4
1/1/2025 22:00,26.9,71.5,50.7,129.3,157.2,53.37,11.77,11.49,15.4
1/1/2025 23:00,25.1,73.3,45.9,133.7,135.8,54.87,11.73,11.37,14.3
1/3/2025 0:12,23.8,69.1,46.6,131.5,130.7,54.54,10.04,9.01,14.8
1/3/2025 1:12,23.8,69,46.7,131.6,130.9,54.96,10.04,17.18,48.63
1/3/2025 2:12,24.3,69.1,46.3,129.4,129.9,55.46,10.05,18.66,47.88
1/3/2025 3:12,24.1,68.8,45.7,132.2,132.5,55.8,10.04,18.93,47.58
1/3/2025 4:12,24.3,68.8,47,131.7,131.2,54.14,10.09,18.85,48
1/3/2025 5:12,24.3,69.5,46.7,180.2,131.1,55.83,10.01,17.77,46.86
1/3/2025 6:12,31.2,69.8,46.7,187.2,131.1,55.72,9.91,14.57,53.73
1/3/2025 7:12,67,80.3,51.3,236.8,135,52.83,10.38,13.4,54
1/3/2025 8:12,93.1,85.9,56.5,299.2,162.4,59.33,12.05,18.3,57.8
1/3/2025 9:12,96.5,95.6,67.7,308.3,178.6,54.78,12.3,18.95,63.47
1/3/2025 10:12,101.1,107.5,74.9,329.8,183.7,61.5,12.82,18.72,63.86
1/3/2025 11:12,103.2,122.4,74.2,339.8,188.5,63.12,12.79,18.72,67.94
1/3/2025 12:12,86,111.8,73.4,327.7,181.6,59.85,12.14,15.31,65.69
1/3/2025 13:12,78.9,102.2,70,310.6,168.5,61.33,10.09,14,60.12
1/3/2025 14:12,62.6,92.3,64.8,273.9,150.7,62.74,8.92,11.97,45.78
1/3/2025 15:12,39.3,85.3,50.4,241.3,137.9,57.66,8.91,9.03,36.09
1/3/2025 16:12,33.4,87,48.6,233.2,130.9,54.52,8.92,8.82,34.75
1/3/2025 17:12,36.9,91.5,56.7,231.5,130.5,52.2,9.65,15.45,42.56
1/3/2025 18:12,35.8,92.6,57.1,204.1,138.9,56.37,9.88,14.64,47.82
1/3/2025 19:12,30.8,89.4,54.8,173.5,144.4,57.97,9.87,14.74,46.29
1/3/2025 20:12,26.1,80.8,53.4,139.1,143.3,58.07,9.89,16.53,46.85
1/3/2025 21:12,25.8,78.7,49.4,140.3,134.3,57.95,9.86,16.94,46.35
1/3/2025 22:12,26.3,76.8,49.3,139.2,134.9,56.86,9.8,17.09,46.46
1/3/2025 23:12,27.85,72.05,47.75,135.3,131.7,59.45,9.72,16.98,46.46
1/4/2025 0:00,25.9,71.8,49.8,136,130.8,56.5,9.84,19.71,45.7
1/4/2025 1:00,25.8,70.4,48.6,135.5,134.1,54.75,9.81,18.67,46.27
1/4/2025 2:00,26.4,70.6,48,134.9,131.6,55.7,9.81,18.89,47.16
1/4/2025 3:00,26.7,69.9,48.6,135.9,131.4,59.37,9.84,21.81,46.87
1/4/2025 4:00,25.8,69.1,48,134.4,130.2,57.94,9.78,21.51,46.32
1/4/2025 5:00,26.1,69,47.9,132.8,131.9,57.84,9.74,20.08,45.53
1/4/2025 6:00,25.5,69.8,48.1,134.3,130,57.86,9.77,16.85,45.43
1/4/2025 7:00,42.7,69.6,47.3,132.5,128.6,55.35,9.64,15.77,42.18
1/4/2025 8:00,27.3,65.7,41.6,132.2,123.4,54.24,8.95,12.67,32.19
1/4/2025 9:00,27.1,61.7,39.7,130.2,127.9,51.54,8.8,10.54,30.87
1/4/2025 10:00,28,63.2,40,133.7,126.8,49.67,8.82,10.03,31.25
1/4/2025 11:00,26.7,62.8,43.1,138.4,126.6,51.54,8.77,10.95,32.73
1/4/2025 12:00,37.8,66.5,48.1,132.9,127.5,52.51,8.85,11.84,33.02
1/4/2025 13:00,46,65.1,53.2,136.1,126.1,53.44,8.9,11.55,32.02
1/4/2025 14:00,43.4,66.9,51.4,133.8,128.5,54.95,8.94,11.47,30.48
1/4/2025 15:00,39.6,67.1,48.6,135.2,126.7,55.89,8.92,12.29,30.33
1/4/2025 16:00,24.9,63.7,42.7,134,128.1,54.28,8.93,12.97,33.31
1/4/2025 17:00,28.6,70.3,48.3,137.2,128.1,52.86,9.39,17.1,40.73
1/4/2025 18:00,30.6,71.5,52,141.2,131.4,55.31,9.74,19.84,49.56
1/4/2025 19:00,32,72,52.4,136.8,131.1,59.26,9.78,19.04,46.78
1/4/2025 20:00,26.4,71.8,51.6,137.8,132.6,60.88,9.82,18.24,44.86
1/4/2025 21:00,25.1,72.6,50.1,135.9,132.9,55.31,9.89,18.13,44.95
1/4/2025 22:00,26.3,74.6,47.5,136.6,134.1,56.36,9.91,18.32,45.44
1/4/2025 23:00,27.05,74.9,47.7,132.15,130.8,57.94,9.84,18.6,43.47
1/5/2025 0:00,26.6,71,48.2,133.7,131,58.19,9.82,18.76,45.82
1/5/2025 1:00,25.3,69.3,47.9,132.2,134.4,55.83,9.85,18.65,45.93
1/5/2025 2:00,25.9,67,47.7,134.4,135.7,55.53,9.85,19.49,46.38
1/5/2025 3:00,26.3,66.6,47.6,131.1,135.5,56.6,9.85,19.88,48.77
1/5/2025 4:00,25.8,66.6,47.4,134.2,134.1,54.1,9.84,19.57,48
1/5/2025 5:00,26.1,66.2,48.3,132.2,134.6,56.67,9.86,18.15,46.07
1/5/2025 6:00,25.4,66.7,47.6,132.4,133.1,56.36,9.79,16.97,46.65
1/5/2025 7:00,23.7,65.2,45.3,130,131.1,52.18,9.56,15.02,42.76
1/5/2025 8:00,22.1,60.2,39.6,127.8,127.7,50.23,8.86,11.48,33.12
1/5/2025 9:00,24.4,57.9,38.9,128.9,127.6,52.91,8.87,10.41,32.14
1/5/2025 10:00,21.3,57.5,41.7,132.7,126.6,52.21,8.78,10.15,31.59
1/5/2025 11:00,21.4,56.1,41,134.9,124.8,54.84,8.73,11.33,31.56
1/5/2025 12:00,21.3,57,40.3,133.3,123.7,56.66,8.76,12.62,31.04
1/5/2025 13:00,21.6,58.3,41.7,133.9,127.3,60.26,8.8,12.1,30.6
1/5/2025 14:00,22,56.6,46.3,133.9,128.7,58.48,8.92,11.83,30.63
1/5/2025 15:00,22,56.9,44.6,130.6,125.8,56.51,8.96,11.27,30.37
1/5/2025 16:00,23,58.4,45.2,124.6,126,54.54,8.9,11.14,31.07
1/5/2025 17:00,24.6,65.6,51.4,129,127.8,60.03,9.23,14.55,40.35
1/5/2025 18:00,27.2,70.7,54.5,133.7,131.7,59.76,9.72,17.23,47.38
1/5/2025 19:00,27.1,68.6,55.6,133.2,129.4,58.59,9.72,16.67,45.88
1/5/2025 20:00,25.6,67.7,51.9,133.6,130,60.5,9.84,16.98,46.12
1/5/2025 21:00,21.9,68.1,52.2,131.6,131.2,61.33,9.9,16.86,44.83
1/5/2025 22:00,22.1,68.1,48.5,131,129.7,59.83,9.86,17.37,44.95
1/5/2025 23:00,21.65,65.5,47.5,134.2,132,55.24,9.84,19.12,46
1/6/2025 0:00,22.2,69.8,48.2,130.4,128.6,54,9.79,17.91,45.38
1/6/2025 1:00,22,69.9,47.3,130,128.7,55.3,9.79,17.72,47.05
1/6/2025 2:00,22.1,68.7,48.1,130.8,130,57.8,9.86,18.36,44.93
1/6/2025 3:00,22.3,67.3,48.4,132,129.6,56.23,9.92,18.54,45.65
1/6/2025 4:00,30.7,65.7,46.9,131,128.9,55.22,9.81,18.25,47.1
1/6/2025 5:00,30.8,64.7,47.9,167,129.4,57.86,9.79,17.6,46.04
1/6/2025 6:00,30.4,64.9,47.3,176.1,129.2,58.31,9.74,16.84,44.59
1/6/2025 7:00,51.8,64.1,46.5,194.3,127.8,53.01,9.56,15.21,40.84
1/6/2025 8:00,31.8,58.5,42.7,208.6,121,51.09,8.82,10.87,32.34
1/6/2025 9:00,30,57.5,42.8,214.3,121.1,52.37,8.82,10.31,31.73
1/6/2025 10:00,24.6,63.6,42.8,219.6,121.4,55.72,8.77,10.67,32.38
1/6/2025 11:00,30.8,75,43.7,220.3,127.8,61.18,8.78,11.25,33.25
1/6/2025 12:00,24.7,75.6,50.5,223.7,127.6,65.23,8.78,11.02,32.28
1/6/2025 13:00,24.2,73.7,51.2,224.4,124.3,65.49,8.8,10.63,30.66
1/6/2025 14:00,21.2,73.6,51.6,228.6,124.7,60.34,8.84,10.87,30.77
1/6/2025 15:00,21.6,77.8,58.7,231.1,128.9,54.62,8.9,13.89,31.77
1/6/2025 16:00,22,74.8,59.6,230.3,124.2,54.75,8.87,15.1,36.52
1/6/2025 17:00,25.1,78.6,59,232.1,132.1,56.37,9.5,19.34,44.07
1/6/2025 18:00,25.6,78.5,52.8,204.8,133.2,57.71,9.77,21.01,47.82
1/6/2025 19:00,26.6,76.8,52.8,186.7,130.4,63.1,9.77,18.6,48.13
1/6/2025 20:00,21.6,73.8,52.5,140.1,130.4,60.54,9.78,17.22,46.81
1/6/2025 21:00,21.6,72.2,50.7,136.6,128.7,56.35,9.86,17.52,45.62
1/6/2025 22:00,21,66.5,49.4,137,129.6,57.89,9.9,17.71,43.94
1/6/2025 23:00,20.6,70.8,48.9,134.6,133.45,58.62,9.91,18.29,46.45
1/7/2025 0:00,21.7,65.8,48.7,136.2,125.9,57.59,9.85,17.75,44.6
1/7/2025 1:00,21.8,65.7,47.9,134.3,131,58.21,9.79,16.37,44.36
1/7/2025 2:00,21.3,64.8,48.1,134.3,131.2,56.67,9.78,16.27,45.7
1/7/2025 3:00,21.1,64.5,47.9,135.2,128.7,56.88,9.82,16.76,44.09
1/7/2025 4:00,22,65.3,48.1,135,129.3,56.66,9.86,16.84,44.47
1/7/2025 5:00,21.3,64.8,53.4,164.6,128.8,55.81,9.82,17.01,47.1
1/7/2025 6:00,21.3,72.9,54.4,173.5,131.8,52.43,9.73,16.86,53.5
1/7/2025 7:00,77.6,84,87.1,219.3,135.6,59.25,9.8,16.64,68.78
1/7/2025 8:00,126.6,117.3,106,336.7,156,63.89,13.21,19.98,103.21
1/7/2025 9:00,139,238.8,165.4,400,211,87.18,14.58,22.92,131.4
1/7/2025 10:00,133.9,308.8,204.2,454.8,228,110.68,14.61,25.94,138.07
1/7/2025 11:00,143.2,348,256.9,494.5,239.6,109.61,14.36,30.63,137.58
1/7/2025 12:00,148.3,339,278.1,490.2,231.1,110.94,13.39,29.94,135.67
1/7/2025 13:00,136.8,322.3,202.9,488.6,232.7,110.46,13.69,25.65,118.79
1/7/2025 14:00,121,313.4,156.3,434.9,233,104.21,12.23,24.94,97.84
1/7/2025 15:00,116.7,310.4,120.9,363.7,223.8,100.33,8.91,19.23,76.67
1/7/2025 16:00,101.6,289.3,122.4,333.4,202.5,89.9,8.97,19.09,73.54
1/7/2025 17:00,97.3,252.3,117.6,314.3,180.6,79.71,9.52,20.68,82.04
1/7/2025 18:00,87.7,203.7,104.2,272.1,166.9,71.75,9.79,21.07,80.36
1/7/2025 19:00,75.1,154.8,81.1,230.6,158.6,70.3,9.9,19.03,63.76
1/7/2025 20:00,64.4,122.8,72.2,162.6,154.1,66.06,9.89,19.03,57.34
1/7/2025 21:00,40.2,106.6,68.7,150.4,157.6,60.95,9.93,19.11,52.49
1/7/2025 22:00,28.6,100.2,66.8,145.5,150.9,60.6,9.93,18.93,51.08
1/7/2025 23:00,29.8,96.6,64.75,145.3,147.1,60.98,9.84,18.98,49.85
1/8/2025 0:00,26.4,97.4,64.3,140.1,147.3,59.8,9.82,19.26,49.92
1/8/2025 1:00,25.7,97.2,64.4,138.6,148.2,60.2,9.84,19.17,50.7
1/8/2025 2:00,25.1,94.8,63.2,138.5,148.8,61,9.88,19.1,50.71
1/8/2025 3:00,24.9,96.7,60.7,139.6,150.7,57.79,9.85,19.24,51.34
1/8/2025 4:00,25,97.5,60.7,137.6,148.2,60.66,9.79,19.03,50.81
1/8/2025 5:00,24.8,93.5,77.9,167.8,146.1,58.62,9.74,18.82,52.21
1/8/2025 6:00,25.3,103.5,74.1,177.1,147.1,60.76,9.74,19.18,62.81
1/8/2025 7:00,82.3,115,78.6,244,155.9,63.5,13.43,19.58,73.55
1/8/2025 8:00,126.4,178.8,120.8,366.7,172.4,81.92,14.43,22.59,108.41
1/8/2025 9:00,147,284.1,190.2,478.9,214.1,105.46,14.79,33.1,141.96
1/8/2025 10:00,144.6,347.4,263.9,537.7,240.7,126.18,15.86,41.63,154.55
1/8/2025 11:00,138.5,379.4,306,553.8,245.2,134.57,15.58,42.8,163.8
1/8/2025 12:00,142.7,375.1,308.7,541.3,240.6,140.88,15.18,40.7,164.46
1/8/2025 13:00,137.1,349,283.3,542.5,245.6,118.64,14.55,40.38,151.03
1/8/2025 14:00,134.6,351.5,271.4,496,228.5,114.55,13.37,31.45,127.27
1/8/2025 15:00,92.1,334.3,221.2,400.4,204.7,104.43,8.97,24.57,91.05
1/8/2025 16:00,68.5,288.1,194.8,367.5,180.6,104.23,9,23.31,72.77
1/8/2025 17:00,58.9,236.7,161.3,329.6,168,100.74,9.34,22.9,74.17
1/8/2025 18:00,56.2,196.1,123.4,276.4,162.4,95.07,9.88,22.35,77.71
1/8/2025 19:00,47.6,152.6,92.7,237.8,152.7,87.14,9.93,22.27,65.97
1/8/2025 20:00,37.6,124.4,82.1,168.3,141.4,74.93,9.95,20.71,59.33
1/8/2025 21:00,31.9,107.4,70,157.1,139.3,68.73,9.93,19.74,56.79
1/8/2025 22:00,32.1,98.1,68.6,152.4,138.5,68.46,9.9,19.89,57.22
1/8/2025 23:00,32.8,95.8,67,149.15,145.1,65.4,9.65,20.2,55.33
1/9/2025 0:00,24.2,96,66.8,149.8,139.1,66.39,9.87,20.13,55.34
1/9/2025 1:00,22.8,93,66.8,149.5,139.3,65.13,9.86,19.66,57.75
1/9/2025 2:00,22.8,93.9,64,148.5,139,69.93,9.97,19.14,58.12
1/9/2025 3:00,22.6,93.6,63.3,147.7,140.1,66.07,9.95,19.03,58.28
1/9/2025 4:00,22.3,93,62.9,147.1,141.3,67.17,9.93,19.4,58.71
1/9/2025 5:00,22.5,92.4,74.9,180.5,140.9,65.53,9.85,19.1,58.22
1/9/2025 6:00,22.5,99.1,75.2,193.3,139,65.96,9.82,18.86,68
1/9/2025 7:00,83.5,112.7,78.1,249.5,143.3,64.45,14.23,19.71,80.35
1/9/2025 8:00,138.6,179.6,111.4,389.6,161.3,78.71,20.37,20.53,114.97
1/9/2025 9:00,150.2,259,232.2,475.9,198.1,107.84,32.01,30.98,156.28
1/9/2025 10:00,146.5,316.8,305.7,522.9,214.8,134.06,30.99,40.49,160.26
1/9/2025 11:00,153.2,350.8,314.9,534.8,226.5,137.96,30.78,35.78,161.56
1/9/2025 12:00,150.5,333.5,310,511.7,227.6,129.92,26.6,29.45,151.8
1/9/2025 13:00,136.1,300.8,282.3,502.3,220.8,123.74,16.13,25.92,127.03
1/9/2025 14:00,129.2,283.9,274.7,468.8,205.8,117.62,14.57,19.73,113.39
1/9/2025 15:00,111.1,253.5,227,437.9,186.2,110.91,8.87,15.84,89.88
1/9/2025 16:00,97.5,247,193.9,409.5,186.9,111.29,8.89,14.89,64.63
1/9/2025 17:00,89.7,215.9,149.8,377.3,166.5,93.97,9.38,18.67,76.79
1/9/2025 18:00,84,175.9,110.5,322.2,153.8,90.82,9.85,24.01,88.87
1/9/2025 19:00,47.4,144.2,92.6,252.1,149.7,77.37,9.85,22.57,76.36
1/9/2025 20:00,35.4,107.3,74,184.2,148.7,67.43,9.91,19.74,59.89
1/9/2025 21:00,28.8,98.8,70.3,159.9,142.7,62.68,9.92,18.6,56.15
1/9/2025 22:00,27.7,92.9,66.7,157.8,146,60.05,9.89,18.85,54.6
1/9/2025 23:00,29.4,90.2,64.15,158.55,141.8,61.07,10.02,17.17,52.7
1/10/2025 0:00,26.7,84,63.8,153.3,142.3,62.32,9.97,18.32,54.11
1/10/2025 1:00,26.8,82.2,64.5,152.1,140.7,61.25,9.81,18.27,54.37
1/10/2025 2:00,26,81.8,64.6,151.8,139.7,61.66,9.76,18.16,53.71
1/10/2025 3:00,26.8,81.5,61.3,150,139.9,62,9.78,17.97,54.96
1/10/2025 4:00,27,81.8,60.9,151.6,139.4,60.47,9.79,18.03,53.89
1/10/2025 5:00,26.8,81.2,73.8,179.4,141.1,62.74,9.75,17.8,54.1
1/10/2025 6:00,27.4,90.7,74.1,189,134.2,60.83,9.75,17.84,62.23
1/10/2025 7:00,83.3,101.5,76,225.5,144.7,59.59,14.76,18.64,72.88
1/10/2025 8:00,124.8,144,108.8,343.1,164.3,70.66,16.63,21.15,111.75
1/10/2025 9:00,144.6,229.9,189.4,411.3,199.5,98.46,14.09,26.43,118.89
1/10/2025 10:00,138.5,275.5,258.3,468.8,211.9,116.36,17.54,39.01,118.48
1/10/2025 11:00,147.3,294.4,282,511.7,218.1,124.2,20.62,33,131.79
1/10/2025 12:00,164.1,279.1,261.7,517.4,211.8,127.35,20.89,33.29,129.77
1/10/2025 13:00,141.7,273.3,216.9,485.4,207.9,117.02,16.11,24.7,110.03
1/10/2025 14:00,133.1,244,201.2,427.1,191.5,109.27,13.19,20.94,86.1
1/10/2025 15:00,92.9,242.1,198.5,374.3,167.2,102.21,8.82,13.08,61.04
1/10/2025 16:00,87.1,212.6,146,338.4,157.6,94.59,8.76,12.85,54.09
1/10/2025 17:00,71.2,202,141.1,315.2,153.6,85.59,9.24,15.36,60.34
1/10/2025 18:00,68.7,183.1,133.7,266.8,149.3,85.3,9.72,20.14,67.21
1/10/2025 19:00,57.6,137,120.6,204.2,144.5,68.16,9.82,19.91,65.81
1/10/2025 20:00,39.7,116.9,89.8,164.1,136.2,66.88,9.92,19.79,64.15
1/10/2025 21:00,25.9,103.4,71.8,150.2,133.5,58.49,9.93,19.83,61.06
1/10/2025 22:00,25.3,93,66.5,138.3,124.7,59.18,9.85,20.01,57.64
1/10/2025 23:00,24.4,95.45,68.7,141.4,132.9,56.02,9.9,19.74,58
1/11/2025 0:00,24.9,91.6,69,138.4,133,58.42,9.88,19.8,57.8
1/11/2025 1:00,25,88.9,66.3,139.3,131.5,58.21,9.88,20.24,58.91
1/11/2025 2:00,25,88.9,63.5,138.6,132,57.47,9.89,21.27,59.27
1/11/2025 3:00,24.7,86.8,62.9,138.3,131.3,57.81,9.78,23.52,60.51
1/11/2025 4:00,24.4,85.5,62.2,138.6,131,58.09,9.84,24.62,60.47
1/11/2025 5:00,24.6,87,62.5,137.7,127.2,57.93,9.83,22.09,59.73
1/11/2025 6:00,24.5,88.5,61.2,138.4,127.6,59,9.76,19.44,57.74
1/11/2025 7:00,55.9,86.9,59.9,135.1,125.7,53.75,9.59,17.59,52.82
1/11/2025 8:00,55.9,81,53.7,131.5,121.1,52.89,8.81,12.99,44.25
1/11/2025 9:00,42.1,85.7,56.1,136.2,121.9,53.37,8.84,12.33,44.01
1/11/2025 10:00,35.7,89.8,56.5,146.6,124.7,50.95,10.32,14.82,45.87
1/11/2025 11:00,34.1,106.6,57.4,159.8,126.6,65.1,11.09,15.38,44.1
1/11/2025 12:00,25.7,107.1,58.6,163.8,127,54.71,9.84,13.45,46.82
1/11/2025 13:00,26.6,109.1,67.9,158.3,127.4,53.01,9.79,12.42,45.5
1/11/2025 14:00,29.3,108,72.4,156.5,129.3,55.69,10.21,13.07,49.46
1/11/2025 15:00,27.7,109,77.2,154.8,124.5,56.68,24.91,12.01,48.67
1/11/2025 16:00,25.3,107.9,72.4,157.5,123.6,57.75,37.24,12.11,50.98
1/11/2025 17:00,28,106.7,79.1,152.3,127.1,56.21,42.33,14.53,52.61
1/11/2025 18:00,30.5,112.2,77.8,154.4,129.8,57.83,41.46,18.42,64.13
1/11/2025 19:00,32.4,103,73.8,149.5,130.3,57.87,34.52,18.16,61.28
1/11/2025 20:00,27.1,95.7,64.9,145.9,130.4,60.48,32.9,18.8,59.38
1/11/2025 21:00,25.6,93.1,62.4,141.1,131.6,59.81,21.22,18.59,58.94
1/11/2025 22:00,22,94.1,60.2,146.2,129.7,58.21,9.94,19.01,57.75
1/11/2025 23:00,19.9,91.2,55.2,145.2,142.7,54.66,9.9,19.99,61.6
1/12/2025 0:00,23.9,91.6,69,139,133.6,58.42,9.46,3.32,20.6
1/12/2025 1:00,25,88.9,66.3,139.8,132.1,58.21,9.06,4.61,20.4
1/12/2025 2:00,25,88.9,63.5,139.2,132.6,57.47,9.44,4.93,20.1
1/12/2025 3:00,24.7,86.8,62.9,138.8,131.9,57.81,8.17,4.45,20.2
1/12/2025 4:00,24.4,85.5,62.2,139.1,131.7,58.09,9.56,4.23,20.2
1/12/2025 5:00,24.6,87,62.4,138.3,127.9,57.93,9.61,4.32,20.3
1/12/2025 6:00,24.5,87.5,61.2,138.9,128.3,59,10.03,4.38,20.1
1/12/2025 7:00,33.9,86.9,59.9,135.4,126.4,53.75,10.11,3.57,30.5
1/12/2025 8:00,33.9,81,52.7,131.9,121.8,52.89,9.42,3.57,30.5
1/12/2025 9:00,32.1,86.7,56.1,136.6,122.6,53.37,10.63,6.11,26
1/12/2025 10:00,35.7,89.8,56.5,147.2,125.4,50.95,10.43,5.14,30.6
1/12/2025 11:00,34.1,106.6,57.4,160.3,127.3,65.1,11.9,4.87,29.3
1/12/2025 12:00,25.7,107.1,58.6,164.2,127.7,54.71,9.08,4.48,21.2
1/12/2025 13:00,26.6,109.1,67.9,158.8,128.1,53.01,8.71,4.88,21.7
1/12/2025 14:00,29.3,108,72.4,157,130,55.69,10.33,4.83,24.5
1/12/2025 15:00,27.7,109,76.2,155.3,125.2,56.68,25.99,4.52,23.3
1/12/2025 16:00,25.3,108.9,72.4,158.1,124.3,57.75,36.58,4.21,21.1
1/12/2025 17:00,28,106.7,79.1,152.9,127.8,56.21,43.98,4.57,23.5
1/12/2025 18:00,30.5,112.2,77.8,155,130.5,57.83,40,4.98,25.5
1/12/2025 19:00,32.4,103,72.8,150.1,131,57.87,34.81,4.95,27.4
1/12/2025 20:00,27.1,95.7,64.9,146.5,131.1,60.48,33.05,4.57,22.5
1/12/2025 21:00,25.6,93.1,62.4,141.7,132.3,59.81,22.72,5,20.6
1/12/2025 22:00,22,94.1,60.2,146.9,130.4,58.21,10.78,4.63,17.4
1/12/2025 23:00,19.9,91.2,54.2,146.8,143.4,58.12,11.37,3.85,16
1/13/2025 0:00,21.7,106,100.2,159,200.5,56.06,12.83,5.1,16.6
1/13/2025 1:00,21.8,105,100.4,159.1,201.3,59.82,11.81,4.87,17
1/13/2025 2:00,21.3,105.7,96.4,160.5,202.9,59.15,11.38,4.54,16.8
1/13/2025 3:00,21.1,103.5,100.5,157.8,200.5,58.38,12.17,4.44,16.6
1/13/2025 4:00,22,105.3,101.6,180.2,200.7,56.54,11.14,5.02,17
1/13/2025 5:00,21.3,110.8,110,215.3,200.5,58.56,10.44,4.93,16.4
1/13/2025 6:00,21.3,124.7,109.3,257.7,204.4,59.9,11.64,4.87,16.4
1/13/2025 7:00,77.6,162.3,155.5,375.2,208.4,57.13,17.62,7.37,70.1
1/13/2025 8:00,126.6,291.9,226.6,527.6,198.7,53.17,17.22,35.24,91.5
1/13/2025 9:00,200.9,397.8,306.5,637.2,206.5,51.74,16.12,67.4,133.5
1/13/2025 10:00,226.1,473.4,368.3,701.7,207,55.04,16.94,74.01,152
1/13/2025 11:00,248.2,495.9,449.2,736.1,206,66.64,19.19,69.85,178.3
1/13/2025 12:00,250.8,484.5,432,700.6,203.6,56.45,16.44,65.2,185.6
1/13/2025 13:00,230.9,452,367.2,655.7,206.6,54.22,11.72,58.26,172.5
1/13/2025 14:00,121,419.4,330.2,570.5,202.1,54.46,10.31,26.29,94.6
1/13/2025 15:00,116.7,374.7,246.3,528.7,208.7,58.39,10.57,10.85,105.9
1/13/2025 16:00,101.6,327.2,201.4,501.3,197,58.27,10.44,7.68,93.8
1/13/2025 17:00,97.3,275,176.1,437.6,205.2,54.59,10.11,6.81,90.6
1/13/2025 18:00,87.7,219.5,151.2,339.8,203.2,58.85,9.94,5.55,82.2
1/13/2025 19:00,75.1,163.8,114,240.4,203.1,58.84,10.81,5.05,70.1
1/13/2025 20:00,64.4,146.4,96.6,199.2,202.7,60.91,10.95,5.41,59.1
1/13/2025 21:00,40.2,132.8,86.9,192.5,202.2,59.22,10.98,5.31,35
1/13/2025 22:00,28.6,117.8,79.4,184.3,194.9,57.37,10.9,5.06,23.5
1/13/2025 23:00,31.8,116.5,71.1,199.3,164.9,58.86,10.86,3.99,27.7
1/14/2025 0:38,23.3,105.1,100.2,158.2,164.6,73.44,11.43,6.78,16.5
1/14/2025 1:38,24.3,105,100.4,158.3,165.7,75.63,10.43,17.69,62.77
1/14/2025 2:38,25,105.7,96.4,159.8,178.8,71.79,10.46,17.69,64.38
1/14/2025 3:38,24.6,103.5,100.5,157.2,170.1,73.45,10.43,17.8,65.14
1/14/2025 4:38,24.7,105.3,101.6,179.5,171,76.81,10.44,17.53,63.86
1/14/2025 5:38,24.9,110.8,110,214.7,170.7,71.27,10.33,17.51,71.85
1/14/2025 6:38,78.1,124.7,109.3,256.1,173.9,76.78,11.64,19.09,85.6
1/14/2025 7:38,145.9,162.3,155.5,373.7,191.3,80.06,16.77,24.27,126.14
1/14/2025 8:38,201.9,291.9,226.6,525.8,263.8,105.34,17.86,29.93,199.33
1/14/2025 9:38,221.8,397.8,307.5,635,329,139.16,17.12,39.21,237.48
1/14/2025 10:38,226.1,473.4,368.3,699.6,350.1,145.2,18.03,44.58,259.06
1/14/2025 11:38,250.2,493.9,449.2,734.6,362.9,153.57,21.34,37.64,270.89
1/14/2025 12:38,253.8,484.5,430,699.8,353.9,157.08,17.46,33.29,246.44
1/14/2025 13:38,232.9,452,367.2,654.3,346.8,139.94,10.71,22.2,186.26
1/14/2025 14:38,187.9,419.4,330.2,569.9,324.9,136,8.99,15.49,123.11
1/14/2025 15:38,171.7,374.7,246.3,528.2,291.4,127.08,9.06,17.71,109.75
1/14/2025 16:38,146.4,327.2,201.4,500.5,264.8,119.08,9.18,18.87,108.85
1/14/2025 17:38,126.4,275,176.1,436.5,246.9,101,9.8,22.54,113.38
1/14/2025 18:38,93.5,216.5,151.2,338.4,210.6,87.26,9.92,22.15,95.33
1/14/2025 19:38,77.7,163.8,115,239.5,192.6,78.36,10.01,21.5,90.82
1/14/2025 20:38,63.4,146.4,96.6,198.3,192.7,75.81,9.95,18.96,82.99
1/14/2025 21:38,56.9,132.8,86.9,191.4,193.1,70.46,9.98,18.69,75.67
1/14/2025 22:38,44,119.8,79.4,183.3,193.2,70.44,9.9,18.52,74.37
1/14/2025 23:38,36.95,114.7,74.95,190.15,193.7,68.72,9.88,18.2,71.44
1/15/2025 0:00,33.5,102.1,75.2,178.3,164.6,68.31,9.89,18.2,73.78
1/15/2025 1:00,32.3,98.2,74.8,178.8,165.7,69.3,9.94,17.8,74.37
1/15/2025 2:00,32,95.6,74.9,176.7,177.8,67.49,9.94,17.84,74.01
1/15/2025 3:00,31.7,94.3,71.9,178.2,170,67.8,9.95,17.71,76.32
1/15/2025 4:00,32.5,94.1,70.8,174.6,171,70.02,9.86,17.83,73.86
1/15/2025 5:00,32.7,96,81.6,210.3,170.7,67.68,9.83,17.75,74.3
1/15/2025 6:00,33.6,103.9,84.5,243,173.9,68.18,9.74,17.67,83.62
1/15/2025 7:00,104.6,120.2,93.7,303.4,191.3,70.86,15.03,19.37,100.59
1/15/2025 8:00,183.2,184.5,137.1,453,263.8,80.4,16.4,24.91,147.07
1/15/2025 9:00,207.9,297.3,216.8,567,329,113.36,17.9,29.89,168.23
1/15/2025 10:00,193.1,345,302.8,632.9,350.3,137.29,24.21,34.17,201.46
1/15/2025 11:00,198.8,409.5,354.5,661.1,362.8,137.17,27.98,34.3,203.54
1/15/2025 12:00,198.8,431.3,383.5,661.7,353.9,130.95,17.26,31.91,204.05
1/15/2025 13:00,182.9,393.9,349,633.6,346.8,129.7,15.72,25.48,193.82
1/15/2025 14:00,156.2,386,302.1,578.4,324.9,127.01,14.96,19.28,165.88
1/15/2025 15:00,124.1,341.6,219.1,505.5,291.4,118.81,9.34,15.13,116.24
1/15/2025 16:00,95.5,320.4,195.6,478.4,264.8,117.38,9.2,17.22,104.21
1/15/2025 17:00,90.7,277.2,199.2,446.7,246.9,106.4,9.66,18.86,89.47
1/15/2025 18:00,53.7,226,155.2,381.3,210.6,97.45,9.83,21.91,95.46
1/15/2025 19:00,49.8,188.6,141,280.2,192.6,78.78,9.84,20.77,78.45
1/15/2025 20:00,37.3,142.3,115.8,199.9,192.7,73.53,9.88,17.97,74.02
1/15/2025 21:00,32.3,123.7,102.5,169.1,193.1,66.21,9.8,17.79,68.21
1/15/2025 22:00,25.8,115.3,94.4,164.8,193.2,65.63,9.86,18.06,66.11
1/15/2025 23:00,24.05,112.5,89.4,163.85,193.5,76.47,9.8,18.12,63.45
1/16/2025 0:00,25.6,102.1,75.2,161.2,134.2,68.31,9.82,17.82,68.42
1/16/2025 1:00,25,98.2,74.8,161.8,132.7,69.3,9.83,17.03,67.93
1/16/2025 2:00,24,95.6,74.9,161.6,133.2,67.49,9.8,17.18,68.43
1/16/2025 3:00,23.8,94.3,72.9,159.8,132.5,67.8,9.7,16.9,68.97
1/16/2025 4:00,23.7,94.1,70.8,159.8,132.2,70.02,9.73,16.83,66.83
1/16/2025 5:00,23.7,96,81.6,195.7,128.4,67.68,9.78,17.26,67.44
1/16/2025 6:00,24.3,102.9,84.5,226.9,128.8,68.18,9.63,16.99,76.94
1/16/2025 7:00,86.7,120.2,93.7,298.6,126.9,70.86,14.5,17.06,94.36
1/16/2025 8:00,162,184.5,137.1,439.7,122.3,80.4,17.53,21.94,134.95
1/16/2025 9:00,205.4,297.3,216.8,543.7,123.1,113.36,30.71,29.75,161.49
1/16/2025 10:00,199,345,302.8,619.8,125.9,137.29,35.1,33.89,180.27
1/16/2025 11:00,203.8,409.5,354.3,651.9,127.8,137.17,50.68,29.42,190.03
1/16/2025 12:00,193.1,431.3,383.5,653,128.2,130.95,44.16,26.84,195.67
1/16/2025 13:00,182.5,393.9,349,655.4,128.6,129.7,42.29,26.03,179.85
1/16/2025 14:00,156.6,385,261.4,609.7,130.5,127.01,40.71,22.47,142.72
1/16/2025 15:00,139.7,341.6,229.2,543,125.7,118.81,21.47,16.14,91.04
1/16/2025 16:00,128.7,320.4,211.2,499.3,124.8,117.38,9.17,15.21,87.62
1/16/2025 17:00,112.8,277.2,185.1,473,128.3,106.4,9.42,17.89,82.61
1/16/2025 18:00,85.2,226,154,391.4,131,97.45,9.95,22.33,83.91
1/16/2025 19:00,59.8,188.6,104.5,285.4,131.5,78.78,9.86,20.8,74.32
1/16/2025 20:00,38.4,142.3,89.6,201.5,131.6,73.53,9.92,18.21,70.64
1/16/2025 21:00,30.5,122.7,82.5,177.6,132.8,66.21,10.04,18.25,66.36
1/16/2025 22:00,28.5,115.3,82.4,172.8,130.9,65.63,10.02,18.16,65.38
1/16/2025 23:00,30.8,112.5,76.3,182.1,143.9,76.47,10.2,18.2,69.1
1/18/2025 0:58,23.4,100.5,60.7,144.1,202.3,67.13,4.12,5.11,18.3
1/18/2025 1:58,23.6,101.2,60.7,145,201.2,70.44,4.11,5.11,18.6
1/18/2025 2:58,23.3,100.1,47.5,145.1,200.1,68.23,4.17,5.11,18.2
1/18/2025 3:58,23.4,100.3,66.2,146.1,200.2,74.62,4.21,19.75,65.91
1/18/2025 4:58,23.3,96.9,66,142.1,188.7,74.37,4.17,18.75,64.66
1/18/2025 5:58,22.3,98,64.8,148.2,185.9,71.19,4.19,17.81,62.81
1/18/2025 6:58,40.7,98.2,62.8,176.6,194.6,70.68,3.98,17.15,58.48
1/18/2025 7:58,30.2,102.8,59.7,190.6,194.1,69.91,3.31,12.56,47.51
1/18/2025 8:58,33.4,103.8,60.7,187.2,188.1,68.61,3.3,11.48,47.62
1/18/2025 9:58,76.2,99.6,47.5,191.8,188.7,68.48,3.3,11.53,47.08
1/18/2025 10:58,84.5,100.4,41.2,195.9,182.2,71.59,3.28,13.3,46.26
1/18/2025 11:58,80.8,92.8,52.4,194.2,168.1,73.9,3.3,13.45,44.5
1/18/2025 12:58,32.6,85.4,55,194.5,170.4,72.97,3.32,12.91,46.09
1/18/2025 13:58,32,89.8,52.9,193.2,178.2,69.05,3.32,13.82,55.08
1/18/2025 14:58,32.6,92.1,53.8,195.2,178.9,67.88,3.29,15.6,53.36
1/18/2025 15:58,33.1,96.9,54.7,200.3,173.8,67.53,5.53,13.98,53.59
1/18/2025 16:58,35.9,92.3,56.2,205.9,179.9,68.18,11.18,14.75,50.11
1/18/2025 17:58,36.3,98,63.2,202.7,187,66.33,8.45,20.6,61
1/18/2025 18:58,27.9,94.3,62.6,190.3,177.6,65.58,6.39,17.84,60.39
1/18/2025 19:58,24,92.9,62.3,162,173.7,66.62,3.96,17.84,60.81
1/18/2025 20:58,23.7,89.4,60.4,144.3,176.9,67.35,4.66,17.92,61.62
1/18/2025 21:58,24.2,91.5,57.6,143.8,183.9,68.41,7.46,18.18,59.74
1/18/2025 22:58,28,85.55,60.2,139.5,168.8,67.94,15.64,17.68,63.6
1/18/2025 23:58,23.9,88.3,57.9,142.3,178.7,68.63,7.74,17.98,59.99
1/19/2025 0:00,23.7,85.4,58.6,141.1,181.3,68.13,3.76,18.01,60.99
1/19/2025 1:00,22.8,81.2,58.4,142,176.4,68.15,3.77,18.03,60.52
1/19/2025 2:00,23.6,84.9,60.4,137.9,179.2,68.73,3.69,19.02,61.15
1/19/2025 3:00,23.2,86.7,63.2,138.2,183.5,69.06,3.78,19.58,63.37
1/19/2025 4:00,32.6,88,62.6,139.3,179.2,73.38,3.79,19.83,62.73
1/19/2025 5:00,32.7,88,60.1,136.8,181.8,72.64,3.79,19.1,61.49
1/19/2025 6:00,32.3,84.5,59.7,146.4,181.1,70,3.75,18.53,61.59
1/19/2025 7:00,29.9,75.6,56.8,138.5,179.6,69.64,3.52,17.48,57.09
1/19/2025 8:00,34.6,86.8,52.9,8.7,176.7,70.91,2.9,12.51,49.91
1/19/2025 9:00,39.3,85.3,53,172,163.6,66.28,2.87,11.97,59.67
1/19/2025 10:00,35.9,78.4,54.6,185.1,161.7,68.25,2.84,11.38,61.29
1/19/2025 11:00,30.6,79.5,55.7,185,160.1,68.23,2.84,11.64,58.81
1/19/2025 12:00,28.1,76.1,61.9,184,159.4,67.87,2.86,11.67,57.69
1/19/2025 13:00,26.2,77.2,61.7,184.4,160.7,69.47,2.83,11.02,55.56
1/19/2025 14:00,22.3,83.1,60.8,175.4,158.1,67.84,2.85,11.68,53.4
1/19/2025 15:00,21.1,80.7,62.5,173.6,155,66.92,2.82,11.73,54.6
1/19/2025 16:00,18.4,87.5,66,174.3,158.8,67.08,2.88,11.76,56.9
1/19/2025 17:00,19.2,99.9,71,174.7,162.7,74.14,3.09,12.6,63.18
1/19/2025 18:00,22.8,92.6,75.4,173.2,174.3,72.66,3.8,17.68,75.95
1/19/2025 19:00,22.8,95.6,76.7,168.4,174.6,70.08,3.71,17.78,70.34
1/19/2025 20:00,22.5,93,72.8,148,175.2,69.81,3.77,18.19,60.25
1/19/2025 21:00,22.6,85.1,69.9,130.8,178.7,71.55,3.77,17.55,61.62
1/19/2025 22:00,22.5,78.4,66.3,129.8,174,70.15,3.79,18.21,60.32
1/19/2025 23:00,19.8,78.3,70.7,137.1,183.4,65.98,3.79,18.22,60.52
1/20/2025 0:00,21.7,105.1,100.2,157.9,200.7,68.13,13.3,5.1,16.6
1/20/2025 1:00,21.8,105,100.4,158.9,201.5,68.15,11.04,4.87,17
1/20/2025 2:00,21.3,105.7,96.4,160.2,203.1,68.73,11.01,4.54,16.8
1/20/2025 3:00,21.1,104.5,100.5,157.6,200.7,69.06,11.77,4.44,16.6
1/20/2025 4:00,22,105.3,100.6,179.7,200.9,73.38,12.26,5.02,17
1/20/2025 5:00,21.3,110.8,110,214.8,200.7,72.64,10.33,4.93,16.4
1/20/2025 6:00,21.3,123.7,109.3,257.1,204.6,70,12.51,4.87,16.4
1/20/2025 7:00,79.6,162.3,154.5,374.6,208.6,69.64,16.71,8.35,71.3
1/20/2025 8:00,126.6,291.9,226.6,526.7,198.9,70.91,18.86,35.24,91.5
1/20/2025 9:00,201.7,397.8,306.5,636.1,206.7,66.28,16.98,68.2,133.5
1/20/2025 10:00,226.1,473.4,368.3,700.4,207.2,68.25,18.11,74.01,152
1/20/2025 11:00,248.2,495.9,449.2,735.8,206.2,68.23,20.34,69.85,178.3
1/20/2025 12:00,250.8,483.5,432,700.1,203.8,67.87,18.46,65.2,185.6
1/20/2025 13:00,230.9,452,367.2,654.8,206.8,69.47,10.72,58.26,172.5
1/20/2025 14:00,121,419.4,330.2,569.2,202.3,67.84,11.9,26.29,94.6
1/20/2025 15:00,114.7,374.7,246.3,527.5,208.9,66.92,10.15,9.75,105
1/20/2025 16:00,101.6,327.2,201.4,499.9,197.2,67.08,10.33,7.68,93.8
1/20/2025 17:00,98.3,275,176.1,435.9,205.4,74.14,11.33,7.81,90.6
1/20/2025 18:00,87.7,219.5,151.2,337.9,203.4,72.66,9.99,5.55,82.2
1/20/2025 19:00,75.1,163.8,114,238,203.3,70.08,11.11,5.05,70.1
1/20/2025 20:00,64.4,146.4,96.6,196.2,202.9,69.81,10.88,5.41,59.1
1/20/2025 21:00,40.2,132.8,86.9,189.3,202.4,71.55,10.02,5.31,35
1/20/2025 22:00,28.6,117.8,78.4,181.4,195.1,70.15,10.19,5.06,23.5
1/20/2025 23:00,31.8,115.5,71.1,196.5,200.6,65.98,10.16,3.99,27.7
1/21/2025 0:00,21.7,105.2,100.2,169,200.8,74.2,13.11,5.1,16.6
1/21/2025 1:00,21.8,105,100.3,159,201.6,76.1,11,4.87,17
1/21/2025 2:00,21.3,105.7,96.4,160.4,203.2,70.19,11.22,4.54,16.8
1/21/2025 3:00,21.1,103.5,100.5,157.7,200.8,74.15,12.17,4.44,16.6
1/21/2025 4:00,22,105.3,101.6,180.3,201,75.29,11.12,5.02,17
1/21/2025 5:00,21.3,110.8,110,215,200.8,71.82,11.14,4.93,16.4
1/21/2025 6:00,24.9,124.7,109.3,257.3,204.7,77.23,11.32,6.8,18
1/21/2025 7:00,79.6,162.3,153.5,374.8,208.7,78.08,17.11,8.35,71.3
1/21/2025 8:00,126.6,291.9,226.6,527,199,106.7,18.95,35.24,91.5
1/21/2025 9:00,203.7,397.8,306.5,636.7,206.8,140.12,17.88,69.1,134.6
1/21/2025 10:00,226.1,473.4,368.3,701.1,207.3,144.11,16.14,74.01,152
1/21/2025 11:00,248.2,495.9,448.3,735.9,206.3,151.63,19.34,69.85,178.3
1/21/2025 12:00,250.8,484.5,432,700.7,203.9,158.44,17.46,65.2,185.6
1/21/2025 13:00,235.9,452,367.2,655.1,206.9,140.63,10.81,60.16,175.6
1/21/2025 14:00,121,419.4,330.2,570.2,202.4,137.18,10.41,26.29,94.6
1/21/2025 15:00,114.7,374.7,246.3,528.6,209,128.44,10.07,9.75,105
1/21/2025 16:00,100.6,327.2,201.4,501.2,197.3,120.98,10.44,7.68,92.8
1/21/2025 17:00,98.3,275,176.1,437.2,205.5,102.42,9.99,7.81,90.6
1/21/2025 18:00,87.7,219.5,151.2,339.6,203.5,87.13,9.92,5.55,82.2
1/21/2025 19:00,75.1,163.8,113,240.1,203.4,80.04,10.01,5.05,70.1
1/21/2025 20:00,64.4,146.4,96.6,199.1,203,74.81,10.44,5.41,59.1
1/21/2025 21:00,56.9,131.8,86.9,192.3,202.5,68.21,10.11,7.73,49.1
1/21/2025 22:00,44,117.8,78.4,184.2,195.2,69.37,10.93,7.93,35.9
1/21/2025 23:00,31.8,116.5,71.1,199,195,67.22,10.8,3.99,27.7
1/23/2025 0:48,24.6,100.3,67.5,149.8,167.7,73.88,3.75,4.39,20.2
1/23/2025 1:48,25.6,100.4,68.5,150,168.7,61.64,3.65,17.42,55.78
1/23/2025 2:48,25.9,102.3,69.1,149.5,168.6,60.67,3.7,17.33,56.32
1/23/2025 3:48,26.1,104,69,149.2,163.9,60.99,3.64,17.5,55.55
1/23/2025 4:48,25.7,105.4,77,175.8,161.6,59.87,3.68,17.31,56.33
1/23/2025 5:48,25.5,102.6,83.3,189.2,165.5,61.37,3.68,17.29,66.33
1/23/2025 6:48,68.7,114.4,86.8,199.4,163.4,66.77,5.48,18.11,71.79
1/23/2025 7:48,144.1,161.6,139.1,308.4,202.6,69.71,10.39,17.57,89.5
1/23/2025 8:48,169,258.6,270.3,390.2,252.1,95.03,11.9,22.01,111.77
1/23/2025 9:48,156.8,316.5,295.5,440.3,284.9,108.79,9.3,30.3,146.83
1/23/2025 10:48,155.2,326,266,458.6,283.6,123.01,14.4,30.44,153.37
1/23/2025 11:48,159.6,313.9,288,464.8,287.7,120.79,17.33,28.39,153.42
1/23/2025 12:48,149.3,302.2,271.2,425.9,272.6,122.14,11.21,26.46,139.74
1/23/2025 13:48,136.9,268,244.5,388.5,252,121.96,6.67,20.24,122.59
1/23/2025 14:48,118.8,224.9,184.1,340.2,233.5,114.38,2.82,17.47,87.58
1/23/2025 15:48,103.6,205.2,171.7,321.7,219.3,107.39,3.01,15.29,71.63
1/23/2025 16:48,82.1,183.9,144.5,303.3,214.2,107.03,3.05,13.6,67.58
1/23/2025 17:48,66.4,173.7,134.2,278.6,217.4,98.24,2.77,19.28,76.36
1/23/2025 18:48,50.8,160.7,99.2,205.3,206.5,93.05,3.04,19.15,66.66
1/23/2025 19:48,31.9,150.4,79.2,156,191.2,86.29,3.33,20.26,63.43
1/23/2025 20:48,27.8,127,70,151,193.7,73.62,4.08,20.13,55.97
1/23/2025 21:48,24.9,114.3,63.7,148.2,194.4,65.9,3.64,17.63,54.75
1/23/2025 22:48,24.5,106.9,62.8,144.2,192.1,65.99,3.3,18.16,56.08
1/23/2025 23:48,24.15,111.25,70.2,140.9,195.75,66.15,3.26,16.76,55.38
1/24/2025 0:00,23.4,107.4,59.9,141.9,190,64.7,3.45,17.5,54.87
1/24/2025 1:00,23.4,107.6,61,141.6,182,64.21,3.4,17.3,56.73
1/24/2025 2:00,23.3,105.3,60.7,142.6,182.3,63.25,3.38,17.37,55.78
1/24/2025 3:00,23.3,104.2,60.2,140.9,181.3,61.53,3.44,17.19,57.68
1/24/2025 4:00,23.3,102.9,59.3,139.5,184.4,59.75,3.39,17.51,57.01
1/24/2025 5:00,23,107.3,77.4,170.8,181.9,59.7,3.4,17.68,56.53
1/24/2025 6:00,23.8,122.5,76,180.2,186.9,59.49,3.44,17.08,66.83
1/24/2025 7:00,84,142.2,84.1,206.1,193,63.9,3.28,18.39,74.63
1/24/2025 8:00,183.5,187.9,126,304,217.9,76.94,5.81,18.74,92.49
1/24/2025 9:00,184.1,232.6,233.8,397.1,260.8,90.92,8.52,32.43,129.06
1/24/2025 10:00,135.7,250.6,248.8,424,265.4,109.8,9.83,31.79,135.49
1/24/2025 11:00,138.3,272.7,230.4,430.2,265.9,110.57,9.45,30.7,132.18
1/24/2025 12:00,121,276.5,216.6,413,252.1,115.24,7.19,29,125.54
1/24/2025 13:00,110.9,243.2,192.8,375.9,231.5,119.16,3.16,21,107.9
1/24/2025 14:00,107.5,212.8,166.4,345.4,216.2,108.57,4.49,18.05,88.18
1/24/2025 15:00,77.1,182.4,152.6,313.3,204.1,103.03,4.1,15.12,65.18
1/24/2025 16:00,75,170.1,134.6,281,197.5,93.84,3.44,12.41,48.45
1/24/2025 17:00,58.5,159.8,125.3,256.2,195.1,92.35,2.7,13.15,44.36
1/24/2025 18:00,94.2,147.7,104,224.3,186.4,95.87,3.2,18.93,56.16
1/24/2025 19:00,63.9,124.3,79,169.6,168.3,90.47,2.83,18.12,57.7
1/24/2025 20:00,31.7,116,67.8,152.9,168,83.17,2.66,17.09,55.8
1/24/2025 21:00,26.1,96.8,60.7,147,163.6,74.28,4.25,17.06,53.89
1/24/2025 22:00,26.2,96.9,57.1,142.3,157.1,66.53,9.11,17.16,53.1
1/24/2025 23:00,24.05,88.3,53.5,142,163.35,63.64,4.7,17.76,54.3
1/25/2025 0:00,23.5,90.7,55.1,137.9,157.7,66.26,3.97,17.04,54.91
1/25/2025 1:00,22.8,86.5,54.5,134.4,153.3,66.21,3.13,17.13,54.04
1/25/2025 2:00,23.4,88,54.7,132.9,152.9,66.19,3.17,20.42,54.33
1/25/2025 3:00,23.6,87.8,56.9,132.1,150.7,69.6,3.09,21.58,55.32
1/25/2025 4:00,23.5,88.4,57.1,133.4,154.4,70.79,3.12,21.98,54.55
1/25/2025 5:00,23,87.2,56.7,133.7,154.9,70.34,3.07,20.84,54.23
1/25/2025 6:00,22.9,92.3,55.2,146.3,151.3,70.15,7.69,17.51,53.89
1/25/2025 7:00,39,92.1,54,175.2,154.9,68.72,12.12,15.24,48.89
1/25/2025 8:00,24,84,49.2,192,145.4,68.71,4.63,11.25,40.84
1/25/2025 9:00,26.3,86.8,51.7,194.5,141.5,65.98,2.45,10.51,42.28
1/25/2025 10:00,25.2,83.9,53.8,197.2,142.9,67.02,3.04,10.53,41.6
1/25/2025 11:00,25,102.8,53.6,203.5,141.4,69.64,2.99,9.65,42.76
1/25/2025 12:00,27.2,97.1,53.8,205.7,140.6,71.52,1.65,10.67,44.24
1/25/2025 13:00,27.9,96,53.6,208.1,141.8,70.73,5,10.96,43.52
1/25/2025 14:00,25.1,80.8,51.7,200.9,142.6,70.52,3.96,10.86,43.99
1/25/2025 15:00,27.5,81,50.9,201.9,143.5,71.25,5.82,13.17,42.04
1/25/2025 16:00,27,81.3,52.6,199.2,144.4,68.75,5.11,13.04,40.8
1/25/2025 17:00,22.7,88.6,53.4,196.9,144.1,67.12,6.87,14.44,44.12
1/25/2025 18:00,26.9,101.5,59.1,184.7,152.1,70.5,5.96,18.5,58.92
1/25/2025 19:00,26.5,103.3,58.8,177.3,154.1,68.08,3.25,17,55.45
1/25/2025 20:00,23.4,100.4,58.8,152.2,150.9,69.12,3.88,17.15,53.33
1/25/2025 21:00,23,94.9,55.5,138.2,156.7,70.87,4.39,17.21,53.53
1/25/2025 22:00,22.9,93.3,51.2,136.1,156.6,66.76,5.66,17.23,50.77
1/25/2025 23:00,21.75,94.3,51.15,134.95,156.95,64.19,6.94,17.55,52.44
1/26/2025 0:00,22.5,88,51.6,133.3,157.1,70.91,5.11,18.52,51.97
1/26/2025 1:00,22.6,85.1,53.6,135.1,156.8,68.67,3,18.9,51.58
1/26/2025 2:00,22.7,85.5,55.4,133.1,153,69.27,3.15,18.7,53.23
1/26/2025 3:00,22.5,86,52.9,133.8,159.2,71.34,3.03,18.63,57.06
1/26/2025 4:00,30.2,85.4,51.3,134.1,154.2,71.18,3.07,18.79,55.47
1/26/2025 5:00,31.3,87.4,54.3,133.7,154.3,70.33,3.08,17.73,55.59
1/26/2025 6:00,31.5,87.8,51.3,149.6,151.7,71.88,3.08,17.03,54.14
1/26/2025 7:00,26.7,87,45.4,177.8,154.4,69.74,2.78,14.97,48.13
1/26/2025 8:00,28.5,82.3,47.2,195.1,145.4,65.69,2.22,11,41.97
1/26/2025 9:00,35.2,80,47.4,195.7,150.4,63.74,2.21,10.52,42.1
1/26/2025 10:00,33.1,83.1,48.9,195.4,144.6,65.57,2.19,9.89,41.88
1/26/2025 11:00,28.3,82.4,49.1,199.1,142,65.89,2.21,9.81,41.2
1/26/2025 12:00,22.4,78.2,46.9,194.5,144.6,64.94,2.15,10.15,38.48
1/26/2025 13:00,22.5,79.2,46.1,197.4,144.8,64.67,2.3,10.06,38.52
1/26/2025 14:00,18.8,81.6,47.2,191.4,144.2,67.12,4.59,10.31,38.34
1/26/2025 15:00,18,80.7,49.6,187.8,141.6,72.15,5.67,9.66,39.26
1/26/2025 16:00,17.7,81.6,51.5,189.9,140.4,69.36,4.6,9.71,37.84
1/26/2025 17:00,24.3,93.4,57.6,191.8,144.9,67.73,5.62,11.64,42.89
1/26/2025 18:00,29.1,102.4,57.5,185.6,149.2,71.84,13.76,17.06,54.96
1/26/2025 19:00,29.7,94.9,56,171.1,149,69.19,4.92,17.03,54.29
1/26/2025 20:00,23.3,95.4,52.9,149.7,149.5,68.75,6.62,17.05,52.98
1/26/2025 21:00,24.1,93.3,50.9,134.9,152.5,70.4,5.58,16.88,53.01
1/26/2025 22:00,22.9,90.5,49.3,134,151.5,66.96,2.65,17.1,52.82
1/26/2025 23:00,21.9,84.7,51.9,133.9,161.1,61.84,1.98,17.74,51.5
1/27/2025 0:00,22.3,84.9,50.9,133.6,150.3,65.31,2.08,19.03,53.03
1/27/2025 1:00,22.4,88,51,131.7,151,68.12,2.03,18.77,53.32
1/27/2025 2:00,22,89.2,50.3,132.3,154.5,68.86,2.18,17.36,54.09
1/27/2025 3:00,22.8,87.6,49.8,133.6,154.9,68.96,2.17,17.4,54.29
1/27/2025 4:00,22.4,84.3,50.7,134.9,150.7,70.99,2.15,17.32,55.25
1/27/2025 5:00,22.8,88.4,63.4,168.8,151.7,67.67,2.18,17.14,54.76
1/27/2025 6:00,26.1,93.1,62.4,184.6,151.7,69.61,2.26,17.02,63.87
1/27/2025 7:00,86.4,109.2,65.4,232.7,164.8,66.02,5.41,18.54,73.1
1/27/2025 8:00,165.6,172.6,127.1,365.6,201.3,73.16,7.06,18.72,105.11
1/27/2025 9:00,224.3,237.9,270.3,452.1,245.8,88.04,6.62,22.81,130.09
1/27/2025 10:00,222.6,288.6,288.5,474.6,273.1,106.46,6.79,29.37,154.15
1/27/2025 11:00,186.6,324.7,265.6,489.7,280.2,124.6,7.58,30.57,165.84
1/27/2025 12:00,143.4,330.5,265.4,490.3,255,126.46,7.53,28.65,151.72
1/27/2025 13:00,130,308.2,248.7,465.9,246.9,122.61,6.8,23.06,125.49
1/27/2025 14:00,134,294.8,207.9,422.3,242.3,118.12,5.46,22.07,101.01
1/27/2025 15:00,83,256.3,164.8,377.5,228.8,113.15,1.5,26.37,70.01
1/27/2025 16:00,56.7,217.6,136.7,363.3,227.9,111.85,1.42,16.6,58.35
1/27/2025 17:00,55,169,121.4,329.9,214,103.27,1.45,16.12,53.09
1/27/2025 18:00,45.1,170.9,108.2,298,191.3,95.28,2.37,19.43,64.78
1/27/2025 19:00,40.2,132.9,91.1,223,171.5,86.85,2.24,18.81,62.5
1/27/2025 20:00,29,119.9,79.7,169.5,164.1,76.44,2.31,17.87,61.88
1/27/2025 21:00,27.8,108.6,74,157.3,160.8,64.65,2.13,17.53,57.69
1/27/2025 22:00,28.3,100.1,68.5,155.4,161.9,60.67,2.04,17.66,55.36
1/27/2025 23:00,25.1,98.7,63.55,145.2,170.4,58.18,2.14,15.95,56.04
1/28/2025 0:00,22.7,96.6,66.8,142.4,159.9,60.06,2.12,17.07,57.71
1/28/2025 1:00,21.9,94.9,66.5,142.1,159.9,61.45,2.26,16.66,57.6
1/28/2025 2:00,22,92.8,63.4,140.3,159.9,63.99,2.19,17.27,57.72
1/28/2025 3:00,22.7,90.8,62.2,141.5,156.5,65.33,2.22,18.71,60.07
1/28/2025 4:00,22.5,93.7,61,141.3,162.9,65.13,2.2,18.3,59.03
1/28/2025 5:00,22,94,74.2,175,163.3,65.34,2.2,17.67,61.04
1/28/2025 6:00,26.7,100.2,75,194.5,158.5,64.53,2.23,16.78,66.5
1/28/2025 7:00,96.9,113.5,84.2,248,185.8,69.76,7.39,18.18,75.67
1/28/2025 8:00,157.3,169.5,134.6,370.2,217.9,81.32,8.85,22.98,115.96
1/28/2025 9:00,152.8,231,231.2,451.4,239.5,100.41,8.76,39.56,148.91
1/28/2025 10:00,149.9,277.3,249.7,495.3,266.2,117.09,8.74,33.76,169.11
1/28/2025 11:00,155.6,303.5,244,519.6,276.2,120.33,7.74,37.33,176.74
1/28/2025 12:00,150.7,271.7,228.9,484.4,272.7,119.04,7.74,30.75,168.93
1/28/2025 13:00,130.2,264.4,225.2,475.6,252.1,114.29,6.33,26.03,132.01
1/28/2025 14:00,107.2,260.2,209.5,432.3,230.3,107.26,4.73,22.17,107.93
1/28/2025 15:00,80.5,240.7,162.1,392.5,221.8,108.92,1.35,26.32,79.28
1/28/2025 16:00,65.4,211.3,133.6,362.5,212.6,108.34,1.41,23.79,70.42
1/28/2025 17:00,59.1,189.1,127.4,342.3,207.6,100.18,1.52,15.41,75.64
1/28/2025 18:00,55.5,184.4,116.7,304.4,210.8,91.14,2.27,21.55,84.17
1/28/2025 19:00,48.4,157.4,103.6,228.3,205.1,84.81,2.25,21.84,74.1
1/28/2025 20:00,34.5,125.5,78.4,183.5,198,73.26,2.16,18.97,57.87
1/28/2025 21:00,28.5,114.7,71.1,163.1,197.2,66.39,2.13,18.02,54.68
1/28/2025 22:00,26.1,111.1,66.5,159,200.1,67.83,1.84,16.47,56.44
1/28/2025 23:00,24.15,103.05,62.3,156.8,193.1,65.18,2.28,16.81,54.29
1/29/2025 0:00,25.1,103,62.3,151.6,191.5,66.91,2.11,16.76,53.82
1/29/2025 1:00,24.3,100.3,61.2,148.9,192.8,67.57,2.3,16.84,54.07
1/29/2025 2:00,24.3,98.1,60.8,147.3,193,68.6,2.24,16.89,53.78
1/29/2025 3:00,24.3,96.7,60.3,147.7,193.6,65.34,2.32,16.84,55.79
1/29/2025 4:00,24.6,97.1,60.2,147,190.8,69.95,2.31,16.77,54.2
1/29/2025 5:00,24.2,99.1,72.9,179.7,191.7,68.66,2.35,16.66,54.29
1/29/2025 6:00,24.1,109.2,77.2,198.8,194.2,68.51,2.52,16.89,60.67
1/29/2025 7:00,79.5,121.3,82.7,249.4,196.5,70.53,6.51,17.04,71.49
1/29/2025 8:00,132.7,176.1,115.3,361.8,225.9,80.76,4.95,20.18,101.35
1/29/2025 9:00,153.6,239.5,183.5,440.4,255.6,99.72,8.09,32.66,118.52
1/29/2025 10:00,159.4,280.7,202.4,483.8,246.1,110.88,6.71,24.31,128.35
1/29/2025 11:00,147.6,269.2,181.9,483,254.4,121.67,4.66,23.84,137.41
1/29/2025 12:00,135.9,268.6,174.6,474.2,249,120.17,3.91,20.19,128.46
1/29/2025 13:00,116.6,264.5,169.7,444.8,227.5,114.49,2.78,18.89,108.45
1/29/2025 14:00,103.2,236.5,147.1,415.5,227.7,104.99,3.37,16.4,88.42
1/29/2025 15:00,76.7,203.2,121.6,378.2,219,94.34,3.22,16.08,61.79
1/29/2025 16:00,64,184.8,108.3,358.4,213.6,88.68,3.05,16.27,55.69
1/29/2025 17:00,66.5,178.8,96.2,337.1,205,83.15,2.94,15.61,55.5
1/29/2025 18:00,61.3,176.9,91.2,285.8,207.4,80.09,3.13,19.53,65.03
1/29/2025 19:00,45.3,149.3,77.3,220.6,207.1,72.59,3.56,17.87,63.26
1/29/2025 20:00,35.3,120.3,72.5,167.9,175.4,72.65,2.15,16.59,60.35
1/29/2025 21:00,36.3,110.2,64.1,158.6,162,61.61,2.13,16.97,60.04
1/29/2025 22:00,30.8,100,60.1,152.4,160.4,58.31,2.12,16.17,58.6
1/29/2025 23:00,26.75,97.55,56.6,150.95,176.15,57.72,1.95,15.9,52.16
1/30/2025 0:00,25.2,93,57.8,151.5,162.9,55.91,2.08,16.33,59
1/30/2025 1:00,25,89,57.2,150.5,161.6,58.75,2.03,16.15,59.82
1/30/2025 2:00,24.9,88.3,54.4,147.4,160.9,55.84,2.01,16.53,58.92
1/30/2025 3:00,24.5,85.9,54.9,138.7,159.4,56.88,2.13,16.27,60.04
1/30/2025 4:00,36.4,86.4,53.1,137.1,156.7,56.5,2.13,16.37,58.17
1/30/2025 5:00,38.7,89,61.1,169.4,156.4,57.25,2.1,16.19,59.5
1/30/2025 6:00,35.7,97.4,63.5,175.8,157.2,55.55,2.09,16.29,58.49
1/30/2025 7:00,56.5,105.1,61.7,196.1,166.7,54.32,4.49,16.24,62.89
1/30/2025 8:00,51.7,117.8,67,217.9,197.1,65.08,3.22,13.82,65.11
1/30/2025 9:00,51.5,150,94.4,245.8,211.2,78.82,3.31,13.49,70.68
1/30/2025 10:00,48.8,184.9,121.1,272.2,227,95.15,3.78,13.61,80.04
1/30/2025 11:00,65.1,226.2,129.9,296.6,241.4,107.58,5.19,14.62,75.1
1/30/2025 12:00,70.3,220.2,130.6,295.5,245.6,99.4,4.72,12.01,78.42
1/30/2025 13:00,60.9,206.8,119.6,273.8,230.7,93.92,3.38,11.5,70.55
1/30/2025 14:00,47.8,195.5,103.7,263.2,233.6,98.97,4.76,10.99,69.58
1/30/2025 15:00,41.3,192.2,99.4,255,228,93.93,4.62,11.14,71.27
1/30/2025 16:00,42.1,183.5,103.4,246.3,216.7,96.49,4.94,11.9,68.97
1/30/2025 17:00,47.6,174.9,103.9,229.5,208.3,98.01,5.28,13.19,71.13
1/30/2025 18:00,49.9,155.2,95.3,212.5,206.7,88.68,7.14,16.2,78.11
1/30/2025 19:00,43.2,133.5,85.2,184.1,205.1,82.05,5.98,16.41,63.08
1/30/2025 20:00,29.8,114.4,77.2,149.5,204.1,76.8,4.35,16.05,63.08
1/30/2025 21:00,23.4,101.8,67.5,143.5,202.7,61.28,1.99,15.46,63.85
1/30/2025 22:00,24.3,94.9,61.8,142.5,199.1,59.44,1.88,15.48,61.78
1/30/2025 23:00,29.1,96.3,78.5,138.1,209.9,57.08,1.6,15.96,55.12
1/31/2025 0:00,25.2,93,57.8,151.8,161.2,54.22,2.82,5.71,19.5
1/31/2025 1:00,25,89,57.2,150.8,159,59.17,3.03,6.04,19
1/31/2025 2:00,24.9,88.3,54.3,147.6,162.8,56.14,3.09,5.69,19.2
1/31/2025 3:00,24.5,87.9,54.9,139,156.2,54.94,2.13,5.58,18.9
1/31/2025 4:00,36.4,86.4,53.1,137.5,154.9,54.54,2.99,5.12,31.3
1/31/2025 5:00,38.7,89,61.1,169.7,157.5,57.08,2.18,5.41,33.3
1/31/2025 6:00,35.7,97.4,63.5,176.2,155.4,54.6,3.06,6.06,29.6
1/31/2025 7:00,56.5,104.1,61.7,196.8,164.8,54.72,4.9,6.37,50.1
1/31/2025 8:00,51.7,117.8,66,218.2,192.8,65.66,7.93,8.75,42.8
1/31/2025 9:00,51.5,150,94.4,246.1,209.8,79.14,7.62,8.33,43.2
1/31/2025 10:00,46.8,184.9,121.1,272.8,230.6,97.03,7.83,7.15,39.5
1/31/2025 11:00,63.1,227.2,129.9,297.2,243.6,109.91,7.88,7.04,56
1/31/2025 12:00,71.3,220.2,130.6,296.1,248.8,99.03,7.21,8.39,62.7
1/31/2025 13:00,60.9,206.8,119.6,274.3,226.4,92.61,7.3,7.99,53
1/31/2025 14:00,47.8,195.5,103.7,263.7,235.7,97.25,6.08,7.81,39.9
1/31/2025 15:00,41.3,192.2,99.4,255.5,229.8,95.23,2.23,6.33,35
1/31/2025 16:00,42.1,183.5,102.4,246.8,218.1,98.38,1.55,6.09,36.1
1/31/2025 17:00,47.6,174.9,103.9,229.9,210.7,99.47,3.45,11.74,35.9
1/31/2025 18:00,47.9,155.2,94.3,212.9,209.1,87.46,3.19,5.8,42.2
1/31/2025 19:00,43.2,133.5,84.2,184.6,209.1,80.22,2.34,6.12,37
1/31/2025 20:00,29.8,114.4,77.2,149.8,200.9,78.08,2.31,6.24,23.6
1/31/2025 21:00,22.4,102.8,67.4,143.7,203,60.6,2.93,5.77,16.6
1/31/2025 22:00,24.3,94.9,61.8,142.7,197.5,57.33,2.44,5.8,18.5
1/31/2025 23:00,29.1,96.3,78.5,138.3,213.7,58.65,1.95,6.01,22.8
2/1/2025 0:18,25.2,74.3,52.6,142.1,160.4,52.08,6.13,5.71,19.5
2/1/2025 1:18,25,76.2,52.7,143,162.5,52.11,6.09,6.04,19
2/1/2025 2:18,25.5,76.9,53.5,143.2,163.5,52.1,6.12,6.54,19
2/1/2025 3:18,22.7,77.2,53.7,143.1,163.6,52.06,6.08,18.45,52.82
2/1/2025 4:18,22.4,75.9,53.9,140.8,163.3,53.53,6.02,18.78,51.57
2/1/2025 5:18,22.1,77.4,54.3,141.3,164.9,57.07,6.06,17.59,51
2/1/2025 6:18,30.6,80.2,53.8,161.3,162.8,54.53,6.04,16.71,49.53
2/1/2025 7:18,29.6,76.6,49.2,181.9,161.7,52.72,6.43,12.35,39.16
2/1/2025 8:18,32,71.7,51.2,187,167,53.17,9.37,9.47,38.38
2/1/2025 9:18,31.4,71.9,53.2,186.9,161.2,51.79,13.39,10.22,38.2
2/1/2025 10:18,42.1,72,57.7,190.4,164.4,54.07,16.61,10.91,37.79
2/1/2025 11:18,41.5,78,59.4,194,158.6,52.62,9.57,10.94,35.77
2/1/2025 12:18,40.7,79.6,61,198.1,154.3,54.91,10.59,11.4,35.33
2/1/2025 13:18,43.7,94.4,59.9,196,150.3,54.94,10.01,9.98,34.59
2/1/2025 14:18,43.9,76.5,58.2,194.2,146.7,55.06,5.94,9.53,33.27
2/1/2025 15:18,34.8,74.3,60,192.8,145.1,56.79,3.08,9.65,33.18
2/1/2025 16:18,33.1,71,66.4,190.3,145.6,59.81,6.26,8.99,34.06
2/1/2025 17:18,33.9,76.2,71.3,191.6,149.8,55.12,3.15,12.96,40.12
2/1/2025 18:18,33.7,79.7,72.4,169.8,155.1,50.22,2.19,18.74,53.86
2/1/2025 19:18,27.5,78.7,68.5,166.7,160.8,51.07,7.48,16.75,55.17
2/1/2025 20:18,24,77.7,69.3,146.2,155.7,52.96,12.21,16.57,52.95
2/1/2025 21:18,23.8,79.5,65.5,140.7,156.9,51.31,5.95,16.56,52.34
2/1/2025 22:18,23.7,76.3,69.1,134.6,128.3,54.3,2.56,16.13,53.93
2/1/2025 23:00,24.3,71.9,64.5,140.5,155.5,52.1,2.53,17.79,48.8
2/2/2025 0:00,24.1,72.5,64.1,138.7,161,53,3.22,19.86,49.45
2/2/2025 1:00,23.2,75.4,63.8,140,154.8,53.45,3.81,18.08,50.09
2/2/2025 2:00,22.7,73,63.8,139.2,157.7,46.69,3.79,18.12,52.22
2/2/2025 3:00,22.4,72.3,62.5,139.4,156.9,51.34,3.82,17.98,52.99
2/2/2025 4:00,22,73.2,60.5,138.7,155.3,53.93,3.77,18.15,51.72
2/2/2025 5:00,22.4,77.5,62.1,138.7,158.2,51.99,3.83,17.45,51.44
2/2/2025 6:00,33.2,74.5,62.9,152.1,156.9,55.01,3.79,16.5,51.09
2/2/2025 7:00,31.5,69.9,58.1,170.9,151.7,49.88,3.36,13.61,43.2
2/2/2025 8:00,30.3,67.2,55.8,181.5,149.2,53.28,2.92,9.39,37.57
2/2/2025 9:00,35.1,67.7,56.9,187.4,149,55.11,2.91,9.18,37.08
2/2/2025 10:00,40.9,70.1,55.4,186.9,141.6,52.83,2.81,11.59,38.01
2/2/2025 11:00,33.9,71.4,56.8,195.6,144.1,46.48,2.9,13.38,37.94
2/2/2025 12:00,32.8,69.7,55.6,203.5,148.8,51.28,2.92,11.67,36.75
2/2/2025 13:00,29.5,69.7,54.7,201.6,154.3,51.77,2.86,9.91,34.41
2/2/2025 14:00,27.5,74.3,56,188.8,153,56.17,2.91,9.75,35.33
2/2/2025 15:00,26.1,71.9,52.3,183.8,141.6,55.95,2.91,9.77,35.38
2/2/2025 16:00,26.2,75.5,48.6,186.1,142.5,51.62,2.9,10.1,33.48
2/2/2025 17:00,21,88.1,53.7,189.6,143.4,50.29,2.99,11.49,36.24
2/2/2025 18:00,22.8,88.3,66.9,179.1,150.7,49.38,3.74,16.67,49.74
2/2/2025 19:00,23.8,88.2,66.3,167.5,151.4,47.86,3.8,17.06,52.13
2/2/2025 20:00,24,81.7,67.7,152,153.6,53.21,3.81,16.71,50.82
2/2/2025 21:00,23.9,78.1,61.8,140.3,156.2,56.36,3.84,16.63,50.4
2/2/2025 22:00,23.6,72.5,59.5,135.9,153.3,52.67,3.8,16.63,49.21
2/2/2025 23:00,22.1,71.5,54,135.8,141.8,48.57,3.59,17.25,44.19
2/3/2025 0:00,23.9,84.9,50.9,134.6,148.3,64.29,2.13,5.67,18.2
2/3/2025 1:00,22.4,88,51,132.6,152.4,67.41,3.08,6.11,16.3
2/3/2025 2:00,22,89.2,50.3,133.2,153.2,67.08,2.05,5.72,16.4
2/3/2025 3:00,22.8,87.6,48.8,134.5,153,67.92,2.21,6.3,16.5
2/3/2025 4:00,22.4,84.3,50.7,135.8,151.8,72.01,2.13,6,16.4
2/3/2025 5:00,22.8,88.4,62.4,170,150,68.7,2.18,5.97,16.8
2/3/2025 6:00,26.1,93.1,62.4,185.8,150.2,69.3,2.26,5.88,20.2
2/3/2025 7:00,89.4,109.2,65.4,234.1,163.2,67.14,5.41,14.31,75.2
2/3/2025 8:00,165.6,172.6,127.1,368,201.7,74.91,7.06,49.45,115.7
2/3/2025 9:00,224.3,238.9,270.3,454.7,247.5,87.92,6.62,59.61,164.7
2/3/2025 10:00,222.5,288.6,287.5,477.2,272.4,107.77,6.79,63.57,158.9
2/3/2025 11:00,186.6,324.7,265.6,492.4,281.7,124.46,7.58,55.53,130.9
2/3/2025 12:00,143.4,330.5,265.4,492.9,253.1,127.75,7.53,49.31,94.1
2/3/2025 13:00,129,307.2,248.7,468.5,246.8,123.11,6.8,42.9,86.2
2/3/2025 14:00,134,294.8,207.9,424.7,243.5,116.12,5.46,35.59,98.7
2/3/2025 15:00,82,256.3,164.8,379.7,229.7,112.98,1.5,13.08,68.9
2/3/2025 16:00,56.7,217.6,136.7,365.3,229.3,110.87,1.42,6.71,49.9
2/3/2025 17:00,55,169,121.4,331.7,212.3,101.12,1.45,6.5,48.5
2/3/2025 18:00,45.1,170.9,108.4,299.7,192.5,97.69,2.37,6,39.1
2/3/2025 19:00,40.2,130.9,91.1,224.3,169.7,85.01,2.24,5.51,34.6
2/3/2025 20:00,29,119.9,79.7,170.8,163,74.63,2.31,5.85,23.2
2/3/2025 21:00,27.8,108.6,75,158.4,159.3,61.66,2.13,5.18,22.7
2/3/2025 22:00,28.3,100.1,68.5,156.6,160,59.28,2.04,5.18,23.1
2/3/2025 23:00,26.3,100.1,61.5,156.7,177.6,56.12,2.12,5.02,21.1
2/4/2025 0:57,23.9,84.9,66.8,142.4,159.9,60.06,2.12,5.67,18.2
2/4/2025 1:57,22.4,88,66.4,142.1,159.9,61.45,2.26,6.11,16.3
2/4/2025 2:57,22,89.2,63.4,140.3,159.9,63.99,2.19,5.72,16.4
2/4/2025 3:57,22.7,87.6,62.4,141.5,156.5,65.33,2.22,5.63,17.1
2/4/2025 4:57,22,84.3,61,141.3,162.9,65.13,2.2,5.4,16.6
2/4/2025 5:57,22.8,88.4,74.2,175,163.3,65.34,2.2,5.97,16.8
2/4/2025 6:57,26.7,93.1,74,194.5,158.5,64.53,2.23,5.32,21.4
2/4/2025 7:57,96.9,109.2,84.2,248,185.8,69.76,7.39,13.93,82.9
2/4/2025 8:57,157.3,172.6,134.6,390.2,217.9,81.32,8.85,52.4,105
2/4/2025 9:57,204.8,289.8,318.3,502.6,263.1,98.37,10.76,41.97,166.59
2/4/2025 10:57,164.5,302.4,301.8,496.8,274.9,105.78,11.67,35.29,169.67
2/4/2025 11:57,159.2,295.4,244.2,489.6,275.9,107.38,12.69,27.4,162.81
2/4/2025 12:57,154.8,282.5,249.2,475.5,264.4,107.76,8.56,22.2,145.42
2/4/2025 13:57,180.6,281.4,224.6,458.6,242.4,115.06,7.01,21.53,110.35
2/4/2025 14:57,105.7,251.1,186.8,404.6,228.4,110.01,2.99,20.7,75.66
2/4/2025 15:57,106.2,220.8,162.3,378.1,223.5,97.59,2.96,17.48,75.86
2/4/2025 16:57,85.2,191.4,149.4,346.9,218.2,89.96,2.96,16.16,64.99
2/4/2025 17:57,86.2,203.4,144.2,306.3,226.2,84.7,3.72,20.78,72.95
2/4/2025 18:57,61.2,174.8,119.2,226.5,222.9,79.65,3.89,19.64,69.14
2/4/2025 19:57,39.7,147.5,91.9,171.2,205.9,68.28,3.86,17.03,58.12
2/4/2025 20:57,30.7,128.9,79,155.1,202.7,56.68,3.85,16.73,54.71
2/4/2025 21:57,28.5,118.1,74.1,151.7,205.8,57.3,3.9,16.3,53.06
2/4/2025 22:57,29.2,102.1,73.7,149.1,197.8,57.15,3.91,16.28,54.5
2/4/2025 23:57,28.9,98.1,75.1,139.2,197.9,52.33,3.96,16.61,60.78
2/5/2025 0:57,25.4,103,62.3,152.3,161.4,68.27,2.41,6.04,19.3
2/5/2025 1:57,25.1,100.3,61.2,149.6,154.9,66.18,2,5.9,19.2
2/5/2025 2:57,24.3,98.1,60.8,148,157.8,69.2,2.44,6.18,18.1
2/5/2025 3:57,24.3,96.7,60.3,148.4,156.8,66.8,2.32,6.45,17.8
2/5/2025 4:57,24.6,97.1,60.2,147.8,155.2,71.47,2.31,6.53,18
2/5/2025 5:57,24.2,100.1,72.9,180.6,158.1,66.77,2.35,6.21,18
2/5/2025 6:57,24.1,109.2,76.2,199.8,156.8,70.45,2.92,6.23,17.8
2/5/2025 7:57,79.5,121.3,82.7,251,151.6,69.62,7.51,11.62,67.6
2/5/2025 8:57,132.7,174.1,115.3,363.2,149.1,78.95,4.85,47.05,85.6
2/5/2025 9:57,153.6,239.5,183.5,441.7,149,99.71,8.09,52.23,101.5
2/5/2025 10:57,159.4,280.7,202.4,484.9,141.6,109.11,6.71,49.03,110.4
2/5/2025 11:57,147.6,269.2,180.9,484.1,144.1,123.67,4.66,44.14,103.4
2/5/2025 12:57,135.9,268.6,174.6,475.1,148.8,122.01,3.91,39.65,96.1
2/5/2025 13:57,116.6,264.5,169.7,445.6,154.3,113.11,2.78,36.8,80
2/5/2025 14:57,103.2,236.5,148.1,415.9,153,106.81,3.37,24.85,78.1
2/5/2025 15:57,76.7,203.2,121.5,378.8,141.6,95.69,3.22,10.27,66.3
2/5/2025 16:57,64,184.8,108.3,359.2,142.5,87.82,3.05,7.68,56.2
2/5/2025 17:57,66.5,178.8,96.2,337.8,143.4,82.71,2.94,7.62,58.9
2/5/2025 18:57,61.3,175.9,91.2,286.3,150.7,82.09,3.13,6.02,55.3
2/5/2025 19:57,45.3,149.3,77.3,221,151.4,74.87,3.56,5.52,39.7
2/5/2025 20:57,35.3,120.3,72.5,168.2,153.6,73.19,2.15,5.81,29.4
2/5/2025 21:57,36.3,110.2,64.1,158.9,156.2,60.66,2.13,5.82,30.5
2/5/2025 22:57,30.8,100,60.1,152.7,153.3,56.04,2.12,5.8,25
2/5/2025 23:57,27.8,101.1,55.2,151,141.8,57.3,1.83,5.46,21.9
2/7/2025 0:19,25,95.4,79.8,140.3,163.7,56.97,5.45,19.26,52.83
2/7/2025 1:19,25.1,96.6,80.7,140,157.9,58.97,5.65,19.25,52.85
2/7/2025 2:19,26.1,97.6,80.9,141,165,59.97,4.65,18.27,53.88
2/7/2025 3:19,26.3,98.9,80.8,142.8,157.8,55.03,4.69,18.46,55.27
2/7/2025 4:19,25.5,98.9,80.4,145,160.2,54.39,5.05,18.23,54.28
2/7/2025 5:19,26,102.6,97.6,189.2,159.8,58.21,4.99,18.12,59.83
2/7/2025 6:19,44,113.9,95.9,206.2,156.6,59.45,4.91,18.47,68.58
2/7/2025 7:19,124,155.7,129.1,256.9,167.5,60.58,8.82,18.89,88.02
2/7/2025 8:19,181.9,228,182.1,382.5,197.5,81.64,4.35,32.07,166.4
2/7/2025 9:19,184.9,290.6,275.1,455.5,207.7,100.91,14.6,38.31,192.79
2/7/2025 10:19,173.4,324.2,296.7,493.6,226.5,105.44,7.54,31.07,191.52
2/7/2025 11:19,173.3,333.6,297.6,507.8,245.4,120.2,6.08,31.75,178.64
2/7/2025 12:19,169.8,318.6,334.2,505.2,243.5,119.91,4.94,26.58,170.08
2/7/2025 13:19,185,296.1,344.7,487.1,226.8,119.33,5.67,21.11,144.78
2/7/2025 14:19,147.7,265.2,265.1,418.2,233.3,110.53,3.9,17.66,102.55
2/7/2025 15:19,139.8,231.9,176.8,349.4,230,98.8,4.87,15.64,76.54
2/7/2025 16:19,140.8,207,159,339.5,217.7,93.85,6.51,12.08,67.6
2/7/2025 17:19,123.2,211.2,147.4,319.7,206.9,86.87,5.74,13.35,64.91
2/7/2025 18:19,72.2,200.2,119.6,259.1,211.4,80.91,5.03,20.05,74.83
2/7/2025 19:19,67.3,142.1,96.3,181.7,210.5,74.39,7.09,20.75,69.09
2/7/2025 20:19,55.7,117.8,82.2,152.1,198.9,69.15,10.4,19.86,67.43
2/7/2025 21:19,40.3,107.2,77.9,145.2,205.8,66.85,8.1,16.64,64.92
2/7/2025 22:19,36.7,99.8,77.3,142.8,202.8,59.07,2.5,16.76,63.92
2/7/2025 23:19,32.4,90.3,76.1,140.6,215.6,53.81,3.28,17.98,60.23
2/8/2025 0:19,24.5,88.6,71.6,137.9,161.8,57.62,3.81,18.29,59.4
2/8/2025 1:19,24.3,91.8,68.5,139.5,155.5,54.37,3.76,18.49,61.4
2/8/2025 2:19,24,88.2,69.6,138.5,158.3,54.33,3.71,18.56,62.25
2/8/2025 3:19,24.1,88.5,68.8,137.5,157.4,56.67,3.76,18.37,63.14
2/8/2025 4:19,23.6,89.3,67.5,135.4,155.9,55.52,3.81,18.49,63.21
2/8/2025 5:19,23.8,89.7,69.2,136.4,158.7,53.69,3.8,17.48,61.11
2/8/2025 6:19,29.9,93.3,67.6,147.1,157.6,56.78,3.81,16.58,58.9
2/8/2025 7:19,37.6,87.6,61.9,167.7,152.2,53.74,3.09,12.19,48.27
2/8/2025 8:19,28.8,83.6,60.7,176.6,149.7,51.74,2.91,10.14,47.35
2/8/2025 9:19,28.9,90.5,61.5,188.5,149.3,52.95,3.83,10.25,53.7
2/8/2025 10:19,57.5,121.9,63.3,197.9,141.9,55.12,2.24,10.14,56.94
2/8/2025 11:19,98,132.9,65.5,209.8,144.4,53.31,1.84,10.06,58.37
2/8/2025 12:19,93.5,129,68.1,212.6,149.1,52.9,3.01,10.44,54.59
2/8/2025 13:19,55.3,121,72,207.4,154.6,53.47,5.19,10.27,49.51
2/8/2025 14:19,27.5,117.1,71.4,197.4,153.4,52.41,8.35,10.07,45.22
2/8/2025 15:19,30,108.3,69.8,191.6,141.9,51.38,6.95,9.09,43.22
2/8/2025 16:19,46.7,109.1,71,189.7,142.7,47.74,9.64,8.78,45.46
2/8/2025 17:19,54.4,102.7,68.1,190.2,143.6,55.66,7.03,11.44,50.6
2/8/2025 18:19,53,113.2,66.1,168.2,150.9,51.76,8.23,16.88,61.45
2/8/2025 19:19,55.7,111.6,65.1,164.2,151.6,52.93,14.38,16.83,60.93
2/8/2025 20:19,45.4,106.3,63.6,140.6,153.8,61.8,16.67,16.87,60.61
2/8/2025 21:19,42.2,102.8,62.7,137.4,156.4,54.56,20.87,16.98,59.29
2/8/2025 22:19,44.7,104.9,62.6,134.5,153.3,51.36,22.93,17.66,59.6
2/8/2025 23:19,33.6,103.6,62.3,137,141.8,55.39,3.86,18.57,61.6
2/9/2025 0:19,24.9,90.5,61.4,136.5,161.3,55.66,3.77,18.59,61.22
2/9/2025 1:19,24,83.7,61.5,135.5,155.1,54.8,3.75,18.65,59.58
2/9/2025 2:19,24.1,84,60.6,135.1,157.9,54.06,3.77,18.53,60.63
2/9/2025 3:19,25.3,83.8,60.6,136.5,156.9,54.32,3.73,18.86,63.37
2/9/2025 4:19,29,83.4,61,134.5,155.6,53.31,3.76,18.58,62.42
2/9/2025 5:19,31.5,84.6,61.3,137,158.3,54.75,3.78,17.48,61.6
2/9/2025 6:19,33.7,86.5,61.6,154.7,157.2,54.07,3.72,17.03,60.46
2/9/2025 7:19,29.1,82.5,56.1,172.6,151.9,50.06,3.04,11.19,48.82
2/9/2025 8:19,33,79.2,53.8,179.5,149.4,50.82,2.88,9.47,47.92
2/9/2025 9:19,37.1,78,59.9,181.5,149,47.84,2.84,9.29,46.94
2/9/2025 10:19,37.6,82.2,64.1,186,141.6,48.31,2.83,8.89,47.6
2/9/2025 11:19,34.2,91.8,67.6,192.2,144.2,50.97,2.85,9.71,53.69
2/9/2025 12:19,24.8,86.2,69.8,190.7,148.9,51.07,2.84,9.02,51.37
2/9/2025 13:19,20.5,80,70.6,188.1,154.4,49.88,2.82,9.47,44.72
2/9/2025 14:19,19.8,77.6,68.2,187.7,153.2,50.15,2.86,10.29,45.62
2/9/2025 15:19,20.6,78.6,67.9,184.5,141.8,52.33,2.86,10.13,45.54
2/9/2025 16:19,24.8,86.1,66.5,189.8,142.6,50.93,2.83,10.45,50.3
2/9/2025 17:19,42.4,101.4,67.6,197.1,143.5,52.68,3,11.65,56.09
2/9/2025 18:19,43,111.8,74.7,177.5,150.8,54.75,3.77,16.77,64.18
2/9/2025 19:19,42.7,109.4,72.7,169.6,151.5,57.62,3.75,16.7,63.42
2/9/2025 20:19,32.5,104.1,69.8,142,153.7,54.44,3.73,17.04,61.98
2/9/2025 21:19,25,102.5,66.8,139,156.3,55.45,3.78,16.9,61.19
2/9/2025 22:19,24.9,98,67,137.4,153.2,56.72,3.77,17.67,62.55
2/9/2025 23:19,24.6,90.7,67.4,138.3,141.7,53.29,3.76,18.54,61.87
2/10/2025 0:19,24.7,89.3,66.4,136.1,149.3,55.31,3.76,18.71,62.62
2/10/2025 1:19,24.4,87.2,66.9,138.2,151.7,54.03,3.78,18.77,63.66
2/10/2025 2:19,24.6,87.3,66.8,137.4,154,54.7,3.78,18.74,65.14
2/10/2025 3:19,25,88.4,66,136.5,155.6,54.76,3.75,18.47,68.89
2/10/2025 4:19,25.5,86.5,70.9,140.8,149.9,51.88,3.76,18.62,68.05
2/10/2025 5:19,24.3,88.9,81.6,186.6,153,54.88,3.77,17.6,70.45
2/10/2025 6:19,37.6,100.5,73.6,209.6,149.6,55.48,4.11,16.78,80.48
2/10/2025 7:19,133,115.8,125.2,288,162.4,52.69,9.17,19.22,106.3
2/10/2025 8:19,191.8,237.8,245,452.9,200.6,87.8,11.01,26.53,175.87
2/10/2025 9:19,207.9,320.8,380,540.7,245.2,122.75,15.79,28.68,187.63
2/10/2025 10:19,196.3,369.5,411.6,611.8,272.9,134.78,21.79,32.47,191.02
2/10/2025 11:19,185.4,403.1,390.7,635.8,279.7,131.86,10.62,35.16,185.99
2/10/2025 12:19,170.3,396.9,377.8,630.4,256.9,135.04,9.8,33.58,168.49
2/10/2025 13:19,153.7,367.3,372.4,603.6,247.9,123.76,9.18,28,153.61
2/10/2025 14:19,133.1,348.1,284,545.6,241.6,124.24,6.13,19.29,124.31
2/10/2025 15:19,100.4,341,230.8,490.3,230.6,122.3,3.75,14.52,90.6
2/10/2025 16:19,73.2,288.8,214.4,435.8,227.4,112.84,3.41,16.09,80.67
2/10/2025 17:19,59.2,247.5,199.9,393.6,213.6,99.98,3.52,16.73,71.91
2/10/2025 18:19,45.8,209.5,161.3,310.3,190.9,94.14,4.3,20.43,80.75
2/10/2025 19:19,35.1,185.3,135.3,220.9,172,89.36,4.27,19.35,63.88
2/10/2025 20:19,25.6,159.9,99,159,165,80.4,4.25,17.73,59.39
2/10/2025 21:19,24.5,148.1,89.5,146.8,160.5,63.32,4.28,17.46,59.33
2/10/2025 22:19,25,144.5,93,143.5,162,59.05,4.29,17.65,58.43
2/10/2025 23:19,24.6,143.5,86,143.1,179.1,61.34,4.26,17.49,59.03
2/11/2025 0:19,23.65,143.4,83.5,155.4,148.1,54.44,4.08,19.16,54.62
2/11/2025 1:19,24.4,87.2,66.9,138.9,153.3,68.31,4.78,3.88,20.5
2/11/2025 2:19,24.8,87.3,66.8,138.1,153.9,69.8,4.88,4.63,20.2
2/11/2025 3:19,25,88.4,66,137.2,155.6,68.92,4.85,4.71,20.3
2/11/2025 4:19,24.5,86.5,70.9,141.5,151.3,70.17,3.76,4.68,19.8
2/11/2025 5:19,24.3,89.9,81.6,187.3,153.4,68.14,3.87,4.63,19.7
2/11/2025 6:19,39.6,100.5,73.5,210.3,148,70.65,4.61,5.09,35
2/11/2025 7:19,133,115.8,125.2,288.7,160.7,67.09,10.11,24.12,108.8
2/11/2025 8:19,191.8,237.8,245,453.6,201.8,74.47,12.01,68.75,123.1
2/11/2025 9:19,207.9,320.8,380,541.3,244,87.99,14.79,70.03,138
2/11/2025 10:19,195.3,369.5,411.7,612.5,273.5,103.97,20.79,70.76,124.4
2/11/2025 11:19,185.4,403.1,390.7,636.5,278.3,123.46,10.62,64.14,121.1
2/11/2025 12:19,170.3,396.9,377.8,631.1,257.1,127.18,8.8,61.41,108.9
2/11/2025 13:19,153.7,367.3,372.4,604.3,249,122.56,10.18,53.12,100.1
2/11/2025 14:19,133.1,348.1,283,546.3,243.8,119.17,7.13,28.94,104.1
2/11/2025 15:19,100.4,341,230.8,491,229.5,110.11,3.75,8.84,91.6
2/11/2025 16:19,73.2,288.8,214.4,436.5,226.1,109.09,3.41,8.15,65.1
2/11/2025 17:19,59.2,247.5,199.9,394.3,212.9,106.1,3.52,8.25,51.3
2/11/2025 18:19,45.8,210.5,161.3,311,191.2,94.27,4.3,5.83,40.1
2/11/2025 19:19,34,185.3,135.2,221.6,173.6,85.29,4.27,4.8,29.2
2/11/2025 20:19,25.6,162.9,99,159.6,164.2,75.97,4.25,4.69,20.9
2/11/2025 21:19,24.5,148.1,88.5,147.4,162.2,66.09,4.28,4.87,19.7
2/11/2025 22:19,24.8,144.5,93,144.1,160,60.79,4.29,4.78,20
2/11/2025 23:19,24.6,142.5,86,143.7,180.1,58.73,4.26,4.93,19.7
2/12/2025 0:19,23.65,95.4,79.8,140.9,163.3,57.45,5.45,5.26,18.2
2/12/2025 1:19,21.55,96.6,80.7,140.6,158.9,57.08,5.65,4.4,16.3
2/12/2025 2:19,22.75,97.6,80.9,141.5,165.7,60,4.65,7.1,16.4
2/12/2025 3:19,23.15,98.9,80.8,143.3,158.1,54.8,4.69,7.15,16.5
2/12/2025 4:19,23,98.9,81.4,145.6,159.7,53.28,5.05,6.68,16.4
2/12/2025 5:19,22.55,102.6,97.6,189.7,159.6,59.86,4.99,5.58,16.8
2/12/2025 6:19,26.8,113.9,95.8,206.6,157.1,60.92,4.91,6.76,20.2
2/12/2025 7:19,93.1,155.7,128,257.3,165.4,61.1,8.82,14.12,75.2
2/12/2025 8:19,161.15,228,182.1,383.2,198.7,80.82,4.35,48.33,115.7
2/12/2025 9:19,214,291.6,275.1,456.1,206.8,99.18,14.6,58.6,164.7
2/12/2025 10:19,193.8,324.2,296.7,494.2,227.2,106.88,7.54,64.24,158.9
2/12/2025 11:19,172.65,332.6,297.6,508.4,244.1,118.19,6.08,55.27,130.9
2/12/2025 12:19,150.45,318.6,334.3,505.8,243.3,120.1,4.94,51.02,94.1
2/12/2025 13:19,155.7,296.1,344.7,487.7,225.2,117.28,5.67,44.69,86.2
2/12/2025 14:19,120.45,265.2,265.1,418.8,234.8,113.16,3.9,36.47,98.7
2/12/2025 15:19,94,231.9,176.8,350,229.6,100.11,4.87,13.92,68.9
2/12/2025 16:19,70.8,207,159,340.1,218.2,92.35,6.51,6.57,49.9
2/12/2025 17:19,70.75,211.2,148.4,320.3,207.7,85.91,5.74,6.89,48.5
2/12/2025 18:19,52.6,200.2,119.6,259.7,212.4,81.98,5.03,4.98,39.1
2/12/2025 19:19,38.9,142.1,96.2,182.3,210.9,75.41,7.09,3.59,34.6
2/12/2025 20:19,31.35,118.8,82.2,152.7,199.8,72.98,10.4,6.86,23.2
2/12/2025 21:19,28.55,107.2,77.9,145.8,206.2,68.01,8.1,5.92,22.7
2/12/2025 22:19,29.55,99.8,77.3,143.4,200.5,58.09,2.5,6.85,23.1
2/12/2025 23:19,27.4,90.3,76.1,141.2,216.8,55.48,3.28,4.85,21.1
2/12/2025 0:19,23.65,84.9,66.8,142.4,160.3,61.2,3.12,5.67,18.2
2/12/2025 1:19,21.55,88,66.4,142.1,160.4,60.14,3.26,6.11,16.3
2/12/2025 2:19,22.75,89.2,63.4,140.3,162,62.92,2.19,5.72,16.4
2/12/2025 3:19,23.15,87.6,62.4,141.5,157.2,66.09,2.22,5.63,17.1
2/12/2025 4:19,23,84.3,61,141.3,163.2,66.34,2.2,5.4,17.6
2/12/2025 5:19,22.55,88.4,74.2,175,164.4,67.04,2.2,5.97,16.8
2/12/2025 6:19,26.8,92.1,74.2,194.5,158.1,65.04,2.23,5.32,21.4
2/12/2025 7:19,93.1,109.2,84.2,248,183.5,69.1,7.39,13.93,82.9
2/12/2025 8:19,161.15,173.6,134.7,390.2,217.2,79.83,8.85,53.4,105
2/12/2025 9:19,214,289.8,318.3,503,261.5,97.13,10.76,48.77,155.9
2/12/2025 10:19,193.8,302.4,301.9,497.3,272.5,107.69,11.67,50.21,114.1
2/12/2025 11:19,172.65,295.4,244.2,490.3,274.4,108.9,12.69,46.71,112.6
2/12/2025 12:19,150.45,282.5,249.2,476.1,262.8,106.9,8.56,43.72,112.2
2/12/2025 13:19,155.7,281.4,224.6,459.2,241.7,116.66,7.01,36.06,144.8
2/12/2025 14:19,120.45,251.1,186.8,405.2,230.3,111.31,2.99,13.97,91.9
2/12/2025 15:19,94,220.8,162.4,378.7,222.6,96.16,2.96,10.18,95
2/12/2025 16:19,70.8,191.4,149.4,347.6,219.2,88.98,2.96,9.23,76.4
2/12/2025 17:19,70.75,203.4,144.2,306.8,225.2,86.43,3.72,7.98,78
2/12/2025 18:19,52.6,174.8,119.2,227.1,222.1,76.5,3.89,7.7,53.4
2/12/2025 19:19,38.9,147.5,91.9,171.7,205.3,69.09,3.86,7.25,32.5
2/12/2025 20:19,31.35,128.9,79,155.5,201.7,55.87,3.85,7.61,25.1
2/12/2025 21:19,28.55,117.1,75.1,152,206.4,56.62,3.9,6.2,22.3
2/12/2025 22:19,29.55,102.1,73.7,149.5,196.1,58.01,3.91,6.77,22.4
2/12/2025 23:19,27.4,98.1,75.1,139.4,196.2,53.38,3.96,6.63,22.7
2/15/2025 0:32,23.4,99.8,60.6,140.6,199.4,55.09,5.53,5.6,17.9
2/15/2025 1:32,24.5,101.4,60.8,140.9,200,55.13,6.6,6.7,17.9
2/15/2025 2:32,23.5,98.5,58.3,141.9,203.1,56.09,4.54,5.7,17.9
2/15/2025 3:32,26.6,98.2,59.2,141.4,199.3,54.87,4.57,5.44,21.3
2/15/2025 4:32,29.8,99.6,59.5,141,198.9,55.28,4.59,5.2,24.6
2/15/2025 5:32,30.3,100.3,60.3,141.4,198.3,52.51,6.56,5.01,25.3
2/15/2025 6:32,30.1,100.6,57.6,140.7,202.7,53.36,5.32,5.6,24.5
2/15/2025 7:32,31.3,94.7,49.5,136.2,210.1,52.11,3.65,5.21,26.1
2/15/2025 8:32,30.4,95.2,52.5,137.8,199.2,51.29,4.62,5.42,25
2/15/2025 9:32,35.4,94.6,55.5,143.4,204.6,55.32,3.65,5.09,30.3
2/15/2025 10:32,28.2,99.5,54.7,145.6,206.3,54.94,5.59,5.17,23
2/15/2025 11:32,26,98.7,56.4,147.1,204.2,60.15,3.64,5.16,20.9
2/15/2025 12:32,22,98.3,57.9,145.6,201.7,59.41,4.63,5.12,17
2/15/2025 13:32,20,98.6,57.8,156.7,205.2,59.13,3.6,5.49,14.5
2/15/2025 14:32,20.5,97.1,55.6,154.1,200.2,56.91,5.61,5.74,14.8
2/15/2025 15:32,20.4,100.5,57.1,151.7,207.4,54.12,3.62,5.41,15
2/15/2025 16:32,19.8,104.8,66.2,151.3,196.8,57.25,5.63,5.41,14.3
2/15/2025 17:32,21.2,114.5,73.6,150.8,203.6,57.63,4.26,5.28,16
2/15/2025 18:32,23.6,116,71.4,150.6,200.9,60.19,6.5,5.33,18.3
2/15/2025 19:32,23.6,112.5,62.9,149.4,200.8,59,6.56,5.6,18
2/15/2025 20:32,23.5,104.9,61.4,147.8,201.2,59.82,5.54,5.39,18.2
2/15/2025 21:32,23.3,102.5,61,146.2,201.7,58.41,4.8,5.32,18
2/15/2025 22:32,24.1,98.5,61.1,147.7,194.7,56.09,6.54,5.77,18.3
2/15/2025 23:32,24.9,104.1,61.7,156.2,200.1,55.96,4.59,18.57,56.45
2/16/2025 0:32,24.4,99.8,60.6,140.6,200.3,56.16,4.53,18.71,56.78
2/16/2025 1:32,25.4,101.4,60.7,140.9,201.1,56.24,4.6,18.47,56.61
2/16/2025 2:32,23.5,98.5,58.3,141.6,202.6,57.24,4.54,18.69,59.14
2/16/2025 3:32,26.6,99.2,59.2,141.1,200.2,53.31,4.57,18.39,59.29
2/16/2025 4:32,29.8,99.6,59.5,140.7,200.4,55.07,4.59,17.79,58.08
2/16/2025 5:32,30.3,100.1,60.2,141.1,200.2,51.49,4.56,16.92,57.17
2/16/2025 6:32,30.1,100.6,57.6,140.4,204.1,53.28,4.32,15.02,51.76
2/16/2025 7:32,30.6,94.7,49.5,135.9,208.1,53.41,3.65,11.12,44.23
2/16/2025 8:32,30.4,95.2,52.6,137.5,198.4,51.79,3.62,10.46,44.77
2/16/2025 9:32,36.4,95.6,55.5,143,206.2,53.73,3.65,10.78,44.3
2/16/2025 10:32,28.4,99.5,54.7,145.1,206.7,53.46,3.59,12.76,44.55
2/16/2025 11:32,26,98.7,56.4,146.7,205.7,59.23,3.64,12.89,45.41
2/16/2025 12:32,22,98.3,57.8,145.3,203.3,58.49,3.63,12.95,47.84
2/16/2025 13:32,20,98.6,57.8,156.2,206.3,58.19,3.6,10.88,48.45
2/16/2025 14:32,20.5,97.1,55.6,153.7,201.8,58.11,3.61,10.43,51.2
2/16/2025 15:32,20.4,100.5,57.1,151.3,208.4,56.09,3.62,10.24,50.33
2/16/2025 16:32,19.8,104.8,66.2,150.9,196.7,57.73,3.63,10.16,52.31
2/16/2025 17:32,20.2,114.5,73.6,150.5,204.9,59.23,4.26,14.97,56.01
2/16/2025 18:32,23.6,116,71.4,150.3,202.9,59.21,4.5,16.8,59.26
2/16/2025 19:32,23.6,112.5,62.9,149.1,202.8,58.92,4.56,16.85,58.27
2/16/2025 20:32,23.5,104.9,61.4,147.5,202.4,60.36,4.54,16.72,57.5
2/16/2025 21:32,23.4,102.5,61.1,145.9,201.9,59.39,4.5,16.87,56.67
2/16/2025 22:32,24.1,97.5,60.1,147.4,194.6,55.2,4.54,16.98,56.4
2/16/2025 23:32,24.9,90,62.4,155.9,200.1,57.28,4.63,16.89,57.81
2/17/2025 0:32,23,99.8,60.6,140.5,200.3,58.14,4.53,5.1,17.9
2/17/2025 1:32,23.4,101.4,60.7,140.8,201.1,56.23,4.6,5.6,17.9
2/17/2025 2:32,23.5,98.5,58.3,141.6,202.6,57.24,4.54,5.7,17.9
2/17/2025 3:32,26.6,99.2,59.2,141.1,200.2,53.31,4.57,5.44,21.3
2/17/2025 4:32,29.8,99.6,59.5,140.7,200.4,55.07,4.59,5.2,24.6
2/17/2025 5:32,30.3,100.1,60.2,141.1,200.2,51.49,4.56,5.01,25.3
2/17/2025 6:32,30.1,100.6,57.6,140.4,204.1,53.28,4.32,5.6,24.5
2/17/2025 7:32,30.6,94.7,49.5,135.9,208.1,53.41,3.65,5.51,25.1
2/17/2025 8:32,30.4,95.2,52.6,137.5,198.4,51.79,3.62,5.42,25
2/17/2025 9:32,36.4,95.6,55.5,143,206.2,53.73,3.65,5.09,31.3
2/17/2025 10:32,28.4,99.5,54.7,145.1,206.7,53.46,3.59,5.37,23
2/17/2025 11:32,26,98.7,56.4,146.7,205.7,59.23,3.64,5.16,20.9
2/17/2025 12:32,22,98.3,57.8,145.3,203.3,58.49,3.63,5.12,17
2/17/2025 13:32,20,98.6,57.8,156.2,206.3,58.19,3.6,5.49,14.5
2/17/2025 14:32,20.5,97.1,55.6,153.7,201.8,58.11,3.61,5.74,14.8
2/17/2025 15:32,20.4,100.5,57.1,151.3,208.4,56.09,3.62,5.41,15
2/17/2025 16:32,19.8,104.8,66.2,150.9,196.7,57.73,3.63,5.41,14.3
2/17/2025 17:32,20.2,114.5,73.6,150.5,204.9,59.23,4.26,5.28,15
2/17/2025 18:32,23.6,116,71.4,150.3,202.9,59.21,4.5,5.33,18.3
2/17/2025 19:32,23.6,112.5,62.9,149.1,202.8,58.92,4.56,5.6,18
2/17/2025 20:32,23.5,104.9,61.4,147.5,202.4,60.36,4.54,5.39,18.2
2/17/2025 21:32,23.4,102.5,61.1,145.9,201.9,59.39,4.5,5.42,18
2/17/2025 22:32,24.1,97.5,60.1,147.4,194.6,55.2,4.54,5.77,18.3
2/17/2025 23:32,24.9,90,62.4,155.9,200.1,57.28,4.63,5.11,19.8
2/18/2025 0:00,28.6,108.1,76.8,145.4,202.5,60.13,3.8,6.24,22.5
2/18/2025 1:00,27,107.2,76.2,142.5,199.5,58.46,3.76,6.77,20.2
2/18/2025 2:00,27.2,103.3,70.8,144.8,197.3,59.91,3.78,6.8,20.3
2/18/2025 3:00,28.3,106.2,74.1,144.4,202.6,58.21,3.82,6.62,21.7
2/18/2025 4:00,26.3,108.1,72.9,144.1,207.1,59.99,3.77,6.19,20.1
2/18/2025 5:00,26.6,109.9,87.3,181.8,213.1,62.08,3.8,6.32,20.4
2/18/2025 6:00,29,111.5,80.8,205.5,206.8,63.45,3.83,7.06,22
2/18/2025 7:00,93.3,125.4,110.9,258.7,210.6,62.09,7.19,14.49,79
2/18/2025 8:00,140.2,199.7,157.4,373.7,246.6,90.25,8.55,49.74,90.5
2/18/2025 9:00,167.8,297.6,309.8,471.6,288.7,114.4,9.77,61.49,106.4
2/18/2025 10:00,188,339.6,365.5,524.3,307.7,136.99,9,66.45,121.6
2/18/2025 11:00,176.7,349.4,328.2,538.3,319,138.57,8.84,59.27,117.4
2/18/2025 12:00,147.1,348.1,298.4,532,291,132.45,8.17,40.62,106.5
2/18/2025 13:00,137.3,335.3,272.4,511.8,268.3,127.24,6.99,37.02,100.3
2/18/2025 14:00,141.5,300.6,252.4,490.8,252,120.62,6.35,32.51,109
2/18/2025 15:00,100.9,287.1,231.3,435.1,236.5,106.46,2.44,15.44,85.4
2/18/2025 16:00,84.9,282.5,213.3,415.1,220.5,107.26,2.49,11.35,73.6
2/18/2025 17:00,68.7,234,166.2,379.1,222.4,99.87,2.44,7.18,61.4
2/18/2025 18:00,59.3,214.1,140.2,338.5,227.2,87.16,3.05,5.35,54
2/18/2025 19:00,49.4,184.9,115.7,264,218.7,75.2,3.23,4.73,44.8
2/18/2025 20:00,39.4,133.1,81.4,155.9,205,73.72,3.77,16.46,69.65
2/18/2025 21:00,28,120.8,77.9,153.1,197.9,62.11,3.78,15.79,66.14
2/18/2025 22:00,27.6,115.4,76.8,150.4,202.7,58.42,3.79,16.36,63.26
2/18/2025 23:00,25.9,111.95,78.1,147.65,196.3,57.18,3.74,16.23,60.7
2/19/2025 0:00,28.6,108.1,76.8,145.4,202.5,60.13,3.8,16.1,54.7
2/19/2025 1:00,27,107.2,76.2,142.5,199.5,58.46,3.76,16.44,55.66
2/19/2025 2:00,27.2,103.3,70.8,144.8,197.3,59.91,3.78,16.06,55.55
2/19/2025 3:00,28.3,106.2,74.1,144.4,202.6,58.21,3.81,16.19,57.8
2/19/2025 4:00,26.3,108.1,72.9,144.1,207.1,59.99,3.77,16.44,56.11
2/19/2025 5:00,26.6,109.9,87.3,181.8,213.1,63.05,3.8,16.13,56.95
2/19/2025 6:00,29,112.5,80.9,205.5,206.8,62.48,3.81,16.7,64.43
2/19/2025 7:00,93.3,125.4,110.9,258.7,210.6,62.09,7.19,13.89,75.07
2/19/2025 8:00,140.2,199.7,158.4,373.7,246.6,90.25,8.51,18.76,140.21
2/19/2025 9:00,167.8,298.6,309.8,471.6,288.7,114.4,9.77,30.7,165.46
2/19/2025 10:00,188,339.6,365.5,524.3,307.7,135.88,9,37.99,191.99
2/19/2025 11:00,176.7,349.4,328.3,538.3,319,138.57,8.84,35.4,178.26
2/19/2025 12:00,147.1,348.1,298.4,532,291,131.42,8.17,25.98,177.49
2/19/2025 13:00,137.3,335.3,272.4,511.8,268.3,127.24,6.99,22.26,170.9
2/19/2025 14:00,141.5,300.6,252.4,490.8,252,120.62,6.35,19.2,158.31
2/19/2025 15:00,100.9,287.1,231.3,435.1,236.5,106.46,2.44,19,122.88
2/19/2025 16:00,84.9,282.5,213.3,415.1,220.5,107.26,2.38,19.96,103.92
2/19/2025 17:00,68.7,234,167.2,379.1,222.4,99.87,2.44,20.31,91.83
2/19/2025 18:00,59.3,214.1,140.2,338.5,227.2,87.16,3.05,17.83,82.24
2/19/2025 19:00,49.4,184.9,115.7,264,218.7,75.24,3.23,18.41,77.3
2/19/2025 20:00,31.6,160.4,97.3,198.1,207.7,68.4,3.27,16.41,69.38
2/19/2025 21:00,26.3,148.2,88.5,178.2,212.9,61.58,3.3,15.29,61.29
2/19/2025 22:00,24.7,135.3,86.2,168.9,207.6,54.2,3.3,15.88,59.05
2/19/2025 23:00,24.8,114.6,78.8,165.75,207.7,57.74,3.24,15.42,55.96
2/20/2025 0:00,24.7,101.1,71.6,165.5,203,53.48,3.37,15.25,57.32
2/20/2025 1:00,23.9,102,72.4,159.1,203.2,54.69,3.35,15.03,55.67
2/20/2025 2:00,24,102.1,72.6,163.1,204.4,55.66,3.35,15.51,56.07
2/20/2025 3:00,24.2,102.1,69.7,159.8,200.5,58.18,3.34,15.23,59.08
2/20/2025 4:00,24.6,102.9,73,159.8,201.1,58.06,3.33,15.26,57.79
2/20/2025 5:00,24.7,102.9,86.4,198.3,201,57.21,3.34,15.15,57.88
2/20/2025 6:00,25.9,114.3,86.9,222.2,203.2,55.58,3.38,15.75,67.61
2/20/2025 7:00,92.2,148.3,137.2,279.3,216.7,61.53,4.86,12.31,74.71
2/20/2025 8:00,139.1,262.2,231,406.3,266.5,81.02,5.98,15.14,129.12
2/20/2025 9:00,161,325.5,369.8,479.3,297.8,103.3,4.03,29.21,199.17
2/20/2025 10:00,168.7,378.8,383.9,543.2,317.8,113.94,4.64,30.27,224.83
2/20/2025 11:00,158.9,377.1,343.3,524.8,314.8,118.28,4.38,23.86,209.18
2/20/2025 12:00,136.5,342.9,319.8,421,301.3,118.18,3.58,20.09,178.86
2/20/2025 13:00,122.8,288.1,261.2,385.6,287.7,114.6,3.01,16.24,140.88
2/20/2025 14:00,99.2,270.7,203.5,348.1,271.9,109.09,2.86,17.53,121.38
2/20/2025 15:00,88.6,226.5,164.1,295.9,247.2,99.78,3.61,12.33,95.79
2/20/2025 16:00,71,214.4,181.2,284.4,233,88.6,3.61,12.83,77.98
2/20/2025 17:00,59.9,217.8,160.5,267.1,240.7,79.23,4.15,13.47,81.9
2/20/2025 18:00,53.5,207.9,134.3,260.4,232.7,79.38,4.26,18.75,89.94
2/20/2025 19:00,57.6,170.3,97.4,225.2,223,79.21,4.57,20,80.45
2/20/2025 20:00,34.1,145.1,90,165.6,222.2,69.86,4.62,19.64,68.64
2/20/2025 21:00,26.4,136.9,88.6,165.5,226.6,64.54,4.64,18.48,68.92
2/20/2025 22:00,25.6,131.9,93.3,160.5,235.3,75.46,4.6,18.71,69.41
2/20/2025 23:00,24.2,125.7,86.8,163.2,221.2,64.08,4.7,18.36,67.35
2/21/2025 0:01,25,117.1,85.8,160.6,221.6,65.1,4.66,18.71,68.83
2/21/2025 1:01,24.8,113.5,85.4,159.9,217.1,69.78,4.61,18.27,67.14
2/21/2025 2:01,25,112,83.8,160,219.3,68.36,4.65,19.04,66.08
2/21/2025 3:01,25.5,112.6,82.4,158.5,222.9,69.37,4.65,20.11,70.24
2/21/2025 4:01,25.1,112.5,81.2,157.7,217.9,68.28,4.63,20.12,68.23
2/21/2025 5:01,25.1,117.2,97,200.3,223.8,68.44,4.67,19,70.15
2/21/2025 6:01,25.4,119.8,95.5,224.5,219.2,68.55,4.62,18.62,75.8
2/21/2025 7:01,90.7,139.3,125.6,272.7,233.9,67.91,11.44,15.87,85.38
2/21/2025 8:01,163.2,194.3,177.7,385.7,265.6,80.1,7.41,19.2,134.46
2/21/2025 9:01,185.2,309.4,284.4,486.3,334.2,114.75,4.03,26.83,176.05
2/21/2025 10:01,190.3,357.5,367.1,576.2,357.5,136.11,3.76,33.55,193.69
2/21/2025 11:01,206.1,416.2,338.2,587.6,356.4,140.43,4.03,31.21,178.62
2/21/2025 12:01,177.4,403.1,344.8,584.1,334.7,134.62,4.85,22.86,168.16
2/21/2025 13:01,174.3,355.4,320.3,550,313.2,122.2,5.09,20.14,149.24
2/21/2025 14:01,155.7,338.2,253.7,515,305.3,118.32,6.56,21.29,128.49
2/21/2025 15:01,98.7,320.8,201,424.7,298.7,105.62,2.9,16.97,88.57
2/21/2025 16:01,73.8,277.1,171.4,393.5,264.5,108.57,2.9,12.89,80.38
2/21/2025 17:01,70,240.4,159.8,362,257.1,103.54,2.92,13.16,79.3
2/21/2025 18:01,71.9,223.1,154.9,312.6,250.6,94.76,3.38,18.21,86.19
2/21/2025 19:01,58.9,188.8,121.2,238.9,232.7,87.52,3.81,21.04,86.51
2/21/2025 20:01,34.9,166,95.2,167.1,219.6,76.86,3.85,18.54,67.92
2/21/2025 21:01,27.1,155.9,84,157.5,215.5,71.6,3.76,17.66,63.56
2/21/2025 22:01,26.1,141.4,81,153.4,210.6,68.16,3.83,18.08,62.87
2/21/2025 23:01,25.9,138.95,73.9,147.2,208.5,65.8,3.93,18.31,63.61
2/22/2025 0:32,22.6,130.4,73.6,148.4,200.5,71.37,3.81,4.36,18.2
2/22/2025 1:32,22.7,119,73.4,146.5,200.7,72.45,3.82,4.36,18.3
2/22/2025 2:32,23.7,117.4,73.3,146.3,201.8,72.73,3.83,19.86,61.14
2/22/2025 3:32,24.3,117.5,71,149.1,203.3,72.2,3.84,20.02,64.42
2/22/2025 4:32,23.9,117.6,70.7,145.8,202.6,71.36,3.8,20.17,63.18
2/22/2025 5:32,24.2,118.5,70.3,146.4,210.9,71.92,3.82,18.75,61.64
2/22/2025 6:32,39.6,115.8,70.8,146.5,204.7,68.42,3.55,16.31,55.86
2/22/2025 7:32,28.2,116.9,66.7,142.7,210.9,68.84,2.91,12.41,47.51
2/22/2025 8:32,31,112.5,64.9,146.5,204.1,70.61,2.91,10.48,47.15
2/22/2025 9:32,34.5,118.6,74.3,152,208.9,69.29,2.92,11.81,50.54
2/22/2025 10:32,35.3,123.1,81.4,155.6,217.4,68.86,3.58,12.38,54.59
2/22/2025 11:32,36.2,130,83,161.6,213,72.39,2.76,12.22,66.4
2/22/2025 12:32,30.8,123.7,82.7,166.7,213.2,70.55,3.01,12.17,67.24
2/22/2025 13:32,33.6,121.5,83.1,162.5,210.8,69.62,2.46,12.19,71.55
2/22/2025 14:32,36.9,125.5,87.8,161.2,211.2,72.34,3.32,14.62,67.76
2/22/2025 15:32,55.4,121.4,90.3,161.4,205.6,69.28,3.15,15.01,65.29
2/22/2025 16:32,70.8,112,87.5,162.8,205.3,71.45,2.24,14.99,61.12
2/22/2025 17:32,89.1,108.6,78.9,159.6,213.3,72.13,2.32,13.82,65.81
2/22/2025 18:32,74.4,117.6,82.8,159.6,217.1,68.93,4.38,18.43,77.82
2/22/2025 19:32,67.6,118.8,88.1,154.9,211.7,73.34,5.96,18.67,65.93
2/22/2025 20:32,60,113.2,85.6,153.2,204.9,67.58,3.8,19.67,61.33
2/22/2025 21:32,55,111,77.8,145.8,203,66.29,3.86,22.29,61.29
2/22/2025 22:32,38,109.6,75.1,142.3,191.2,67.91,3.89,22.47,58.95
2/22/2025 23:32,35.1,107.35,74.35,144.55,204.9,71.85,3.87,23.83,62.21
2/23/2025 0:00,25.1,108.1,73.5,145.1,202.3,68.37,3.85,24.32,62.41
2/23/2025 1:00,24.6,107.2,74.1,144.3,203.9,68.58,3.85,21.51,61.89
2/23/2025 2:00,24.9,105.5,73.1,144.1,203.8,70.85,3.88,20.44,60.6
2/23/2025 3:00,24.5,106.1,71,142.6,203.4,69.29,3.84,19.92,63.08
2/23/2025 4:00,34.2,106.4,70.8,143.6,204.5,67.83,3.89,20.09,64.16
2/23/2025 5:00,34.4,107.5,70.7,143.7,203.6,70.89,3.86,19.68,63.29
2/23/2025 6:00,34.6,110,71.1,143.9,203.5,68.97,3.85,18.4,61.09
2/23/2025 7:00,28.9,105.6,65.6,138.3,197,65.97,3.15,14.76,51.37
2/23/2025 8:00,29.3,101.3,64.5,137.2,208.6,66.94,2.94,12.49,48.39
2/23/2025 9:00,39.1,103.1,64.6,143.5,210.7,65.66,2.92,11.85,53.6
2/23/2025 10:00,38.1,107.3,72.1,145.3,206.5,67.2,2.95,12.53,57.4
2/23/2025 11:00,41.3,107.7,77.3,150,204.8,67.99,2.93,13.65,58.92
2/23/2025 12:00,26.8,106,73.4,149.9,197.5,66.67,2.94,16.07,59.39
2/23/2025 13:00,31.4,109.6,68.3,153.8,202,66.79,5.55,15.73,58.19
2/23/2025 14:00,64.4,106.8,65.9,154.2,205,68.46,4.09,14.8,59.17
2/23/2025 15:00,55.4,107.7,73.5,155.9,195,66.63,3.53,13.72,58.16
2/23/2025 16:00,55.3,105.6,77.5,148,208.8,68.58,1.74,13.39,47.16
2/23/2025 17:00,54.6,105.7,83.1,145.2,210.3,66.95,2.47,13.92,49.52
2/23/2025 18:00,60.3,124.8,91.5,151.4,217.5,67.87,2.49,18.42,57.59
2/23/2025 19:00,36,128.9,88.5,150.1,212.4,68.04,2.76,18.61,61.33
2/23/2025 20:00,27.5,123.9,79.3,143.9,202.9,67.92,3.04,18.64,60.61
2/23/2025 21:00,25.1,120.9,73.8,143.5,200.8,66.84,5.42,18.38,59.99
2/23/2025 22:00,25.2,114.3,70.8,144.3,201.5,63.65,3.79,18.49,60.29
2/23/2025 23:00,24.6,116.55,72.2,142.2,203.3,63.16,3.72,18.74,59.9
2/24/2025 0:00,24.3,108.7,70.2,141.4,206.1,68.27,3.85,17.99,59.53
2/24/2025 1:00,24.1,108.2,68.7,143.9,203.7,63.73,3.84,19.02,60.72
2/24/2025 2:00,24.6,107.8,66.7,140.8,207,67.14,3.86,19.91,60.25
2/24/2025 3:00,24.5,105.6,63.7,143.4,205.7,64.71,3.81,19.92,61.31
2/24/2025 4:00,24.5,106,64,142.8,205.7,67.04,3.86,19.8,60.71
2/24/2025 5:00,25,106.8,81.7,185.5,204,67.92,3.8,19.18,62.86
2/24/2025 6:00,25.4,110.7,77,205,202.2,67.47,3.86,19.05,69.89
2/24/2025 7:00,116.9,127.3,105,252.5,205.7,66.83,5.14,18.14,85.28
2/24/2025 8:00,181.3,221.2,175.1,406.2,245.3,80.86,10.33,27.22,144.03
2/24/2025 9:00,203,379.1,344.6,556.5,313.9,115.53,11.87,44.14,217.49
2/24/2025 10:00,214.5,505,488.6,710.1,351.9,154,12.91,51.36,267.11
2/24/2025 11:00,251.8,555.9,540.1,756.3,359,158.14,12.15,54.85,258.33
2/24/2025 12:00,242,527.9,528.1,745.7,361.2,161.32,11.44,46.4,248.25
2/24/2025 13:00,235.3,497,494,698.1,336.5,148.4,10.29,38.36,234.37
2/24/2025 14:00,208.9,451.1,414.7,643.4,311.6,139.6,7.97,37.39,213.37
2/24/2025 15:00,166.8,420.3,316.1,558.9,288,136.56,4.64,22.86,156.76
2/24/2025 16:00,148.9,370.8,321.2,519.9,280.4,126.83,8.89,25.64,135.8
2/24/2025 17:00,130.5,318.4,279.9,471,255.6,110.27,9.98,28.8,128.7
2/24/2025 18:00,89.2,284,229.7,377.8,241.3,100.47,10.87,25.54,132.53
2/24/2025 19:00,69.3,260.5,172.1,269.2,232.4,92.64,11.07,22.09,109.9
2/24/2025 20:00,46,229.2,120.4,192.4,210.8,80.17,8.71,20.49,92.67
2/24/2025 21:00,33.2,176.8,107.2,178.3,204.8,67.9,3.82,17.35,81.78
2/24/2025 22:00,31,160,102.1,175.5,204.1,64.31,3.88,17.46,77.61
2/24/2025 23:00,31.95,140.3,101.8,169.7,207.55,68.32,3.89,17.55,77.52
2/25/2025 0:00,28.1,120.1,90.8,141.4,206.2,67.2,3.85,5.4,22.7
2/25/2025 1:00,28.1,121.2,88.5,143.9,203.2,65.55,3.84,5.33,22.8
2/25/2025 2:00,28.1,122.3,87.3,140.8,209,65.21,3.86,5.22,22.9
2/25/2025 3:00,27.8,122.6,86.6,143.4,204.7,67.67,3.81,5.33,22.4
2/25/2025 4:00,29,120.4,86.6,141.8,208.6,64.56,3.86,6,23
2/25/2025 5:00,28.2,117,102.1,185.5,207.9,69.44,3.8,5.73,22.5
2/25/2025 6:00,28.4,130.7,106.9,205,206.8,64.06,3.86,5.74,22.6
2/25/2025 7:00,100.1,162.4,137.9,252.5,218.7,67.22,5.14,16.07,84.2
2/25/2025 8:00,180.8,298.6,187,406.2,253.8,84.47,11.32,61.38,119.5
2/25/2025 9:00,209.4,433.9,347.5,556.5,307.5,110.12,11.87,70.42,139
2/25/2025 10:00,228.3,451.1,458.6,710.1,341.1,138.27,12.91,67.42,160.9
2/25/2025 11:00,229.2,451.6,479.8,756.3,345.7,134.91,12.25,58.91,170.3
2/25/2025 12:00,206.5,394.1,423.5,748.7,340.7,135.47,11.44,53.93,152.5
2/25/2025 13:00,186,368.3,362.2,699.1,335.1,121.21,10.29,47.59,138.4
2/25/2025 14:00,183.1,353.5,291.9,643.4,307.2,116.75,7.97,40.1,143
2/25/2025 15:00,141.4,363.4,243.5,558.9,274.8,112.51,4.74,14.42,126.9
2/25/2025 16:00,123.8,304,222.6,519.9,260.3,104.11,8.89,13.15,110.9
2/25/2025 17:00,107.4,256.7,187.2,471,238,100.37,9.98,9.46,98
2/25/2025 18:00,80.4,230.2,188.7,378.8,231.9,98.44,10.87,7.8,72.4
2/25/2025 19:00,53.5,187.6,136.9,269.2,218.2,94.1,11.07,7.8,45.7
2/25/2025 20:00,36.4,155.6,92.9,192.4,210.8,83.95,8.71,6.92,29.4
2/25/2025 21:00,28.7,132.9,86.7,178.3,205.4,76.1,3.82,6.25,22.4
2/25/2025 22:00,27.5,115.9,81.4,175.5,206,72.53,3.88,6.14,21.4
2/25/2025 23:00,27.9,119.2,75.65,169.7,211.05,67.16,3.89,5.44,22.4
2/26/2025 0:00,27.7,120,77.9,141.4,204.7,63.09,2.73,6.39,21.3
2/26/2025 1:00,27.2,119.4,77.3,143.9,198.8,64.26,3.74,6.4,20.8
2/26/2025 2:00,27.3,110.1,74.6,140.8,209.9,63.68,3.76,6.53,20.8
2/26/2025 3:00,27.4,109.5,74.3,142.4,207.9,62.61,3.7,6.08,21.2
2/26/2025 4:00,27.1,110.9,74.4,141.8,204.1,62.79,3.75,6.22,20.9
2/26/2025 5:00,27.2,115.3,93.3,185.5,201.3,66.36,3.71,6.46,20.7
2/26/2025 6:00,27.1,120.2,92.6,205,209.3,66.54,3.8,6.63,20.4
2/26/2025 7:00,89.3,123.8,129.2,252.5,206.7,64.48,9.39,13.52,75.8
2/26/2025 8:00,143.6,209.3,178.1,406.2,235.7,83.33,11.97,51.8,92
2/26/2025 9:00,169.6,337.2,287.4,556.5,274.6,111.35,18.4,58.36,111.2
2/26/2025 10:00,192.5,379.4,356,710.1,280.4,125.75,19.5,58.3,134.2
2/26/2025 11:00,183.6,375.4,391.2,758.3,279.3,132.13,12.65,53.94,129.7
2/26/2025 12:00,181.5,374.5,378.1,748.5,268.6,138.92,14.98,51.47,130
2/26/2025 13:00,163.1,336.1,329.3,699.1,256.9,131.17,7.78,40.98,122.1
2/26/2025 14:00,141.6,346.7,288.7,643.4,240.5,118.63,3.93,28.37,113.3
2/26/2025 15:00,102.4,318,270.9,558.9,235.7,116.11,2.94,10.62,91.8
2/26/2025 16:00,81.6,256.6,286.1,518.9,223.8,108.94,2.93,7.47,74.1
2/26/2025 17:00,67.4,214.8,255.3,471,217.6,107.83,3.27,5.86,61.4
2/26/2025 18:00,56.2,195,204.5,378.8,212.9,99.43,3.68,5.52,50.8
2/26/2025 19:00,44.8,167.6,149.5,269.2,205.1,91.57,3.75,5.24,39.5
2/26/2025 20:00,28.9,147,102.2,192.4,199.1,79.79,3.71,5.27,23.5
2/26/2025 21:00,25.7,131.6,89.5,178.3,195.4,67.88,3.73,5.35,20.3
2/26/2025 22:00,24.9,124.1,83.4,175.5,199.8,60.79,3.75,5.04,19.9
2/26/2025 23:00,27.35,110.1,77.35,169.7,200.9,66.63,3.73,6,24.7
2/27/2025 0:00,24.2,108.2,79.3,163.2,189.9,68.5,2.73,4.8,19.4
2/27/2025 1:00,24.3,108,78.7,163.6,191.8,65.76,3.74,5.02,19.3
2/27/2025 2:00,25.1,106.5,75.8,163.8,193.3,65.75,3.76,16.76,61.08
2/27/2025 3:00,24.4,107.7,75.7,164.8,187.7,66.28,3.7,17.48,63.26
2/27/2025 4:00,24.3,108.4,75.3,166.3,193.6,65.11,3.75,17.6,61.59
2/27/2025 5:00,24,112.2,89.6,208.9,190.8,67.55,3.71,17.63,66.95
2/27/2025 6:00,23.5,116.6,90.2,227.7,192.9,64.86,3.8,18.17,72.77
2/27/2025 7:00,87.1,130.1,118.8,292.4,194.2,72.66,9.39,14.84,98.7
2/27/2025 8:00,149,198.6,151.8,408.4,230.8,80.78,10.97,23.92,145.62
2/27/2025 9:00,186.2,301.7,272.5,495.3,270.1,106.21,18.4,36.09,186.98
2/27/2025 10:00,193.5,343.7,355.6,545.7,284.9,122.46,18.5,38.38,189.8
2/27/2025 11:00,194,373.9,373.4,560.7,276.3,124.6,12.65,29.6,178.36
2/27/2025 12:00,172.9,365,337,562.3,295.5,125.51,14.98,28.31,173.33
2/27/2025 13:00,158.3,336.2,319.3,545.5,273.4,121.19,7.78,24.56,169.12
2/27/2025 14:00,135.2,315.3,283.6,468.8,252.4,112.75,3.93,22.45,144.03
2/27/2025 15:00,101.3,277.9,225.6,411.5,235.1,104.81,2.94,16.38,116.66
2/27/2025 16:00,94.1,254.6,198.9,377.8,222.6,95.48,2.93,18.26,102.97
2/27/2025 17:00,80.5,250.3,184.6,335.5,218.8,92.37,3.17,20.47,101.62
2/27/2025 18:00,73.2,243.2,184.1,270,211.9,88.97,3.78,22.2,98.38
2/27/2025 19:00,46.1,202.6,113.1,197.9,209.4,84.66,3.75,21.33,90.22
2/27/2025 20:00,37.5,153.1,77.2,159.6,209.4,68.88,3.71,18.46,72.95
2/27/2025 21:00,31.1,129.5,70.9,156.6,198.5,68.7,3.73,17.38,62.91
2/27/2025 22:00,29.5,122.5,69.8,147,196.8,58.61,3.75,17.66,69.89
2/27/2025 23:00,26.4,113.1,66.6,147.1,211.6,50.6,3.73,3.69,22.7
3/1/2025 0:05,22.4,98.5,63.1,148.4,184.2,56.9,2.75,4.88,17.5
3/1/2025 1:05,21.5,98,63,146.5,185.1,57.04,3.34,4.88,16.5
3/1/2025 2:05,21.7,99.1,63.5,146.3,186.2,57.48,3.68,4.98,16.7
3/1/2025 3:05,21.6,98.2,63.9,148.1,181.2,58.52,3.73,4.88,16.7
3/1/2025 4:05,22.6,99.2,64,145.8,189.4,59.04,3.75,16.51,59.08
3/1/2025 5:05,22.9,96.9,64.3,146.4,180.1,60.43,3.79,16.2,58.09
3/1/2025 6:05,21.5,100.8,62.7,145.5,186.3,57.77,3.71,15.29,55.89
3/1/2025 7:05,37.2,94.9,56.2,142.7,174.2,57,2.91,10.71,42.8
3/1/2025 8:05,22,92.3,55.8,146.5,173,51.43,2.89,9.9,43.43
3/1/2025 9:05,22.6,90.1,56,152,170.9,56.23,2.89,9.97,42.83
3/1/2025 10:05,22.2,88.2,56.2,155.6,167.3,49.7,2.85,14.44,42.08
3/1/2025 11:05,23,89.3,55,131.6,169.5,53.77,2.85,14.14,48.41
3/1/2025 12:05,22.5,90.9,57.2,136.4,164.2,54.62,2.89,13.85,45.96
3/1/2025 13:05,23.3,90.8,57.4,139.4,161.6,57.98,2.88,14.45,45.56
3/1/2025 14:05,22.7,87.5,64.4,135.4,163.1,53.75,2.85,9.74,45.74
3/1/2025 15:05,22.8,90.1,66.4,136,168.1,52.72,2.86,9.37,43.83
3/1/2025 16:05,21.8,91.4,66.9,136.2,167.5,54.58,2.88,8.75,44.27
3/1/2025 17:05,20.5,89.2,67.3,137.8,172.6,54.42,2.89,9.39,44.58
3/1/2025 18:05,25.2,98.3,74.5,142.9,183,52.12,3.41,13.44,54.09
3/1/2025 19:05,28.4,103.4,69.3,141.8,181.4,57.08,3.79,16.25,59.36
3/1/2025 20:05,22.2,103.8,68.8,138.1,178,62.05,3.71,15.94,59.63
3/1/2025 21:05,22.8,102.4,66.1,138.8,177.4,58.37,3.78,16.65,58.15
3/1/2025 22:05,22.2,103.5,65.4,146.6,193.7,84.54,3.83,18.27,52.35
3/1/2025 23:05,22.2,100.2,64.5,137,190.2,58.23,3.78,20.9,56.12
3/2/2025 0:00,22.7,99.3,64.9,148.4,184.2,55.31,3.77,21.09,55.12
3/2/2025 1:00,22.9,97.4,68.6,146.5,185.1,53.11,3.8,20.82,55.96
3/2/2025 2:00,22.6,99.1,67.6,146.3,186.2,54.24,3.79,21.03,57.19
3/2/2025 3:00,22.5,99.7,68.8,149.1,181.2,61.18,3.74,20.74,60.26
3/2/2025 4:00,32,99.3,68.5,145.8,189.4,53.58,3.8,20.86,60.03
3/2/2025 5:00,31.2,99,68.6,146.4,180.1,55.94,3.8,20.41,59.16
3/2/2025 6:00,30.9,102.3,68.8,146.5,186.3,53.59,3.74,19.09,58.11
3/2/2025 7:00,25.8,97.8,63.1,142.7,174.2,50.04,3.08,13.85,46.22
3/2/2025 8:00,26.8,94.4,60.9,146.5,173,53.64,2.89,11.84,44.96
3/2/2025 9:00,32.9,92.3,60.2,152,170.9,50.96,2.89,11.98,48.15
3/2/2025 10:00,25.9,95.1,60,155.6,166.3,48.48,2.85,11.84,45.58
3/2/2025 11:00,23,89.5,59.7,131.6,169.5,52.68,2.87,11.68,45.24
3/2/2025 12:00,17.1,89.3,59.1,136.4,164.2,57.03,2.88,11.62,42.22
3/2/2025 13:00,17,89.9,59.1,139.4,161.6,52.81,2.82,11.86,40.28
3/2/2025 14:00,17.5,91.7,56.9,135.4,163.4,54.79,2.88,11.87,39.71
3/2/2025 15:00,17.7,91.9,60.2,136,168.1,54.58,2.89,11.53,39.57
3/2/2025 16:00,17.4,94.3,60,136.2,167.5,56.61,2.83,11.67,40.61
3/2/2025 17:00,17.6,98.1,62.2,136.8,173.8,53.48,2.92,11.46,41.19
3/2/2025 18:00,19.7,104.7,65.9,142.9,183,53.58,3.37,15.74,50.64
3/2/2025 19:00,22.2,106.2,69.3,141.8,181.4,55.73,3.77,18.97,58.47
3/2/2025 20:00,22.3,105.5,68.9,139.1,178,54.39,3.77,18.76,59.62
3/2/2025 21:00,22.4,102.1,67.2,138.8,177.4,56.14,3.81,19.09,59.86
3/2/2025 22:00,22.4,94.8,67.7,146.6,193.7,52.66,3.79,19.1,56.89
3/2/2025 23:00,20.9,96.2,64.35,137,182.8,58.61,3.76,18.74,55.55
3/3/2025 0:00,22.7,91.8,67.7,138.2,184.6,51.88,3.81,19.67,56.56
3/3/2025 1:00,22.5,89.1,68.7,137.5,178.9,57.26,3.8,20.44,56.05
3/3/2025 2:00,22.8,86.5,67.1,137.5,183.8,54.44,3.73,20.91,56.64
3/3/2025 3:00,22.4,85.9,67.6,138.7,181.4,52.33,3.79,20.45,59.95
3/3/2025 4:00,23.3,86.3,67.9,136.9,188.8,53.92,3.8,20.51,59.63
3/3/2025 5:00,23.1,86.2,65.4,179.7,186.4,56.59,3.78,20.18,57.87
3/3/2025 6:00,21.8,96.2,64.7,192.7,185.4,54.25,3.75,18.43,57.36
3/3/2025 7:00,42.6,89.2,58,205.1,173.4,49.41,3,13.64,45.53
3/3/2025 8:00,21.5,84.9,57.7,200.5,175.5,49.25,2.92,12.05,43.21
3/3/2025 9:00,22.8,80.7,57.4,196.5,170.2,52.04,2.89,12.57,42.6
3/3/2025 10:00,22,79.7,56.7,199.8,174.5,55.09,2.94,13.66,41.97
3/3/2025 11:00,22.2,84.4,58.2,199.9,171.7,55.27,2.94,12.91,42.69
3/3/2025 12:00,21,85.4,57.7,197.4,171.8,52.49,2.92,12.5,45.68
3/3/2025 13:00,26.7,81.5,57.2,197.1,176,51.96,2.91,11.66,41.89
3/3/2025 14:00,23.4,78.3,56.5,192.7,173.1,56.79,2.93,10.84,42.47
3/3/2025 15:00,23.7,80.9,57.4,191.3,171.4,52.35,2.93,10.67,41.1
3/3/2025 16:00,23.9,88.4,59.2,195.4,175.7,52,2.93,11.17,41.08
3/3/2025 17:00,23.4,84.3,60.1,200.2,180.9,51.51,2.98,11.28,41.15
3/3/2025 18:00,26.5,94.4,64.8,199.4,186,59.7,3.35,14.76,48.51
3/3/2025 19:00,28.6,97.4,66.5,187.8,189.2,55.18,3.79,18.63,54.81
3/3/2025 20:00,23.5,94.4,67.2,142.5,189.1,54.21,3.83,18.51,54.28
3/3/2025 21:00,23.5,88.7,65,140.7,190.4,58.59,3.86,18.61,55.42
3/3/2025 22:00,23.5,86.2,66.1,134.6,192.4,53.91,3.84,19.08,56.58
3/3/2025 23:00,25,92.2,68.9,134.9,193.1,53.16,4.12,19.19,55.73
3/4/2025 0:00,23.9,86.3,65.8,136.2,189.1,55.97,3.86,20,58.13
3/4/2025 1:00,23.6,85.5,64,134.4,190.1,52.21,3.85,20.55,56.31
3/4/2025 2:00,23.7,87,63.6,133.9,191.1,55.95,3.82,20.63,56.36
3/4/2025 3:00,23.7,87,63.7,134.6,192.9,59.24,3.82,21.01,59.34
3/4/2025 4:00,23.7,88,63.6,134.5,191,59.06,3.84,21.01,58.11
3/4/2025 5:00,23.2,86.3,78.4,170.9,195.1,55.98,3.84,20.11,61.06
3/4/2025 6:00,24.9,95.7,78.7,192.1,188,55.92,3.73,18.19,68.65
3/4/2025 7:00,93.2,110.4,105,231.4,215.9,57.13,6.58,16.28,77.07
3/4/2025 8:00,149.3,179.3,167.8,362.6,252.7,63.29,9.96,19.64,141.49
3/4/2025 9:00,158.2,301.6,288.8,472.4,307.6,87.33,11.38,28.86,220.16
3/4/2025 10:00,172.5,357,361.2,568.7,326.8,114.87,10.14,41.35,259.68
3/4/2025 11:00,160,361.7,391.4,599,325.4,133.94,9.6,35.56,244.35
3/4/2025 12:00,166.1,356.5,412.4,597.1,304.5,130.96,9.36,28.92,219.53
3/4/2025 13:00,147.8,338.2,384.9,562.8,295.6,129.23,7.94,28.65,191.62
3/4/2025 14:00,132.3,315.1,330.2,508,277.2,118.92,7.2,23.31,174.3
3/4/2025 15:00,97.9,276.6,270.6,440.8,261.5,119.98,2.96,18.98,125.97
3/4/2025 16:00,82.5,243.2,272.8,406.1,238.7,122.55,2.88,17.09,114.11
3/4/2025 17:00,84.5,212.5,245.6,364.9,226,114.01,2.96,19.91,98.33
3/4/2025 18:00,81.1,207.9,180.2,316.1,232.3,99.59,3.27,24.56,101.69
3/4/2025 19:00,64.1,183.5,123.9,247,227.8,83.26,3.81,24.6,101.02
3/4/2025 20:00,39.7,161.1,88.3,169.2,216.2,74.79,3.81,22.86,88.91
3/4/2025 21:00,32.7,139.6,78,159.3,213.9,63.45,3.84,16.9,83.05
3/4/2025 22:00,27.8,124.8,70.4,157.6,207,55.39,3.83,16.51,78.31
3/4/2025 23:00,26.25,118,71.6,158.45,214,60.1,3.66,16.76,74.31
3/5/2025 0:00,24.9,119.9,67.1,152.2,215.4,54.96,3.86,16.25,70.41
3/5/2025 1:00,24.7,114.5,67,151.4,208.3,53.97,3.85,16.28,70.84
3/5/2025 2:00,24.6,103.1,66.7,153,213.7,53.44,3.79,16.1,69.45
3/5/2025 3:00,24.3,101.8,67.5,151.3,212.6,56.99,3.84,16.26,70.33
3/5/2025 4:00,24.6,103.1,67.2,151.9,212.8,52.35,3.85,16.36,70.3
3/5/2025 5:00,24.7,104.7,81.8,186.4,208.2,53.46,3.8,16.13,71.69
3/5/2025 6:00,24.3,111.9,85.4,210.5,213.2,56.98,3.73,15.24,77.93
3/5/2025 7:00,95.9,130.1,93.7,255.5,213.8,56.53,7.59,13.74,87.78
3/5/2025 8:00,156.1,191.7,156.8,374.1,245.4,75.2,6.25,20.57,147.62
3/5/2025 9:00,185.6,312.4,298.5,475.3,286.2,115.35,11.59,31.6,204.09
3/5/2025 10:00,188.1,350.8,390.3,533.5,292.7,128.55,11.2,32.4,227.77
3/5/2025 11:00,176.7,352.1,385.4,556.2,287.4,132.26,9.66,34.29,229.82
3/5/2025 12:00,159.9,342.2,379.6,552.8,285.6,134.34,12.53,30.44,214.9
3/5/2025 13:00,152.2,335.6,345.9,518.3,276.4,133.09,9.93,24.63,194.57
3/5/2025 14:00,138.5,310.7,300.6,460.1,249,124.36,8.67,19.32,172.37
3/5/2025 15:00,98.1,281.3,256.8,408.2,226.9,113.39,5.06,21.18,134.93
3/5/2025 16:00,89.2,251.3,238.1,389.1,209.3,104.54,3.01,18.29,117.44
3/5/2025 17:00,82,224.9,195.8,366.2,207.3,96.31,2.86,13.42,100.11
3/5/2025 18:00,84.4,208.8,167.9,304.9,210,90.9,3.21,16.43,96.52
3/5/2025 19:00,54.5,184,126.5,235.1,208.6,82.15,3.76,20.22,92.29
3/5/2025 20:00,32.5,151.7,100.8,162.9,201.1,67.91,3.79,18.54,84.07
3/5/2025 21:00,26.6,131.4,95.1,154.5,197.6,56.99,3.83,17.77,72.03
3/5/2025 22:00,25.1,116.4,87.1,149.8,200.9,56.55,3.76,18.37,70.11
3/5/2025 23:00,23.3,111.15,83.35,150.55,188.75,59.4,3.68,18.32,67.98
3/6/2025 0:00,23.3,112.4,80.4,144.8,194.5,56.39,3.81,18.39,71.23
3/6/2025 1:00,23.8,109.2,78.2,146.6,199.8,55.94,3.75,18.49,71.23
3/6/2025 2:00,23.5,108.5,74.8,145.3,199.5,58.45,3.79,18.29,73.62
3/6/2025 3:00,23.5,113.4,75,146.7,204.1,55.94,3.78,18.3,74.98
3/6/2025 4:00,24.2,113.6,74.1,144.8,205.4,58.01,3.76,18.32,75.37
3/6/2025 5:00,23.8,114.6,89.5,182.4,204,60.69,3.78,18.48,76.23
3/6/2025 6:00,22.9,124.7,93.9,200.6,209.1,53.99,3.65,17.26,80.1
3/6/2025 7:00,88.5,139.4,118.7,254.5,213,62.06,8.38,15.52,90.81
3/6/2025 8:00,135.1,183.8,157.1,372.6,248.6,70.91,9.97,19.16,124.48
3/6/2025 9:00,148.7,248,287.2,475,281.4,101.76,16.14,29.95,168.43
3/6/2025 10:00,151.5,291,317.3,510.7,279.2,117.09,23.52,30.37,175.04
3/6/2025 11:00,162.5,309,315.4,502.3,264.2,124.82,22.58,30.11,180.28
3/6/2025 12:00,142.3,323.1,279.3,469.1,243.3,130.46,11.3,22.71,173.58
3/6/2025 13:00,133.3,281.9,260.4,467.8,232.8,120.09,6.91,18.26,145.22
3/6/2025 14:00,129.3,273.9,240.7,438.7,211.9,111.71,5.72,14.6,115.63
3/6/2025 15:00,112,255.3,211.6,399.3,197.7,110.89,3.25,11.43,85.64
3/6/2025 16:00,91.9,224.6,192.8,379.9,183,104.68,2.98,11.51,72.84
3/6/2025 17:00,84.9,194.2,171.1,368.2,184.1,93.65,2.99,11.53,65.55
3/6/2025 18:00,70.4,193.4,152,294.2,188.8,87.93,3.35,15.39,67.93
3/6/2025 19:00,56.6,183.4,120.4,220.3,191.3,77.21,3.83,17.31,67.95
3/6/2025 20:00,32.5,170.9,106.1,151.8,191.9,75.02,3.88,17.34,67.81
3/6/2025 21:00,28.2,144.7,88.3,147.4,190.1,72.51,3.87,15.86,64.83
3/6/2025 22:00,24.8,128.8,81.8,141.8,194.5,61.22,3.86,16,56.73
3/6/2025 23:00,25.8,127.85,80.55,142.3,183,51.45,3.86,16.41,55.52
3/7/2025 0:00,27.8,123.6,80.9,163.4,190.5,67.9,3.87,16.12,57.7
3/7/2025 1:00,15.3,117,77.8,150.4,197,60.3,3.87,15.83,56.68
3/7/2025 2:00,20.5,114.2,76.7,155.5,197.7,63.9,3.86,16.21,55.43
3/7/2025 3:00,20,112.6,75,153,195.4,63.8,3.87,16.28,57.38
3/7/2025 4:00,29.8,114,74,162.4,195.7,73,3.87,17.76,56.77
3/7/2025 5:00,28.6,116.6,85.1,203.8,190.2,72,3.86,16.99,58.14
3/7/2025 6:00,33.2,121.9,88.1,232.3,191.5,76.4,3.73,15.4,64.12
3/7/2025 7:00,82.4,136.7,102.6,264.4,190.4,59.6,5.34,13.28,76.72
3/7/2025 8:00,161.6,168.5,143,384.1,219.9,78.5,10.8,17.5,112.64
3/7/2025 9:00,175.8,232.7,219.1,476.9,246.7,105.3,15.05,25.53,120.32
3/7/2025 10:00,184.7,265.1,268.4,570.6,240.4,130.5,15.65,30.11,128.64
3/7/2025 11:00,206.2,286.8,283.4,587.7,242.1,140.5,14.61,29.83,128.65
3/7/2025 12:00,167.9,279.7,252.5,574.6,229.4,125.2,14.93,23.01,116.03
3/7/2025 13:00,168.3,254,222.8,544,208.6,116.2,9.16,18.4,99.04
3/7/2025 14:00,158.7,213.3,171.6,518,196.1,121.3,14.21,17.75,84.45
3/7/2025 15:00,99.6,185.3,133.8,425.6,182.2,106.5,5.68,14.47,64.6
3/7/2025 16:00,68.2,179.4,113.8,387.9,177,103,5.41,12.39,54.19
3/7/2025 17:00,71.8,148.3,104.7,363.8,165.9,105.3,5.68,9.86,49.63
3/7/2025 18:00,78.1,147.6,94.9,318.8,171.7,100.9,5.99,12.95,53.89
3/7/2025 19:00,49,137.5,89.3,229,181.7,77.6,6.42,16.06,57.99
3/7/2025 20:00,41,118.2,77.1,173.2,183.3,83,4.66,16.15,56.65
3/7/2025 21:00,31.1,112.3,71.4,161.5,182.4,75.6,3.85,15.78,55.26
3/7/2025 22:00,22.9,105.3,65,150.2,180.4,65,3.82,15.75,54.39
3/7/2025 23:00,19,103.65,64.55,140.3,185.4,58.9,3.86,16.47,54.32
3/8/2025 0:00,27,95.7,62.1,153,178.9,61.5,3.89,17.14,54.21
3/8/2025 1:00,19.9,94.2,62.2,144.9,177.2,55.4,3.85,17.74,54.81
3/8/2025 2:00,17.6,94.4,62.8,142.2,176.3,53.4,3.84,17.12,55.74
3/8/2025 3:00,17.6,96.5,63.1,144.1,180.5,54.5,3.83,16.42,58.02
3/8/2025 4:00,26.1,95.1,63,149.3,178,62.5,3.88,16.41,57.24
3/8/2025 5:00,23.9,96.5,61.8,147.4,179.9,61.5,3.82,16.18,57.51
3/8/2025 6:00,24.6,96.5,55,148.6,178.6,60.8,3.73,15.53,54.83
3/8/2025 7:00,39.5,92.3,53.2,145,176.9,59.3,2.92,10.63,44.66
3/8/2025 8:00,22.4,89.1,52.1,146.9,174.4,51.8,4.11,9.91,44.49
3/8/2025 9:00,27.3,88,52.8,156.7,167.2,61,2.45,9.02,46.5
3/8/2025 10:00,21,94.3,52.6,154.4,154.2,48.5,3.54,13.83,45.45
3/8/2025 11:00,23.5,107.6,51.7,132.1,153.6,54.3,3.55,14.19,44.75
3/8/2025 12:00,25.8,108.1,54.3,139.7,152.2,57.9,4.91,14.34,41.6
3/8/2025 13:00,24.5,104.3,52.9,140.6,152.3,59.2,4.82,15.05,42.46
3/8/2025 14:00,26.3,102.2,52.5,139,156.1,57.4,4.88,13.52,41.32
3/8/2025 15:00,23.6,97.2,55.2,136.8,154.6,53.5,5.43,10.58,42.15
3/8/2025 16:00,23.8,97.9,55.5,138.2,159.9,56.6,6.31,9.76,43.39
3/8/2025 17:00,16,96.3,59.8,133.3,155.8,49.9,9.14,9.37,45.47
3/8/2025 18:00,22.5,103.9,63.9,140.2,167.2,49.4,11.97,12.75,50.25
3/8/2025 19:00,26.3,109.3,61.9,139.7,175.8,55,12.58,17.01,55.06
3/8/2025 20:00,18,109.4,63.5,133.9,177.6,57.8,9.54,16.96,54.26
3/8/2025 21:00,20.1,103.7,63.3,136.1,173.1,55.7,10.81,17.13,53.67
3/8/2025 22:00,18.2,104.8,58.4,142.6,175.6,80.6,10.91,17.3,53.98
3/8/2025 23:00,20,100.1,65.9,134.8,166.2,56,12.24,18.31,57.46
3/9/2025 0:00,24.1,100.7,60.2,149.8,185.6,56.7,5.2,17.3,53.4
3/9/2025 1:00,21.5,92.7,66.4,145.1,180.4,51.8,0,15.9,55.4
3/9/2025 2:00,21.3,96.9,64.8,145,184,52.9,1.5,22.6,58.3
3/9/2025 3:00,19.6,96.9,71.2,146.2,178.4,58.3,1,22.6,59.3
3/9/2025 4:00,29.7,101.7,70.3,143.5,191.8,51.2,6.2,19,61.2
3/9/2025 5:00,35.6,100.8,72.5,150.8,181.9,60.3,5.6,19,55
3/9/2025 6:00,32.4,106.2,64.7,148,190.2,55.1,7.7,15.6,57.4
3/9/2025 7:00,26.9,93.7,62.3,143.8,170.1,51.1,0,15.4,50.5
3/9/2025 8:00,23.5,93.6,56.2,143.2,172.2,50.4,2.1,9.4,49.3
3/9/2025 9:00,35.2,87.6,57.4,154.3,166.2,53.3,0,15.5,53
3/9/2025 10:00,22.5,92.3,60.1,152.2,163.5,45.1,0,11.1,49.2
3/9/2025 11:00,21.8,89.6,55,130.4,169.6,51.5,2.9,10.3,49.3
3/9/2025 12:00,22,84.6,56.1,141.3,159.5,61.9,0,9.4,44.6
3/9/2025 13:00,18.4,86.9,60.6,140.8,158.6,54.2,0,13.7,38.2
3/9/2025 14:00,18.1,93.2,57.3,136,164.9,55.4,4.4,14.4,36.7
3/9/2025 15:00,19.5,92.3,57.4,137.8,168.5,56.4,3.3,10.7,36
3/9/2025 16:00,20.8,91.5,60.9,139.6,164.7,60,0,14.5,40.8
3/9/2025 17:00,20.4,99,65.3,139.6,174.7,56.2,3.8,11.3,41.9
3/9/2025 18:00,17,107.8,61,140.2,186.1,50.9,6.5,14.4,54.2
3/9/2025 19:00,17.5,101.3,72.4,137.1,176.5,51.1,0,19.5,58.5
3/9/2025 20:00,20.5,108.6,70.9,137.3,181.1,52.5,6.8,16.3,55.9
3/9/2025 21:00,20.1,104.1,65.6,136.5,179.4,53.8,5.8,17.2,62.8
3/9/2025 22:00,19.5,93.2,64.3,143.7,192.1,49.8,2.2,17.5,54.9
3/9/2025 23:00,25.3,92.8,68.9,141.4,179.4,63,0.3,20.8,57.3
3/10/2025 0:00,30.2,100.9,64.4,145.7,193.7,59.4,13,24.4,57.5
3/10/2025 1:00,18.8,85.8,60.6,133.8,175.6,53.6,0.5,27.5,63.5
3/10/2025 2:00,25.9,78.4,59,140.6,175.7,57.5,0,24.1,50
3/10/2025 3:00,20.3,77.8,74.5,136.6,173.3,50.2,0,25.4,58.9
3/10/2025 4:00,31.6,93.2,70,145.2,195.7,62.2,10.7,19.4,51.9
3/10/2025 5:00,22.3,88.3,71.5,178.9,188.5,55.8,5.9,24.2,61.1
3/10/2025 6:00,17.1,102.3,69.3,188,191.5,49.5,9.9,11.7,52.2
3/10/2025 7:00,37.5,93.8,58.7,200,178,44.3,7.6,7.9,39.8
3/10/2025 8:00,22.7,85.6,67.2,201.7,176.2,50.5,3.6,10.1,48.3
3/10/2025 9:00,18.1,90.2,55,191.8,179.7,47.3,12.4,9.3,45.8
3/10/2025 10:00,23.7,77.3,57.7,201.5,172.1,56.8,0.5,14.7,33.8
3/10/2025 11:00,30.2,85.4,64.8,207.9,172.7,63.2,4,16.9,41.4
3/10/2025 12:00,19,92,60.1,195.4,178.4,50.5,9.5,16.6,50
3/10/2025 13:00,21.1,83.9,64.4,191.5,178.4,46.3,5.3,4.9,35.1
3/10/2025 14:00,33.4,85.5,58,202.7,180.3,66.7,10.2,20.1,51
3/10/2025 15:00,23.9,82.4,61.5,191.5,172.9,52.5,4.5,0.8,49.2
3/10/2025 16:00,15.7,92.5,50.1,187.2,179.8,43.8,7,3,46.4
3/10/2025 17:00,14.3,75.2,54.7,191.1,171.8,42.5,0,4.2,35.6
3/10/2025 18:00,18.7,89,60.6,191.6,180.6,51.9,0,23.3,43.7
3/10/2025 19:00,31.1,93.2,58.1,190.3,185,57.7,0,17.3,54.3
3/10/2025 20:00,29.3,86,61.9,148.3,180.7,60.1,0,9.8,62.2
3/10/2025 21:00,21.9,83.4,57,139.1,185.1,57,0,13,47.9
3/10/2025 22:00,14.8,78.2,61.7,125.9,184.4,45.2,0,10.7,49.3
3/10/2025 23:00,22.6,87.8,71.6,132.5,188.7,50.8,0,9.9,56.4
3/11/2025 0:00,33.8,89,63.1,146.1,191.8,65.9,6.6,17.7,62.6
3/11/2025 1:00,24.2,82.8,61.4,135,187.4,52.8,1.1,30.2,48.1
3/11/2025 2:00,33.1,84.4,57.8,143.3,188.5,65.4,1.2,22.9,60.2
3/11/2025 3:00,30.9,81.2,59,141.8,187.1,66.5,0,21.4,66.8
3/11/2025 4:00,13.9,83.3,72.3,124.7,186.3,49.3,0,25.2,66.7
3/11/2025 5:00,27.6,95,81.4,175.3,203.8,60.4,12.6,22.1,66.4
3/11/2025 6:00,28.5,98.7,80.9,195.7,191,59.6,6.7,27.1,70.7
3/11/2025 7:00,93.9,112.6,98.4,232.1,218.1,57.9,8.8,22.7,79.9
3/11/2025 8:00,144.6,172.7,172.4,357.9,246.1,58.6,3.4,22.4,139
3/11/2025 9:00,161,306.2,282.1,475.2,312.2,90.1,16,27.6,224.5
3/11/2025 10:00,164.7,350.3,358.8,560.9,320.1,107.1,3.4,35.4,264.4
3/11/2025 11:00,158.7,359.3,401.2,597.7,323,132.6,7.2,38.7,242
3/11/2025 12:00,165.2,366.3,415.2,596.2,314.3,130,19.2,35,222.4
3/11/2025 13:00,156.9,341,386,571.9,298.4,138.3,10.7,24.4,192.9
3/11/2025 14:00,139.8,316.2,333.9,515.5,278.3,126.4,8.3,14,181.4
3/11/2025 15:00,93.2,280.3,277.5,436.1,265.2,115.2,6.7,21,132.1
3/11/2025 16:00,82.5,250.1,278.3,406.1,245.6,122.6,9.7,17.4,108.6
3/11/2025 17:00,78.1,218,240.2,358.5,231.5,107.6,8.5,14.5,90.6
3/11/2025 18:00,89.4,202.5,170.8,324.4,226.9,107.8,0,17.9,93.4
3/11/2025 19:00,71.5,174.1,120.2,254.4,218.4,90.7,0,15.3,92.8
3/11/2025 20:00,35.7,157.4,83.7,165.2,212.5,70.8,0.1,17.6,93.7
3/11/2025 21:00,35.5,135,72.2,162.1,209.3,66.2,0,6.9,91.8
3/11/2025 22:00,30,119,79.3,159.8,201.2,57.6,0,9.7,83.2
3/11/2025 23:00,19.3,126.9,79.1,151.5,222.9,53.2,12.5,26.7,66.6
3/12/2025 0:00,30.2,127.4,63.4,157.5,222.9,60.2,11.4,21.8,67.8
3/12/2025 1:00,24.3,87.8,61.3,143.2,159.6,53.21,4.08,16.88,52.54
3/12/2025 2:00,24.9,86.3,63.5,143.8,161.2,50.18,4.01,17.34,54.36
3/12/2025 3:00,30.8,85.9,59.9,143.8,167.4,50.72,4.08,17.42,53.73
3/12/2025 4:00,30,80.4,70.5,170.1,162.4,50.41,4.07,17.1,54.63
3/12/2025 5:00,30.1,88.8,78.2,199.5,158.5,53.59,3.91,16.42,61.42
3/12/2025 6:00,86.8,88.7,91.9,235,153.6,49.05,4.19,12.27,64.29
3/12/2025 7:00,104.1,119.5,119.5,302.4,176,58.43,5.24,15.82,84.02
3/12/2025 8:00,120.6,182,182,358.3,207.2,98.89,7.33,17.49,102.13
3/12/2025 9:00,120.6,206.2,189.2,383.9,219,109.02,6.98,21.36,105.44
3/12/2025 10:00,116.6,209.8,220,405.1,208.2,112.63,6.86,16.55,111.27
3/12/2025 11:00,114.7,212.3,200.5,394.6,194.5,107.72,7.21,14.39,103.2
3/12/2025 12:00,111.5,210.6,199.7,374.3,192.7,107.98,7.2,13.96,94.79
3/12/2025 13:00,105.8,214.3,179.6,357.1,189.6,109.62,10.94,14.76,90.27
3/12/2025 14:00,81.8,209.5,166.9,339.9,186.4,95.17,14.53,16.21,80.25
3/12/2025 15:00,65.7,189.9,139.3,311.2,177.4,93.94,8.3,13.66,68.57
3/12/2025 16:00,54.9,159.9,120.5,297.8,170.8,89.54,8.48,12.66,63.16
3/12/2025 17:00,52.1,139.4,106.4,260,164.8,80.43,7.69,13.99,59.1
3/12/2025 18:00,45,123.7,85.8,214.7,162.3,74.03,7.87,17.2,60.78
3/12/2025 19:00,35.2,105.5,71.6,163.9,162.5,71.28,19.78,16.5,53.96
3/12/2025 20:00,25.7,92.3,64.5,158.5,164.4,66.27,26.88,15.85,51.54
3/12/2025 21:00,24.9,89.6,60.8,152.9,162,61.72,5.75,15.88,50.66
3/12/2025 22:00,23.2,85.7,60.2,145.9,161,56.33,0.7,17.13,53.07
3/12/2025 23:00,24.1,107.4,86.5,151.3,185,60.2,0,15.4,75
3/13/2025 0:00,28.9,115.5,78.3,150.4,197.6,62,6.9,16.3,80.3
3/13/2025 1:00,24.4,107.1,86.5,147.2,197.7,56.5,1.7,20.2,72.8
3/13/2025 2:00,13.5,116.8,74,135.3,207.8,48.5,12.1,18.6,63.7
3/13/2025 3:00,20,112.6,70.3,143.2,203.3,52.4,3,23,66.2
3/13/2025 4:00,14.6,108.9,69,135.2,200.7,48.4,0,9.7,76.1
3/13/2025 5:00,32.4,109.5,90.7,191,198.9,69.3,0,10.3,83.2
3/13/2025 6:00,30.5,125.9,89.2,208.2,210.3,61.6,4.9,12.9,89.7
3/13/2025 7:00,95.1,134.7,120.4,261.1,208.3,68.7,3.6,22.1,87.2
3/13/2025 8:00,131.3,185.5,165.1,368.8,250.3,67.1,11.7,27.5,121.8
3/13/2025 9:00,139.9,256,285.2,466.2,289.4,92.9,24.1,26.9,172
3/13/2025 10:00,159.1,289,311.7,518.3,277.2,124.7,21.5,39.6,181
3/13/2025 11:00,171.4,303.4,325.4,511.2,258.6,133.8,17,25.6,180.7
3/13/2025 12:00,134,333.1,279.5,460.8,253.3,122.2,21.3,24.8,175.6
3/13/2025 13:00,133,282.1,252.2,467.5,233,119.8,7.1,12.2,139.7
3/13/2025 14:00,120.7,265.7,231.6,430.1,203.7,103.1,0,23.2,113.5
3/13/2025 15:00,117.2,246.2,203.8,404.5,188.6,116.1,0,12.9,86.4
3/13/2025 16:00,97.2,216.8,195.3,385.2,175.2,110,0,6.7,72.1
3/13/2025 17:00,77.5,196.7,176.9,360.8,186.6,86.2,5.5,9.7,58.4
3/13/2025 18:00,69.9,199.2,150.4,293.7,194.6,87.4,9.2,7.5,76.8
3/13/2025 19:00,57.6,181.8,111.7,221.3,189.7,78.2,2.3,8.8,74.7
3/13/2025 20:00,27.8,162.2,103.7,147.1,183.2,70.3,0,13.2,67.8
3/13/2025 21:00,35.6,142.3,98.2,154.8,187.7,80,1.5,24.8,63.9
3/13/2025 22:00,23.3,138.7,82.4,140.3,204.4,59.7,13.8,22.1,58.8
3/13/2025 23:00,20,128.4,90,136.5,183.6,45.7,4.4,25.5,48.4
3/14/2025 0:00,28.6,133,88.1,164.2,199.9,68.7,13.3,23.6,61
3/14/2025 1:00,19.9,124.2,68,155,204.2,64.9,11.1,22.1,62.7
3/14/2025 2:00,14.5,104.4,81.1,149.5,187.9,57.9,0,17.7,59.5
3/14/2025 3:00,16.2,117,78.6,149.2,199.8,60,8.3,20.2,59.4
3/14/2025 4:00,39.7,117.6,74.7,172.3,199.3,82.9,7.5,27.1,52.9
3/14/2025 5:00,31.6,117.3,80.4,206.8,190.9,75,4.6,18.3,67.9
3/14/2025 6:00,32,117.2,90.9,231.1,186.8,75.2,0,20.8,56.6
3/14/2025 7:00,82.8,139.5,94.8,264.8,193.2,60,8.2,18.4,86.7
3/14/2025 8:00,154,160.7,141.7,376.5,212.1,70.9,3,26.7,116.8
3/14/2025 9:00,170.3,231.4,218.2,471.4,245.4,99.8,13.7,24.7,119.9
3/14/2025 10:00,181.5,264.2,277.5,567.4,239.5,127.3,14.7,29.3,135.2
3/14/2025 11:00,208,295.9,290.9,589.5,251.2,142.3,23.7,31.6,128.6
3/14/2025 12:00,162.5,287.2,247.8,569.2,236.9,119.8,22.4,13.6,120.1
3/14/2025 13:00,162.7,249.3,222.8,538.4,203.9,110.6,4.4,10.7,96.6
3/14/2025 14:00,150.1,213.3,165.2,509.4,196.1,112.7,14.2,9.1,94.1
3/14/2025 15:00,102.2,178.9,142.1,428.2,175.8,109.1,0,17.1,61.3
3/14/2025 16:00,62.8,187.7,121.2,382.5,185.3,97.6,13.7,22.3,60.7
3/14/2025 17:00,79.9,155.7,100.7,371.9,173.3,113.4,13.1,13.4,43.8
3/14/2025 18:00,85.3,143.6,97.7,326,167.7,108.1,2,7.5,58.5
3/14/2025 19:00,40.4,140.3,91.5,220.4,184.5,69,9.2,12.4,64.2
3/14/2025 20:00,35.8,120.4,70.2,168,185.5,77.8,6.8,25.3,60.7
3/14/2025 21:00,34.5,105.4,76.7,164.9,175.5,79,0,16.1,46.3
3/14/2025 22:00,17.2,110.6,65.8,144.5,185.7,59.3,9.1,5.9,61.7
3/14/2025 23:00,11.6,104.4,70.1,132.9,186.2,51.5,4.6,23.1,47.9
3/15/2025 0:00,31.4,98.5,62.4,157.4,181.7,65.9,6.7,14.6,54.1
3/15/2025 1:00,20.6,94.5,57.2,145.6,177.5,56.1,4.2,13.7,53.7
3/15/2025 2:00,17.3,89.4,61,141.9,171.3,53.1,0,18.9,60.6
3/15/2025 3:00,20.4,94.7,58.3,146.9,178.7,57.3,2.1,19.6,59.6
3/15/2025 4:00,29.2,90.3,67.3,152.4,173.2,65.6,0,12.2,60.7
3/15/2025 5:00,20.8,100.8,65.6,144.3,184.2,58.4,8.1,20.5,62.4
3/15/2025 6:00,20.6,100.3,58.3,144.6,182.4,56.8,7.5,15.3,55.3
3/15/2025 7:00,38.8,95.6,51.3,144.3,180.2,58.6,6.2,9.2,43
3/15/2025 8:00,21.6,87.2,47.7,146.1,172.5,51,2.2,13.9,46.3
3/15/2025 9:00,27,83.6,56.6,156.4,162.8,60.7,0,6.7,51.4
3/15/2025 10:00,23.3,98.1,57.1,156.7,158,50.8,7.3,18.3,48
3/15/2025 11:00,25.2,112.1,47.6,133.8,158.1,56,8,16,43.7
3/15/2025 12:00,30.6,104,54.2,144.5,148.1,62.7,0.8,18.4,41.9
3/15/2025 13:00,20.5,104.2,48.6,136.6,152.2,55.2,4.7,15,40.3
3/15/2025 14:00,25.3,97.9,55.1,138,151.8,56.4,0.6,10.5,43.3
3/15/2025 15:00,22,99.8,57.9,135.2,157.2,51.9,8,12.9,39.1
3/15/2025 16:00,27.4,100.6,51.8,141.8,162.6,60.2,9,13.5,47
3/15/2025 17:00,13.5,92.6,59.6,130.8,152.1,47.4,5.4,6.4,44.4
3/15/2025 18:00,19.4,103.7,64.4,137.1,167,46.3,11.7,9.8,46.6
3/15/2025 19:00,25.8,109.8,59.6,139.2,176.3,54.5,13.1,14.5,57.6
3/15/2025 20:00,17.2,107.1,67.2,133.1,175.3,57,7.2,18.1,55.1
3/15/2025 21:00,17.9,107.4,62.5,133.9,176.8,53.5,14.5,13.7,56.7
3/15/2025 22:00,15.7,104,55.5,140.1,174.8,78.1,10.1,13.4,57.5
3/15/2025 23:00,27.9,97.2,47.9,126,153.3,52.42,4.77,15.43,42.27
3/16/2025 0:00,25.7,101.1,49.3,125.3,155.6,51.27,4.18,15.52,43.62
3/16/2025 1:00,24.1,95,48.7,125.4,163.3,50.26,4.13,15.57,43.65
3/16/2025 2:00,23.8,74.5,46.8,124.5,155.4,48.11,4.17,15.07,42.47
3/16/2025 3:00,23.4,74.6,45.2,124.6,162.5,50.71,4.18,14.96,44.65
3/16/2025 4:00,29.8,73.8,44.8,124.7,159.1,51.12,4.17,15.29,44.22
3/16/2025 5:00,29.6,74.7,45,123,157.2,49.96,4.2,14.9,42.91
3/16/2025 6:00,24.4,69.6,43.3,121,157.8,48.66,3.87,12.89,39.46
3/16/2025 7:00,19.1,65.6,38.5,129.9,145.7,46.28,3.26,8.77,29.96
3/16/2025 8:00,21.7,65.1,38.6,130.3,141.7,46.6,11.37,8.44,30.07
3/16/2025 9:00,23.2,64.5,38.6,133.3,141.1,48.32,21.25,8.11,28.89
3/16/2025 10:00,22,65.1,40.1,135.6,139.4,50.78,21.87,8.07,29.92
3/16/2025 11:00,23.4,66,40.5,140.6,139.1,50.43,25.03,7.68,29.29
3/16/2025 12:00,23.1,63.6,40.9,144.7,141.6,48.48,24.94,7.59,30.05
3/16/2025 13:00,20.8,64.8,39.7,145.1,144.7,47.03,25.22,7.49,29.49
3/16/2025 14:00,20.9,63.9,41,143,154.5,47.69,23.57,7.84,28.47
3/16/2025 15:00,20.8,62.7,39.9,141.2,149.2,47.75,24.14,7.7,27.84
3/16/2025 16:00,20.5,63.5,41.5,140.5,152.9,46.72,22.92,8.18,29.34
3/16/2025 17:00,28.5,63.5,45.8,139.7,146.3,45.71,22.33,8.4,30.6
3/16/2025 18:00,21.3,72.4,54.8,141,153.5,50.68,16.69,10.3,36.71
3/16/2025 19:00,28.7,74.1,56.2,144.1,163.1,53.17,5.28,14.66,45.23
3/16/2025 20:00,31.8,73.6,53.8,134.7,166,56.51,4.27,14.79,43.47
3/16/2025 21:00,32.2,72.6,52,132.3,166.7,51.5,1.48,18.08,42.78
3/16/2025 22:00,31,73,49.3,130.9,158.9,51.23,3.97,17.17,44.01
3/16/2025 23:00,22.2,89.8,48.9,130.3,140.1,53.31,4.5,18.39,45.51
3/17/2025 0:00,38.7,97.1,65.2,154.2,187.9,67.9,7.2,32.8,61.7
3/17/2025 1:00,17.7,95.7,65.2,132.7,176.4,52.5,1.3,31,62.7
3/17/2025 2:00,33.1,81.4,53,147.8,180.3,64.7,4.6,27.4,43.3
3/17/2025 3:00,21.3,76.6,70.7,137.6,167.3,51.2,0,27.7,51.7
3/17/2025 4:00,22.6,93.6,79.9,136.2,191.9,53.2,6.9,24.7,55.8
3/17/2025 5:00,32.3,80.7,74.5,188.9,198.4,65.8,15.8,25,56.9
3/17/2025 6:00,23.8,96.8,68.1,194.7,194.5,56.2,12.9,2.5,45.1
3/17/2025 7:00,46.9,90.6,59.1,209.4,176.8,53.7,6.4,7.5,34.2
3/17/2025 8:00,31.2,87.4,59.6,210.2,176.6,59,4,12.5,53.3
3/17/2025 9:00,25.1,84.8,49.5,198.8,172.1,54.3,4.8,9.1,50.5
3/17/2025 10:00,17,71.7,54.5,194.8,166.6,50.1,0,24.4,24
3/17/2025 11:00,29.9,76.8,66.6,207.6,169.5,62.9,0.8,24.8,45.9
3/17/2025 12:00,13.3,94.6,54.7,189.7,180.2,44.8,11.3,24,51.5
3/17/2025 13:00,19.1,78.5,58.8,189.5,173,44.3,0,4.7,38.7
3/17/2025 14:00,24.6,93.6,49.4,193.9,174.7,57.9,4.6,29.8,60.8
3/17/2025 15:00,21.5,89.6,64.1,189.1,164.3,50.1,0,9.1,42.2
3/17/2025 16:00,25.4,83.9,44.7,196.9,182.4,53.5,9.6,0,55.4
3/17/2025 17:00,9.6,70,62.8,186.4,166.4,37.8,0,0,34.1
3/17/2025 18:00,24.4,92.4,67.8,197.3,188.7,57.6,8.1,24.8,50.5
3/17/2025 19:00,30.2,87.5,49.5,189.4,192.2,56.8,7.2,8.4,62.8
3/17/2025 20:00,27.8,78.6,56.7,146.8,172.1,58.6,0,15.8,54.1
3/17/2025 21:00,31,92.1,60.4,148.2,179.9,66.1,0,12.6,57.4
3/17/2025 22:00,24.7,79.6,56,135.8,187.8,55.1,3.4,11.5,42.9
3/17/2025 23:00,23.7,87.3,64.2,133.6,183,51.9,0,9.9,47.4
3/18/2025 0:00,38.2,94.7,71.8,150.5,184.4,70.3,0,15.6,72.2
3/18/2025 1:00,17.3,88.9,62.8,128.1,196.1,45.9,9.8,33.9,51.1
3/18/2025 2:00,29,78.2,57.3,139.2,189.9,61.3,2.6,16.4,62.1
3/18/2025 3:00,40.3,73.1,64.7,151.2,186.6,75.9,0,30.9,76.2
3/18/2025 4:00,15.5,81.9,78.4,126.3,192,50.9,5.7,29.2,69.2
3/18/2025 5:00,28.4,93.5,75.2,176.1,209.9,61.2,18.7,21.3,64.5
3/18/2025 6:00,33.5,98,72.8,200.7,184.8,64.6,0.5,30.9,61.4
3/18/2025 7:00,85,117.2,97,223.2,210,49,0.7,12.9,74.7
3/18/2025 8:00,146.3,176.2,170.9,359.6,244.7,60.3,2,16.6,138.8
3/18/2025 9:00,161.1,315.9,281.4,475.3,310.7,90.2,14.5,29.2,228.3
3/18/2025 10:00,171.8,342.3,363.4,568,319.4,114.2,2.7,31.9,273.5
3/18/2025 11:00,151.8,357.4,404.7,590.8,327.6,125.7,11.8,41,245.1
3/18/2025 12:00,174.4,363.1,424.9,605.4,317.8,139.2,22.7,30.2,219.9
3/18/2025 13:00,148.5,348.2,378,563.5,308.1,129.9,20.4,25.4,196.7
3/18/2025 14:00,133.5,311.2,332,509.2,270.3,120.1,0.3,8.7,187.3
3/18/2025 15:00,95.1,274.1,274.3,438,263.3,117.1,4.8,20.4,135.3
3/18/2025 16:00,86,249.1,285.5,409.6,242.4,126.1,6.5,19.7,114.2
3/18/2025 17:00,72.8,216.4,235.2,353.2,238.7,102.3,15.7,11.8,97.9
3/18/2025 18:00,81.8,198.1,164.6,316.8,221.9,100.2,0,17.9,96.4
3/18/2025 19:00,79.3,169.1,119.2,262.2,212.2,98.5,0,9.5,88.3
3/18/2025 20:00,30.6,165.9,82.1,160.1,211.5,65.7,0,21.6,96.8
3/18/2025 21:00,37.4,133.9,67.8,164,207.7,68.1,0,4.3,89.1
3/18/2025 22:00,32.4,126.2,74.3,162.2,196.8,60,0,16.8,75.6
3/18/2025 23:00,17.7,127.9,87.6,149.9,217.9,51.6,7.5,22.3,58.3
3/19/2025 0:00,31.9,118.4,62.3,159.2,231.4,61.9,19.9,15.4,67.6
3/19/2025 1:00,24.8,97.8,68.5,143.7,158.5,53.7,2.9,9.5,55.9
3/19/2025 2:00,33.6,93,64.5,152.5,168.4,58.9,11.2,18.9,54.6
3/19/2025 3:00,24.9,95.3,50.9,137.9,168.4,44.8,5.1,12,44.2
3/19/2025 4:00,34.3,88.9,80.5,174.4,153.4,54.7,0,9.1,56.1
3/19/2025 5:00,24.9,95.8,84.9,194.3,168.5,48.4,13.9,11.8,62.9
3/19/2025 6:00,84.7,82,101.3,232.9,160.3,47,10.9,7,59.8
3/19/2025 7:00,107.5,119.2,128,305.8,185.4,61.9,14.6,14.5,88.9
3/19/2025 8:00,116.6,176.3,189,354.3,215.7,94.9,15.9,15.1,108
3/19/2025 9:00,116.9,204.2,182.5,380.2,226,105.3,14,14.3,99.1
3/19/2025 10:00,121.6,201,219.7,410.1,201.5,117.7,0.2,25.7,111
3/19/2025 11:00,106.2,209.9,194.8,386.1,194.2,99.2,6.9,7.4,106.1
3/19/2025 12:00,110.7,220.3,197.7,373.5,187,107.1,1.5,20.1,93.5
3/19/2025 13:00,115.8,209.6,170.8,367.1,187.6,119.6,9,8.3,91.7
3/19/2025 14:00,91.7,215.2,164.5,349.8,177.6,105.1,5.7,16.2,72.2
3/19/2025 15:00,57.2,189,149,302.7,175,85.4,5.9,23.6,59.8
3/19/2025 16:00,49.2,158.4,115.8,292.1,180.5,83.8,18.2,19.6,71.3
3/19/2025 17:00,47.4,148.5,112.1,255.3,160.1,75.7,3,14.3,65
3/19/2025 18:00,53.7,133.6,84.9,223.4,168,82.7,13.6,21.6,54.5
3/19/2025 19:00,42.8,106.6,70.1,171.5,161.6,78.9,18.9,22.2,60.2
3/19/2025 20:00,33.3,96.7,73.6,166.1,162.9,73.9,25.3,11.9,41.9
3/19/2025 21:00,22.3,82.7,70.7,150.3,171.1,59.1,14.9,17.1,51.8
3/19/2025 22:00,16.4,81.6,61.3,139.1,170.9,49.5,10.6,18.5,53.8
3/19/2025 23:00,30.8,116.8,90.9,158,186.1,66.9,1.1,13.4,81.2
3/20/2025 0:00,33,117.1,71.4,154.5,202,66.1,11.3,20.1,80.1
3/20/2025 1:00,26.6,107.9,82.4,149.4,190.8,58.7,0,11.4,73.2
3/20/2025 2:00,23.2,121.8,83.4,145,203.7,58.2,8,24.9,65.4
3/20/2025 3:00,23.1,103.7,71.9,146.3,212.7,55.5,12.4,22.5,70.5
3/20/2025 4:00,4.8,110.6,69.8,125.4,202.3,38.6,1.6,12.3,81.9
3/20/2025 5:00,38.7,109.6,95.7,197.3,199.7,75.6,0.8,9.3,75.7
3/20/2025 6:00,26.5,133,80.3,204.2,215.3,57.6,9.9,9.6,94.8
3/20/2025 7:00,98.4,127.8,122.1,264.4,199.4,72,0,19.3,96.5
3/20/2025 8:00,140.1,194.7,165.2,377.6,252,75.9,13.4,28.7,129.8
3/20/2025 9:00,132.6,247.6,292.3,458.9,289.5,85.6,24.2,35.5,165.6
3/20/2025 10:00,151.4,282.7,304.8,510.6,284.3,117,28.6,34.8,183
3/20/2025 11:00,163.5,305.3,334.6,503.3,251.7,125.9,10.1,16,174.3
3/20/2025 12:00,135.1,336.6,271.1,461.9,262.5,123.3,30.5,17.2,176.7
3/20/2025 13:00,128.4,276.8,245.9,462.9,224.6,115.2,0,19.5,145.7
3/20/2025 14:00,122.8,258.1,233.5,432.2,197.4,105.2,0,32.5,106
3/20/2025 15:00,121.6,254,207.3,408.9,190.5,120.5,1.9,6.9,79
3/20/2025 16:00,91.3,211.7,190,379.3,178.7,104.1,3.5,8.2,66.2
3/20/2025 17:00,80.2,198.6,169.3,363.5,181.3,88.9,0.2,12.7,51.6
3/20/2025 18:00,65.2,201.6,158.2,289,187,82.7,1.6,1,78
3/20/2025 19:00,57.4,180.2,106.6,221.1,197.5,78,10.1,14.4,81.7
3/20/2025 20:00,35.9,163.9,105.6,155.2,178.1,78.4,0,10.3,58.5
3/20/2025 21:00,42.5,142.8,100.6,161.7,189.6,86.9,3.4,28.3,73.5
3/20/2025 22:00,15.1,147.4,80.8,132.1,206.8,51.5,16.2,21.8,58.9
3/20/2025 23:00,28.1,111.5,91.7,146.8,182,44.2,2.8,30.2,45.7
3/21/2025 0:00,32.2,103.6,88.6,143.9,201.6,64.2,15,31.4,61.9
3/21/2025 1:00,32.1,99.9,76.7,143.4,204.7,55,11.6,19.7,61.2
3/21/2025 2:00,32.2,98.9,75.2,143.7,196.6,63.3,8.7,13.4,68.4
3/21/2025 3:00,25.5,101.1,82.9,143.6,193.9,62.7,2.4,22.8,49.4
3/21/2025 4:00,25.3,101.8,69.5,144,203.6,78.1,11.8,20,48.9
3/21/2025 5:00,26,101.4,78.3,181.2,185.7,79.8,0,11.7,76.8
3/21/2025 6:00,24.3,107.6,94.3,189,184.7,76.2,0,27,57
3/21/2025 7:00,89,114.7,90.8,211.7,196.6,58.6,11.6,15.1,92.4
3/21/2025 8:00,126.8,156.7,138,284,208.1,61.1,0,29.3,120
3/21/2025 9:00,138.2,226.4,223.2,360.3,241.7,91.3,10,26.1,118.8
3/21/2025 10:00,141,264.1,269,396.5,244.5,135,19.7,36.3,136.7
3/21/2025 11:00,145.4,257.6,290.1,395.2,242.7,150.4,15.2,23,132.5
3/21/2025 12:00,133.7,267.6,257.8,392.5,236.1,120.7,21.6,6.8,120.6
3/21/2025 13:00,123.6,242.8,232.7,380.9,213.9,117.3,14.4,5.3,106.3
3/21/2025 14:00,115,212.2,156.7,353.3,206,114.4,24.1,5.4,91.1
3/21/2025 15:00,86.5,188.2,136.4,299.8,167.3,102.1,0,12.9,62.1
3/21/2025 16:00,74.5,178.9,116.5,284.6,179.6,90.1,8,17.6,54.9
3/21/2025 17:00,67.6,143.2,109.4,262.9,168.6,109.6,8.4,16.3,35.8
3/21/2025 18:00,64.3,132.3,105.3,241.9,176.4,116.1,10.7,2.9,64.9
3/21/2025 19:00,69,134.5,99.1,205.4,192.1,74.9,16.8,11.3,58.9
3/21/2025 20:00,47.9,117.1,67.6,174.4,193.1,85,14.4,32.6,54.5
3/21/2025 21:00,27.2,112.6,69.9,162.3,172.9,87,0,13.4,42.3
3/21/2025 22:00,25.6,103.5,72.5,154.6,178.9,53.5,2.3,7.6,68.4
3/21/2025 23:00,27.8,102.2,74.2,149,192.9,46.5,11.3,32.4,57
3/22/2025 0:00,30.6,95.5,63.5,156.6,183.7,61.9,8.7,13.7,55.1
3/22/2025 1:00,18.4,96.7,62.1,143.4,178.6,58.9,5.3,10.5,50.9
3/22/2025 2:00,12.3,86.8,74,136.9,176.2,56.9,4.9,14.1,59.2
3/22/2025 3:00,23.1,93.7,73.3,149.6,180.2,56.4,3.6,21.9,55.9
3/22/2025 4:00,30.6,92,68.8,153.8,168.3,66.8,0,13.8,61.9
3/22/2025 5:00,18.4,98.8,60.7,141.9,187.4,54.9,11.3,24.9,58.1
3/22/2025 6:00,23,98.5,61.5,147,180.4,61.1,5.5,17.3,52.8
3/22/2025 7:00,39.3,98.1,49.3,144.8,181.8,62.2,7.8,5,41.8
3/22/2025 8:00,20.9,82.9,49.3,145.4,176.9,55.8,6.6,10.6,50.3
3/22/2025 9:00,22.1,83.2,61,151.5,159.1,63.8,0,2.7,50.4
3/22/2025 10:00,19.1,103.1,53.4,152.5,154.2,54.6,3.5,13.9,43.8
3/22/2025 11:00,29,117.1,43.8,137.6,154.2,51.2,4.1,19.8,41.2
3/22/2025 12:00,34.6,99.7,50.3,148.5,148.6,65.1,1.3,18.9,41.2
3/22/2025 13:00,21,101.3,49.1,137.1,149.9,53.5,2.4,10.3,42.2
3/22/2025 14:00,28.6,95.6,52.8,141.3,152.8,60.7,1.6,9.5,43.7
3/22/2025 15:00,22.8,104.1,58.9,136,159.4,54.9,10.2,15.5,34.8
3/22/2025 16:00,23.9,104.4,54,138.3,159.6,63.8,6,9.3,49.3
3/22/2025 17:00,9.8,96.4,56.6,127.1,153.4,50.5,6.7,4,49.4
3/22/2025 18:00,17.5,102.4,65.7,135.2,164.6,44,9.3,6.4,48.6
3/22/2025 19:00,29.8,106.4,57.2,143.2,176.2,57.4,13,16,54.5
3/22/2025 20:00,20.2,110.4,67.1,136.1,179.4,53.1,11.3,22,53.8
3/22/2025 21:00,21.5,109.4,66.6,137.5,180.3,57.2,18,11.8,58.3
3/22/2025 22:00,19.7,105.1,59,144.1,170.7,81.7,6,10.9,60.7
3/22/2025 23:00,25,102.1,43.8,123.1,152.5,49.6,4,13.3,43.3
3/23/2025 0:00,23.2,102.6,48.5,122.8,153.4,54.4,1.9,16.8,42.8
3/23/2025 1:00,20.1,90.1,46.5,121.4,158.3,49.9,0,11.9,40.2
3/23/2025 2:00,26.6,77.7,41.8,127.3,158.1,46.2,6.9,18.5,47.4
3/23/2025 3:00,27.2,72.6,47.9,128.4,163.9,53.7,5.6,10.2,44
3/23/2025 4:00,28.9,75.4,46.2,123.8,156.7,48.4,1.8,16.9,39.5
3/23/2025 5:00,30.8,79.1,42.6,124.2,159.6,45.2,6.6,18.5,43.9
3/23/2025 6:00,20.9,65.9,45.7,117.5,158.3,45.6,4.4,11.1,35.2
3/23/2025 7:00,23.4,61.8,39,134.2,145,44.6,2.5,8.5,26.2
3/23/2025 8:00,25.3,61.2,37.9,133.9,136.8,50.2,6.5,13.2,26.2
3/23/2025 9:00,28,65,33.7,138.1,136.9,53,17,8.5,29.4
3/23/2025 10:00,25.1,62.8,35.9,138.7,143.2,48.6,25.7,5.8,25.6
3/23/2025 11:00,27.2,67,44.3,144.4,143.1,51.8,29.1,7.1,30.7
3/23/2025 12:00,18.3,65.8,44.9,139.9,142.1,47.5,25.4,12.3,28.7
3/23/2025 13:00,23.2,61.8,40.2,147.5,148,51.8,28.6,9.5,27.8
3/23/2025 14:00,19.2,65.2,44.3,141.3,155.3,48.1,24.4,4.6,26.2
3/23/2025 15:00,25.1,60.3,40.7,145.5,145.7,52.1,20.6,8.7,31.5
3/23/2025 16:00,23.5,63.4,38,143.5,149.2,42.9,19.2,9.5,26.6
3/23/2025 17:00,32.1,67.6,42.1,143.3,144.4,50.4,20.4,9.8,25.7
3/23/2025 18:00,24.4,75.9,52.9,144.1,157.5,47.5,20.7,10.9,35.5
3/23/2025 19:00,26.4,70,60.2,141.8,166.1,57.8,8.2,14.9,49.9
3/23/2025 20:00,34.7,72.8,56.8,137.6,169.6,54.2,7.9,16.2,42.3
3/23/2025 21:00,28.3,70.4,55.6,128.4,170.7,47.6,5.5,16.2,38.8
3/23/2025 22:00,34.7,68,53.3,134.6,156,50.6,1.1,15.6,48.3
3/23/2025 23:00,25.8,92.5,46,133.9,137.6,55.6,2,18.8,42.3
3/24/2025 0:00,33.1,99.8,60.2,148.6,180,64.2,0,38.9,66.3
3/24/2025 1:00,24,90.9,57.3,139,182,54.6,6.9,29.8,58.8
3/24/2025 2:00,32.3,86.2,58.6,147,188,64.9,12.3,24.7,49.7
3/24/2025 3:00,17.4,77.6,78.4,133.7,165.4,48.9,0,22.9,51.5
3/24/2025 4:00,28.5,92.2,78,142.1,194.3,54.7,9.3,20.8,56.4
3/24/2025 5:00,26.9,70.9,76.9,183.5,191.5,60.9,8.9,15,60.9
3/24/2025 6:00,14.3,88.3,61.2,185.2,203.1,60.4,21.5,8.8,52.4
3/24/2025 7:00,40.8,98.3,67.7,203.3,184.1,43.7,13.7,14.5,35.2
3/24/2025 8:00,27.8,95.5,66.9,206.8,186.1,67.5,13.5,9.4,55.4
3/24/2025 9:00,32.4,85.7,59,206.1,178.3,55.1,11,8.5,58.4
3/24/2025 10:00,26.3,78.4,60.7,204.1,174.2,54.5,7.6,14.6,17.4
3/24/2025 11:00,25.5,78.5,74.2,203.2,160,67.7,0,33.2,54.8
3/24/2025 12:00,16.1,87.6,45.2,192.5,184.9,48.2,16,32.9,49.3
3/24/2025 13:00,17.1,71,63.5,187.5,169.6,41.6,0,4.2,35.6
3/24/2025 14:00,34.2,89.8,46,203.5,183.3,49.3,13.2,20,65.6
3/24/2025 15:00,22.2,97.6,72.7,189.8,170.3,53.4,6,7.7,51.6
3/24/2025 16:00,34.2,89.8,50.7,205.7,189.7,50.1,16.9,0,56
3/24/2025 17:00,1.9,77.2,70.1,178.7,172.6,34.1,6.2,0,36
3/24/2025 18:00,33.8,100.4,74,206.7,184,64.6,3.4,14.9,57.5
3/24/2025 19:00,23.8,81.7,44.8,183,197.9,61.2,12.9,5.9,62.3
3/24/2025 20:00,37.1,73.6,62.4,156.1,164.3,54.6,0,14,46.7
3/24/2025 21:00,26.3,84.2,52.6,143.5,187.3,62.3,7.4,13.8,47.6
3/24/2025 22:00,16.9,85.2,63.4,128,195,53.3,10.6,9.4,43.2
3/24/2025 23:00,22.4,95,71.4,132.3,177.4,49.9,0,3.2,40.5
3/25/2025 0:00,42.8,92.8,66.2,155.1,190.7,66.2,6.3,20.3,64.7
3/25/2025 1:00,13.6,91.3,69.1,124.4,195.3,38.4,9,31.7,48.7
3/25/2025 2:00,31.1,71.3,56.5,141.3,186,59.7,0,14,66.8
3/25/2025 3:00,40.5,81.7,60.8,151.4,192.5,84.7,5.9,26.2,67.3
3/25/2025 4:00,13.2,89.2,84.3,124,186.6,54.4,0.3,27.6,73.7
3/25/2025 5:00,33.1,89.2,54.4,171.3,168.5,55.96,3.93,14.8,52.69
3/25/2025 6:00,45.4,86.7,50.4,174.8,161.4,53.1,3.14,10.58,41.45
3/25/2025 7:00,29.2,84.2,47.5,185.5,154.6,54.24,3.03,8.96,38.06
3/25/2025 8:00,34.1,85.7,47.7,183.3,156.9,55.01,3.04,9.59,38.32
3/25/2025 9:00,32.9,84.1,48.2,184.5,156,56.86,3.01,8.75,37.14
3/25/2025 10:00,29.2,83.2,48.3,186.4,152.2,58.79,2.98,8.73,37.17
3/25/2025 11:00,24.3,84.4,51.4,188,159.9,56.37,3.05,8.95,39.48
3/25/2025 12:00,32,84.4,50.6,188.5,160.7,57.82,3.04,8.97,38.73
3/25/2025 13:00,34.8,84.8,50.9,188.1,157.7,54.11,2.99,8.78,39.34
3/25/2025 14:00,31.6,82.7,51.4,188,151.9,51.89,3.02,8.83,38.29
3/25/2025 15:00,23.8,84.2,52.1,187.6,149,52.12,3.05,8.89,36.77
3/25/2025 16:00,28.2,83.2,52.3,187,142.4,54.27,3.04,8.81,37.72
3/25/2025 17:00,26.6,85.5,52.1,183.6,141.9,50.33,3.01,9.19,38.53
3/25/2025 18:00,30.1,95.1,59.1,184.8,160.5,53.13,3.75,13.78,49.28
3/25/2025 19:00,28.9,98.6,59.4,150.5,157.6,54.81,3.94,14.88,53.05
3/25/2025 20:00,27.1,98.2,57.5,141.9,164,55.62,3.88,15.01,52.6
3/25/2025 21:00,26.7,99.2,54.6,139.6,162.1,55.92,3.91,15.03,51.35
3/25/2025 22:00,23.6,94.7,55,141.2,156.5,54.09,3.88,15.07,46.92
3/25/2025 23:00,26.1,98.5,57.7,138.6,164.7,54.87,3.92,14.97,50.96
3/26/2025 0:00,26.7,98.4,59.3,138.4,162.5,52.62,3.94,15.28,50.98
3/26/2025 1:00,26.4,97.8,58.3,138.2,164.5,54.2,3.93,15.11,52.02
3/26/2025 2:00,25.9,89,54.9,138.1,168,55.93,3.88,14.9,50.91
3/26/2025 3:00,25.1,88.4,54.3,137.7,159.5,57.17,3.91,14.97,53.03
3/26/2025 4:00,26.2,89.5,53.6,138.6,166.6,55.38,3.91,14.84,51.99
3/26/2025 5:00,25.8,89.1,66.9,170.1,162.5,55.32,3.91,14.9,53.69
3/26/2025 6:00,26.8,91.1,67.4,170.8,157.6,54,3.74,12.98,55.77
3/26/2025 7:00,81.9,103.4,79.4,220.4,159.7,54.16,5.45,11.64,55.7
3/26/2025 8:00,123.3,142.6,121.2,313.4,192.8,67.49,7.41,17.24,95.72
3/26/2025 9:00,153.5,231.8,193,377.8,197.9,94.96,7.59,28.36,130.4
3/26/2025 10:00,132.1,267.1,225.5,415.2,224,109.86,8.74,32.89,157.8
3/26/2025 11:00,135.4,269.2,229.6,429,213.4,113.91,8.57,31.08,162.18
3/26/2025 12:00,123,263.9,207.5,422.2,213.2,111.01,7.38,23.57,162.36
3/26/2025 13:00,117.1,259.2,196.7,394.9,196.8,109.51,7.42,23.41,132.73
3/26/2025 14:00,114.2,250.9,202.4,384.3,202,107.19,5.93,19.47,106.71
3/26/2025 15:00,82,234.8,192.4,343.4,191.8,106.78,3.54,16.73,88.22
3/26/2025 16:00,66.4,187.1,167.9,314.1,183.1,95.27,3.34,15.34,74.75
3/26/2025 17:00,64.9,175.3,131.6,291.5,169.9,85.16,3.13,13.38,67.76
3/26/2025 18:00,59.8,150.9,127.8,262.3,174.3,83.61,3.45,16.38,68.75
3/26/2025 19:00,54.8,131.8,107.5,205,171.8,78.56,4.15,18.52,67.51
3/26/2025 20:00,33.6,120.9,78.3,166.7,161.2,76.13,5.01,18.03,58.82
3/26/2025 21:00,29.2,112.7,68.2,159.5,159.7,71.67,3.94,16.72,51.76
3/26/2025 22:00,28.7,103,65.3,155.3,155.3,63.82,3.89,16.7,50.06
3/26/2025 23:00,27.9,96.7,64.6,151,146,69.43,3.85,16.66,48.14
3/27/2025 0:00,27.2,95.2,62.2,156,192.5,74.2,3.95,16.7,49.09
3/27/2025 1:00,27.3,92.5,59,144.5,184.7,61,3.93,16.62,49.06
3/27/2025 2:00,27.9,85.2,57.9,147.3,156.7,56.67,3.92,16.54,48.19
3/27/2025 3:00,27.6,87.2,57.6,144.7,163.3,56.1,3.96,16.58,50.78
3/27/2025 4:00,27.7,87.6,58.9,162,156.1,57.45,3.96,16.77,50.49
3/27/2025 5:00,27.6,86.9,72,174.5,161.1,54.62,3.91,16.33,50.97
3/27/2025 6:00,27.6,87,71.6,183.8,149.8,54.42,3.52,13.29,52.61
3/27/2025 7:00,78.7,97,77.6,216.7,166.5,55.16,6.28,9.7,55.75
3/27/2025 8:00,99.1,122.6,105.6,282.9,183.8,73.99,6.14,12.06,78.18
3/27/2025 9:00,103.5,188.2,159.9,335.1,186.8,97.19,17.96,19.7,98.29
3/27/2025 10:00,105,215.4,177.1,364.7,191,105.29,22.24,22.12,108.5
3/27/2025 11:00,119,231.2,218.3,375.9,199.5,114.45,22.78,20.82,104.1
3/27/2025 12:00,124.7,241.8,208.6,357.6,206.3,108.87,22.46,18.73,95.96
3/27/2025 13:00,110.8,222.5,205.5,352.7,202.4,102.68,22.68,16.17,89.27
3/27/2025 14:00,107.8,213.7,183.3,333.2,191.4,100.15,22.77,12.74,84.04
3/27/2025 15:00,101.7,195.9,167.6,316.5,188.3,99.29,17.16,11.28,71.26
3/27/2025 16:00,89.5,189.8,159.9,300.8,180.9,95.83,13.96,11.34,72.82
3/27/2025 17:00,85.8,170.7,147.3,277.9,166.8,86.21,15.36,11.36,64.61
3/27/2025 18:00,75.3,155.5,127.6,240.7,175.5,81.13,14.6,13.26,63.7
3/27/2025 19:00,53,152.3,99.4,179.5,183.5,76.95,13.85,17.81,63.56
3/27/2025 20:00,34,135.8,86.4,158.6,170.6,67.01,4.81,17.75,61.05
3/27/2025 21:00,24.3,109,71.5,151.9,173.5,61.97,3.46,17.38,55.29
3/27/2025 22:00,24.3,100.1,62.4,154.2,174.5,58.51,3.5,17.08,53.26
3/27/2025 23:00,24,92.6,61.1,151,178.6,40.2,3.46,16.94,52.2
3/28/2025 0:00,33.7,113.1,83.2,133.9,208.9,65.2,5.5,26.2,71.4
3/28/2025 1:00,27.2,106.1,67.2,151.9,214,45,5.5,25,65.4
3/28/2025 2:00,36.4,106.5,69.1,144.5,192.2,59,5.3,21.6,63.4
3/28/2025 3:00,15.5,91.6,79.5,148,196.7,61.3,9.7,29,51.6
3/28/2025 4:00,33.8,106.5,76.8,148.8,201.6,79.7,21.1,23.7,53
3/28/2025 5:00,26.8,98,87.6,184.6,195.3,82.9,0,7.4,70.5
3/28/2025 6:00,28.7,116.2,89.9,186.3,185.4,75.5,2.8,31.9,66.7
3/28/2025 7:00,93.8,120.7,93.6,203.1,205.4,57.4,9.6,21.3,98.4
3/28/2025 8:00,130.2,164,136,287.3,200.4,55.4,9.6,27.6,120
3/28/2025 9:00,135.5,232.6,232.8,356.9,251.1,90.8,10.7,33.2,114.3
3/28/2025 10:00,132.4,259.4,269.7,392.8,238.1,143,28.5,29.9,135.3
3/28/2025 11:00,148.7,263.3,298.9,402.2,252,156.3,7.5,18.8,141.3
3/28/2025 12:00,130.3,259.8,250.1,396.9,231.4,114.1,31,9.5,128.2
3/28/2025 13:00,119.9,250.2,242.1,376.9,206.1,109,8,7.7,112.6
3/28/2025 14:00,122,219.4,150.3,349.5,204.7,114.7,33.4,0.8,87.2
3/28/2025 15:00,90.9,182.6,145.7,298,171.9,104.8,0,15.4,69.3
3/28/2025 16:00,70.5,185.2,111.8,282.6,175.9,86.8,0.2,11.4,63.8
3/28/2025 17:00,63.8,142.4,101.6,258.8,170.7,116,7.1,6.7,33.9
3/28/2025 18:00,62.5,128.4,104,234.4,176.6,121.1,15.3,0,61.2
3/28/2025 19:00,67,140.4,103.7,203.8,189.8,78.4,13.1,12,50.7
3/28/2025 20:00,43.8,111.7,63.9,183.2,194.6,79.5,16.5,26.3,46.1
3/28/2025 21:00,19.7,103.1,72,165.8,168,81,0.2,5.4,46.9
3/28/2025 22:00,24,97.4,72.7,162.7,183.1,44,0,3,77.3
3/28/2025 23:00,36.6,98.8,71.9,151.3,182.9,41.4,12.8,36.7,50.3
3/29/2025 0:00,32.4,99.1,64.3,154.6,188,61.7,6.2,16,50.7
3/29/2025 1:00,22.4,101.4,59.6,137.6,164.8,55.53,3.38,17.92,51.74
3/29/2025 2:00,22.8,84.6,51,137.3,165,54.47,3.37,17.68,54.27
3/29/2025 3:00,23.4,95.1,48.6,136.6,159.7,59.17,3.38,17.69,56.3
3/29/2025 4:00,22.7,91,48.8,136.2,162.7,59.96,3.44,18.49,55.4
3/29/2025 5:00,21.7,103.6,48.4,135.8,162.6,52.66,3.39,16.18,51.05
3/29/2025 6:00,34.6,98.9,46.8,138.4,150.8,55.52,2.63,10.22,38.27
3/29/2025 7:00,20.5,102.5,47.5,145.7,155.3,58.86,2.9,10.15,36.24
3/29/2025 8:00,24.6,79.1,50.4,150.3,153.7,62.18,4.59,11.31,35.99
3/29/2025 9:00,34.6,87.9,53.6,153.9,151.2,59.83,4.46,10.86,38.97
3/29/2025 10:00,37.9,99.9,52.3,157.6,157.5,63.52,4.4,10.71,42.88
3/29/2025 11:00,37.3,121.7,52.4,159.5,154.8,63.93,5.59,9.81,46.58
3/29/2025 12:00,37.7,97.4,56.1,159.1,150.5,60.56,7.73,9.8,47.09
3/29/2025 13:00,32.4,97.4,54,164.2,162.6,59.19,5.81,10.74,46.58
3/29/2025 14:00,30.9,94.9,58.3,160.7,160.3,68.41,4.49,11.93,45.44
3/29/2025 15:00,34.2,106.4,55.2,160.1,154.9,62.28,6.34,12.38,46.33
3/29/2025 16:00,32.1,102.5,58.1,159.8,156.8,59.37,10.2,12.06,47.5
3/29/2025 17:00,26.9,97.5,60.3,157.5,154.1,58.25,16.05,12.56,45.23
3/29/2025 18:00,28.2,102.5,70.1,161.5,165.2,63.17,17.86,16.94,52.91
3/29/2025 19:00,25.7,105.3,64.6,150.4,164.4,60.86,12.96,17.07,50.6
3/29/2025 20:00,24.1,111.2,62.7,145.4,163.9,57.95,9.41,16.92,49.73
3/29/2025 21:00,24,106.9,55.8,141,166,54.24,12.73,17.17,49.43
3/29/2025 22:00,21.4,107.2,58.1,136.7,152.7,57.81,11.16,17.02,52.38
3/29/2025 23:00,24.6,97.1,55.3,139.5,165.4,58.64,10.35,17.15,49.38
3/30/2025 0:00,24.5,106.9,55.9,138.1,164.2,56.65,4.76,19.38,49.32
3/30/2025 1:00,23.8,90.5,54.5,138.3,159.7,54.66,3.85,22.6,49.53
3/30/2025 2:00,24.5,93.7,53.7,137.6,165.4,56.89,3.75,21.96,49.35
3/30/2025 3:00,28.4,74.8,50,128.9,164.3,57.2,7.7,7.5,46.4
3/30/2025 4:00,24.5,90.8,52.2,137.8,162.6,57.32,3.8,19.65,51.4
3/30/2025 5:00,31.5,88,51.5,137.6,161.2,55.02,3.79,18.65,50.03
3/30/2025 6:00,31.3,88.5,51.8,137.9,165.4,53.86,3.75,16.97,49.59
3/30/2025 7:00,25.1,83.1,49.4,132.6,154.9,55.62,4.2,12.56,41.64
3/30/2025 8:00,27.7,82.5,47.7,147.2,155.5,59.14,4.58,8.97,36.09
3/30/2025 9:00,29.8,79.6,47.4,149.1,145.9,52.22,5.49,8.67,35.81
3/30/2025 10:00,29.4,77.9,47.8,145.9,142.8,52.26,6.08,10.79,37.25
3/30/2025 11:00,28.5,84,51.4,148.7,136.3,52.33,5.87,10.3,40.47
3/30/2025 12:00,29,86.9,51.5,150.3,138.8,56.69,4.59,10.3,43.66
3/30/2025 13:00,23.8,84.7,48.8,151.7,139.7,56.64,7.89,10.38,45.06
3/30/2025 14:00,26.4,85.1,48.8,150.3,143.5,59.79,8.12,10.62,40.62
3/30/2025 15:00,26,84.6,49.6,152.2,136.9,56.86,8.04,10.15,40.31
3/30/2025 16:00,23.1,86,49.2,148.8,140.9,54.48,5.66,10.18,38.86
3/30/2025 17:00,18.5,87.8,51.3,148.4,144.5,57.06,2.95,9.93,39.76
3/30/2025 18:00,19.1,91,57.9,147,144.6,55.31,3,10.13,39.98
3/30/2025 19:00,20.5,99.8,65.1,148.6,152.2,52.47,3.24,11.96,42.26
3/30/2025 20:00,24.4,105.5,63,155.1,159.4,54.49,3.85,16.8,50.5
3/30/2025 21:00,24.9,98.1,56.5,142.9,156.9,55.81,3.91,17.18,51.09
3/30/2025 22:00,24.9,94.5,52.1,140.4,159.2,55.51,3.88,16.95,50.82
3/30/2025 23:00,24.2,89.4,51.5,136.8,156.1,55.5,3.84,17.34,50.71
3/31/2025 0:00,24.3,104.6,48.3,142.3,159.8,54.59,3.91,18.18,45.46
3/31/2025 1:00,20,94.3,47.3,129,186.4,46.1,0,22.8,59.9
3/31/2025 2:00,33.3,83.5,67.1,142.7,192.8,63.2,20.8,24.6,49.6
3/31/2025 3:00,7.4,69,79.2,132.3,168.8,51.5,0.8,19.7,59
3/31/2025 4:00,24.2,95.5,82.4,143.7,191.6,48.6,13.7,17,65.6
3/31/2025 5:00,25.5,67.5,81.7,186.6,182.9,64.8,13.7,21,59.4
3/31/2025 6:00,15.9,84.6,64.6,184.5,206.4,60.3,24.9,18.8,52.6
3/31/2025 7:00,43.9,105.3,65,202.1,180.7,38.6,11,13.8,39.8
3/31/2025 8:00,27.1,99.9,58.3,201.1,182.4,70.6,4.9,15.2,55
3/31/2025 9:00,31.2,81.7,62.3,205.6,185.3,45.2,14.3,5.1,58.7
3/31/2025 10:00,20.6,74.6,57.3,212.1,178.6,59.5,4.2,21.5,27.4
3/31/2025 11:00,149.9,262.5,213.8,418.9,226,104.79,7.97,22.31,127.27
3/31/2025 12:00,127.8,238.5,199.5,407,234.9,104.22,7.45,19.82,118.17
3/31/2025 13:00,117.3,220.9,177.5,382.5,224.3,98.63,6.87,15.77,112.04
3/31/2025 14:00,109.8,204.5,159.9,360.9,207,91.54,3.66,11.2,94.64
3/31/2025 15:00,100.2,198.5,148.6,352,192.5,92.17,3.4,12.71,83.54
3/31/2025 16:00,83.9,172.1,132.3,317.3,171.5,82.85,3.41,14.16,82.42
3/31/2025 17:00,70.7,170,116.3,275.7,171,82.25,3.4,14.42,78.22
3/31/2025 18:00,47.8,152.3,97.8,220.1,168.3,74.29,3.48,14.18,73.84
3/31/2025 19:00,32.6,132.8,87.3,202.6,162.6,66.42,4.29,18.99,69.68
3/31/2025 20:00,27.8,123.7,82.8,158.9,159.5,65.77,4.28,17.51,61.97
3/31/2025 21:00,27.6,114.6,72.2,154.4,161.5,58.6,4.32,17.07,60.65
3/31/2025 22:00,27.9,105.6,66.7,151.7,159.7,56.75,4.36,17.23,59.64
3/31/2025 23:00,26,95.6,67.8,157.3,161.2,56.02,4.47,17.1,57.2
4/1/2025 0:00,42.3,91,62.5,161,186.7,71.6,2.6,29.3,72.5
4/1/2025 1:00,21.6,89.3,76.1,117.8,191.5,30.5,16,22.8,52.7
4/1/2025 2:00,37,67.2,60.9,133,184.2,58.2,4.4,19.5,64.9
4/1/2025 3:00,33.9,74.2,56.8,151.7,190.5,78.2,1.9,17.6,69.6
4/1/2025 4:00,4.9,87.6,80.5,126.7,182.5,63.6,0,27,81.9
4/1/2025 5:00,33.4,98,52.6,168,161,56.3,2.1,8.6,57.6
4/1/2025 6:00,48.1,90.2,48.4,181.2,159.8,44.1,1.2,17.4,45.7
4/1/2025 7:00,25.9,92.3,43.4,190.5,163.4,49.2,0,15.3,42.1
4/1/2025 8:00,40.5,88,40.2,186.8,160.4,62,0,16.2,43.3
4/1/2025 9:00,37.9,80.1,46.6,179,164.1,56,1.4,1.2,32
4/1/2025 10:00,32.7,84.2,57.1,180.4,154.5,64.8,11.8,14.1,41.9
4/1/2025 11:00,18.8,74.4,54.9,178.5,155.9,59.7,6.6,3.9,48.5
4/1/2025 12:00,26,80.1,58.7,183.4,161.7,67.6,11.1,14.4,45.2
4/1/2025 13:00,25.3,83.4,53.2,187.6,147.7,56,5.3,7.6,46.9
4/1/2025 14:00,26.5,84.3,47.4,195,147.6,60.9,0,13.6,38.9
4/1/2025 15:00,23.3,87.3,53.1,179.1,147.6,59.9,4,0,39
4/1/2025 16:00,35.2,82.5,42.3,185.3,144,56.5,0,8,39.9
4/1/2025 17:00,18.1,84.3,47.8,186.2,145,54.7,0,14.6,47.8
4/1/2025 18:00,28.4,89.4,57.7,178.7,159.8,53.2,2.3,14.2,52.8
4/1/2025 19:00,31.5,98.1,61,154.4,156.4,61.4,5.5,24.5,60.7
4/1/2025 20:00,21,106.2,60.6,141.8,158.3,56.6,7,14.5,53.1
4/1/2025 21:00,30.6,105.1,53.9,134.5,161.6,63.9,3.2,18.7,45.9
4/1/2025 22:00,23.5,88.1,53.8,144.3,164.5,59,2.7,11.3,38.4
4/1/2025 23:00,21,90.2,52,128.7,170.6,54.4,0,11.4,57.7
4/2/2025 0:00,29.8,98.7,58.8,143.4,155.9,47.8,3.4,17.9,51.3
4/2/2025 1:00,16.5,100.5,66.3,143.6,156.2,49.1,12,6,61.1
4/2/2025 2:00,30.9,85.7,60.8,130.2,168.3,58.7,9.8,23.6,49.4
4/2/2025 3:00,30.5,94.8,47.7,136.2,162.2,62.5,0,15.4,50.6
4/2/2025 4:00,18.3,94.5,45.3,132.1,163.3,55.8,0,9.9,49.5
4/2/2025 5:00,24.3,92.6,67.2,179.3,168.9,57.9,4.2,17.7,46
4/2/2025 6:00,20.3,85.6,70.1,171.2,162.6,49.5,6.4,7,64.1
4/2/2025 7:00,91.1,97.4,76.1,211.4,163.2,45.7,2.2,19.4,50.7
4/2/2025 8:00,123.7,133.1,127.6,308.4,187.3,63.2,13.8,24.5,96.5
4/2/2025 9:00,144.5,226.7,198,384.8,191.9,90.4,12.6,22.7,135.7
4/2/2025 10:00,127.1,266.6,229,414.3,214.5,106.3,12.2,25.1,150.2
4/2/2025 11:00,142.4,276.2,224.1,435,208.3,114.7,3.1,33.7,158.2
4/2/2025 12:00,122.1,255.4,201.5,425.6,212.7,103.8,1.4,20.1,158.2
4/2/2025 13:00,123.1,257.5,187.2,404.7,203.8,104.1,0,16.8,127
4/2/2025 14:00,117.6,253.5,197.3,386.2,193.5,111.1,0.8,15,111.5
4/2/2025 15:00,91.8,228.7,191.9,352.4,190.1,110.9,3,9.1,89.6
4/2/2025 16:00,68.3,191,174.9,321.9,185.7,86.6,10.3,21.1,69.1
4/2/2025 17:00,73.9,175.2,123.1,293.8,163.8,83.3,0,3.6,63.9
4/2/2025 18:00,67.6,145.8,126.1,266.7,178.2,84.5,1.7,7.2,77.4
4/2/2025 19:00,57.1,134.9,110.1,205.1,171.7,76.9,6.7,24.2,70.4
4/2/2025 20:00,38,111,72.2,173.3,156.1,70.3,0,17.5,65.3
4/2/2025 21:00,29.3,117.7,72.1,160.5,162.8,70.1,7.9,18.6,42.5
4/2/2025 22:00,35.3,108.4,65.2,163.2,145.4,71.9,3.8,14.1,49.3
4/2/2025 23:00,28.9,88.8,59.5,155.9,151,71.1,0,8.4,50.5
4/3/2025 0:00,35.1,93.7,65.3,155.5,197.9,78.1,7.1,9.9,48.9
4/3/2025 1:00,32.2,86,49.1,139.7,176.8,68.1,0,8.4,46.2
4/3/2025 2:00,27.4,94.4,62.9,142.2,155.2,62,8.9,18.9,50.5
4/3/2025 3:00,22.8,87.6,63,147.5,156.8,53.7,9.4,25.2,47.4
4/3/2025 4:00,22.6,78.6,51,167.3,165.3,47.6,0,26.7,47.6
4/3/2025 5:00,30.4,81.9,70.5,174.9,161.5,51.7,2.4,18.8,41.1
4/3/2025 6:00,32.9,94,65.1,186.3,140.8,59.5,0,4.5,60.4
4/3/2025 7:00,79.1,96.1,86.8,212.2,161.5,62.2,15.4,12.6,49.5
4/3/2025 8:00,101.6,128.6,106,274.4,190.8,83.1,6.5,16.1,75.3
4/3/2025 9:00,99,191.6,150.9,330.8,185.9,95.6,9,25.5,90.3
4/3/2025 10:00,96.5,225.2,172.1,360.1,197,110.2,17.2,14.6,108.3
4/3/2025 11:00,114.7,233.1,225.3,372.3,202.9,115.4,29.7,15.5,95.8
4/3/2025 12:00,120.1,250.8,207.7,358.4,216.1,110.9,21.6,28.4,96.2
4/3/2025 13:00,107.2,230.3,211.5,345.5,204.3,97.1,28.7,21.9,82.3
4/3/2025 14:00,108.6,216,186.7,327.8,200.4,94.5,26.1,17.9,76.5
4/3/2025 15:00,94.5,200.3,177.4,320.4,196.1,98,26.9,17.4,71
4/3/2025 16:00,84.1,189.9,161.8,304.9,183.2,86.4,15.9,10.1,65.9
4/3/2025 17:00,89.7,177.3,156.3,269.2,171.2,82.9,24.4,5.2,67.7
4/3/2025 18:00,79.4,156.5,135.4,238.9,175.6,84.7,22.4,17,58.2
4/3/2025 19:00,44.3,160.2,101.7,180.4,190.1,75,16.1,15,61.5
4/3/2025 20:00,32.2,140.7,90.8,156.9,171.6,60.3,9.2,10.4,57
4/3/2025 21:00,25.2,108.5,71.6,146,181.4,61.3,3.6,25.4,53.9
4/3/2025 22:00,22.6,95.3,69,152.6,179.4,51.1,10.1,16.8,46.9
4/3/2025 23:00,18.1,87.5,62.1,159.1,178.1,42.6,4.4,15.7,58.4
4/4/2025 0:00,32.1,115.9,91.1,135.6,204.1,55.7,13.4,22.1,63.6
4/4/2025 1:00,35.3,111.4,72.1,155.8,208.9,42.9,10.4,28.9,64.2
4/4/2025 2:00,38.1,106.9,68.6,151.6,195,60.3,4.8,15.4,70.2
4/4/2025 3:00,28.1,76.9,54.9,140.3,133.7,55.99,4.08,15.39,53.27
4/4/2025 4:00,27.6,76.8,66.2,141.2,134.6,52.98,4.05,15.35,52.51
4/4/2025 5:00,27.8,78.2,69,167.6,131.2,53.63,4.06,15.44,60.21
4/4/2025 6:00,81,90.5,81.2,190.1,130,55.86,5.22,13.56,70.42
4/4/2025 7:00,99.8,115.2,114.5,267,150.2,62.34,3.94,14.03,102.17
4/4/2025 8:00,103.6,151.3,158.3,330.1,174.8,74.28,5.8,17.41,122.84
4/4/2025 9:00,103.6,219.8,190,357.2,178.5,84.8,8.22,17.68,133.79
4/4/2025 10:00,115.1,232.5,205.8,364.1,204.6,91.27,12.68,17.16,122.03
4/4/2025 11:00,119.3,212.3,202.9,354.8,180.5,90.87,13.37,15.2,108.28
4/4/2025 12:00,116,201.6,192.2,346.8,172.3,91.81,7.56,14.93,102.68
4/4/2025 13:00,102.7,168.7,168.1,321.2,173.6,92.58,7.24,13.31,87.1
4/4/2025 14:00,82.9,146.1,148.3,290.8,158.3,87.31,7.28,11.92,67.08
4/4/2025 15:00,70.9,138.4,131.5,279.8,157.8,79.16,3.35,10.02,57.55
4/4/2025 16:00,64.2,129.6,117.9,254.7,147,76.3,2.9,8.92,50.57
4/4/2025 17:00,54.8,124,101.7,241.9,147.7,68.17,5.23,8.59,47.62
4/4/2025 18:00,54.8,106.5,81.7,206.4,142.8,59.22,4.34,10.34,49.83
4/4/2025 19:00,43.1,95.3,77.1,185.2,150.9,53.39,6.76,16.89,58.41
4/4/2025 20:00,32.9,90.8,71.6,154.6,143.9,52.16,5.49,16.04,56.63
4/4/2025 21:00,25.2,90.5,64.5,151.6,143.1,51.08,4.08,15.66,55.07
4/4/2025 22:00,24.1,86.3,64.7,149.9,146,50.01,4.07,15.44,54.49
4/4/2025 23:00,23.9,82.8,63.6,147.3,144.4,53.51,4.07,16.73,53.22
4/5/2025 0:00,23.7,81.5,60.7,144.9,139.4,51.74,4.12,15.99,51.02
4/5/2025 1:00,23.6,78.5,58.8,145.1,142.6,49.55,4.07,15.79,50.43
4/5/2025 2:00,24.5,74.4,57.9,144.3,143.2,50.97,4.09,15.66,50.81
4/5/2025 3:00,23.9,74.3,58.1,144.6,140.3,50.85,4.11,15.89,54.43
4/5/2025 4:00,24.1,74,57.7,144.1,141.2,53.3,4.06,15.59,52.88
4/5/2025 5:00,23,74.1,57.9,143.5,142.9,49.51,4.11,15.33,51.54
4/5/2025 6:00,43.5,69.7,53.4,138.5,134.8,45.33,3.54,11.26,42.93
4/5/2025 7:00,36.2,70.5,53.7,152.8,127.8,48.67,3.6,8.09,37.96
4/5/2025 8:00,38.3,76,54.8,157.2,129.3,46.16,4.58,7.79,38.23
4/5/2025 9:00,36.3,73.9,54.5,158.8,126.5,47.42,6.59,8.47,40.84
4/5/2025 10:00,43.2,72.2,57.4,163.1,131.6,51.01,6.59,9.62,46.1
4/5/2025 11:00,46.8,73.5,59,164.7,123.3,50.13,6.08,9.35,46.38
4/5/2025 12:00,49.7,76.1,59.3,166.3,126.9,54.28,3.27,9.81,44.24
4/5/2025 13:00,36.9,75.4,61,165.2,130.1,54.41,4.18,9.72,41.8
4/5/2025 14:00,37.4,76.3,57,163.3,119.7,54.87,4.67,9.49,38.82
4/5/2025 15:00,40.8,74,55.7,162.3,119,56.07,4.66,9.25,39.67
4/5/2025 16:00,36.3,73.1,50.9,162.3,125,55.53,4.06,8.5,39.48
4/5/2025 17:00,30.6,74.7,52.6,159.2,119.9,52.78,4.66,8.54,39.92
4/5/2025 18:00,22.9,76.3,52.5,157.7,125.8,52.32,5.07,8.63,38.84
4/5/2025 19:00,27.5,84.1,58.7,162.5,131.3,56.2,6.19,14.37,49.66
4/5/2025 20:00,25.2,82.8,60.1,149.6,136.9,52.47,7.15,15.48,49.03
4/5/2025 21:00,25.1,83.7,57.9,147.1,131.6,50.86,4.3,15.92,48.82
4/5/2025 22:00,24.6,86.4,57,147.5,138.3,51.81,4.03,15.62,48.49
4/5/2025 23:00,25.1,84.8,58.5,146.2,137.6,49.79,4.08,16.22,48.76
4/6/2025 0:00,24.7,82.6,55.9,145,134,50.92,4.1,16.52,49.3
4/6/2025 1:00,24.5,82.5,54.1,145.9,137.2,53.27,4.09,16.84,49.19
4/6/2025 2:00,23.8,83.4,54.6,145.1,135.3,49.47,4.14,16.46,49.39
4/6/2025 3:00,24.3,83.5,53,143.8,132.1,50.8,4.07,16.58,53.18
4/6/2025 4:00,30,83.3,53.2,143.3,135,51.08,4.11,16.23,50.01
4/6/2025 5:00,31.4,81.5,52.9,143.3,133,50.8,4.09,15.45,49.04
4/6/2025 6:00,32.3,79.1,49.1,138.6,126.6,49.63,3.47,10.75,39.99
4/6/2025 7:00,37.3,78.8,48.1,151.8,127.4,51.81,7.38,8.31,36.37
4/6/2025 8:00,39.4,78.5,48.1,155.5,121.5,53.33,8.6,8.26,35.09
4/6/2025 9:00,45.7,78,51.5,160.5,124.6,53.62,8.07,8.6,39.19
4/6/2025 10:00,41,76.5,52.1,160.8,123.3,54.55,8.73,8.45,44.82
4/6/2025 11:00,40.1,77.8,51.8,161.2,122.6,53.89,8.23,8.51,45.1
4/6/2025 12:00,37.3,75.9,50.9,164.2,124.6,54.24,8.21,7.9,40.63
4/6/2025 13:00,33.9,73.4,50.7,158.2,119.5,54.17,7.56,7.97,38.22
4/6/2025 14:00,32.8,73,49.5,154.7,114.7,54,3.48,7.84,37.31
4/6/2025 15:00,30.3,73.2,48.4,152.2,119,50.11,3.17,8.54,37.86
4/6/2025 16:00,28.2,74.3,48.8,149.1,122.8,49.49,3.13,8.88,35.91
4/6/2025 17:00,25,74,49.9,148.6,118.2,49.96,3.14,8.54,35.46
4/6/2025 18:00,20.5,74.7,50.6,148.8,125.4,46.5,3.19,8.32,38.09
4/6/2025 19:00,23.4,85.6,58.9,151.8,129.3,48.33,3.8,14.42,50.71
4/6/2025 20:00,24.3,85.2,60.6,145.2,138.3,48.58,4.05,15.73,52.22
4/6/2025 21:00,24.5,82.9,57.4,142.4,139.3,49.48,4.05,15.72,50.53
4/6/2025 22:00,24.2,82.9,58.2,139.6,136.6,48.43,4.01,15.58,49.91
4/6/2025 23:00,24.3,79.9,61.5,139.8,139,48.8,4.05,15.73,48.8
4/7/2025 0:00,24.9,78.3,61.1,140.1,135.4,49.42,4.01,15.82,49.33
4/7/2025 1:00,24.6,79,58.7,139.5,135.9,47.05,4.04,15.66,49.41
4/7/2025 2:00,23.7,72.9,54.9,140,140.5,48.33,4.03,15.67,48.27
4/7/2025 3:00,11.3,71.5,74.4,137.6,174.1,42,0,13.4,52.2
4/7/2025 4:00,31.3,91,77.3,141.3,192,51.5,8.6,14,62.7
4/7/2025 5:00,30.8,59,84.5,176.7,185.4,57.5,16.5,25.6,58.1
4/7/2025 6:00,13.5,80.3,69.9,181.5,201.9,59.5,30.2,14.3,49.8
4/7/2025 7:00,34,100.7,65.4,207.2,172.2,29.6,11.4,20.4,47.2
4/7/2025 8:00,24.1,96.3,60.8,208.2,178.1,68.2,7.4,23.5,49
4/7/2025 9:00,36.3,82.5,57.8,214.7,180.7,39.4,9.8,6.2,52.5
4/7/2025 10:00,27.7,67.4,48.8,210.5,175,56,0,12.9,18.2
4/7/2025 11:00,159,257.1,209.5,423.9,226.8,110,3.7,15.4,125.2
4/7/2025 12:00,126.2,242.4,194.9,407.9,227.7,101.8,2.9,15.7,123
4/7/2025 13:00,122.3,225,173.9,384.6,218.9,103.7,3.3,11,120.1
4/7/2025 14:00,110.7,195.8,160.7,355.3,210.9,98.2,4.5,8.5,87.8
4/7/2025 15:00,102.3,196.7,141.4,346.4,196.6,87.2,0,2.7,77.5
4/7/2025 16:00,78.3,173,126.9,316,162.8,74.5,0,16.9,82
4/7/2025 17:00,65.1,168.3,120.2,266.3,169.2,72.6,7.3,12,81.5
4/7/2025 18:00,46.5,146.4,101.9,216.8,169.2,75.1,7.6,7.9,69.2
4/7/2025 19:00,23.2,131.2,78.6,206.2,160.9,76.4,0,9.4,68.1
4/7/2025 20:00,24.5,131.8,81,157,153.6,62.8,2.4,24.6,63
4/7/2025 21:00,31.2,116.3,73.1,147.7,159.9,61.6,5.2,22.6,66.6
4/7/2025 22:00,26,109.5,65,151,167.8,62.4,2.7,12,63.9
4/7/2025 23:00,19.3,102.7,61.9,149.9,162.9,59.1,0,21.5,53.7
4/8/2025 0:00,41.6,96.3,60.9,163.4,190.6,76.7,1,32.5,77.8
4/8/2025 1:00,14.2,86.9,84.2,108.3,198.6,39.5,24.1,23.6,60.3
4/8/2025 2:00,24.2,79.2,62.9,136.3,155.3,51.76,4,15.96,51.23
4/8/2025 3:00,24.2,79.3,64.9,134.4,148.8,54.8,4.01,16.14,53.51
4/8/2025 4:00,24.2,78,74.3,164.3,153.1,56.33,4.02,16.07,52.88
4/8/2025 5:00,24.2,77.7,76.6,174.4,151.4,57.49,3.98,16.02,64.02
4/8/2025 6:00,79,86.8,89.9,187,150.9,60.95,5.87,12.75,72.37
4/8/2025 7:00,108.3,125.8,137.9,268.6,169.2,64.58,6.43,16.96,99.89
4/8/2025 8:00,126.2,209.5,197,333.6,195.9,88.53,7.16,20.72,138.05
4/8/2025 9:00,106.9,248.3,244.3,400.8,216.3,99.28,9.36,22.51,152.84
4/8/2025 10:00,115.2,258.9,257.6,437.1,225.6,108.86,9.64,20.78,158.74
4/8/2025 11:00,117.6,257.5,259.7,442.3,232.7,110.96,9.46,18.52,165.98
4/8/2025 12:00,111.5,251,223.7,423.5,239.7,107.51,9.66,18.47,158.75
4/8/2025 13:00,113,220.1,207.6,410.3,216.5,102.87,8.62,16.44,153.07
4/8/2025 14:00,99.2,218.2,217.6,370.6,212.2,97.77,8.24,12.82,123.24
4/8/2025 15:00,82.2,216.7,193.7,344.9,198.4,96.84,8.61,14.91,95.03
4/8/2025 16:00,78.4,178,160,308.9,177.2,89.42,8.09,18.89,71.59
4/8/2025 17:00,54.7,154.2,150.5,270,176.8,73.36,7.39,14.79,66.33
4/8/2025 18:00,42.5,136.7,119.7,218.2,167.5,70.39,9.15,11.57,59.26
4/8/2025 19:00,38.8,123,91,177.7,175.9,65.58,5.34,15.68,63.55
4/8/2025 20:00,27.4,111.4,79.7,159,170.9,65.59,5.71,16.27,66.34
4/8/2025 21:00,25.5,109.1,67.8,153.5,166.9,58.14,4.96,15.9,65.76
4/8/2025 22:00,25,94.4,62.6,150.2,168.4,54.99,5.08,15.59,65.38
4/8/2025 23:00,24.3,89.1,63.4,152.5,139.2,50.67,5.66,15.58,62.44
4/9/2025 0:00,24.3,86.9,62.6,146,166.8,56.43,5.22,15.36,61.36
4/9/2025 1:00,24.5,87,61.9,146.4,164.5,54.56,5.32,15.4,57.84
4/9/2025 2:00,25.2,88,59.9,146.6,165.6,54.27,5.1,15.45,57.74
4/9/2025 3:00,24.5,82,59,145.5,174.4,58.06,5.05,15.35,57.86
4/9/2025 4:00,25.3,81,59.1,145.5,171.2,55.45,5.01,15.47,59.42
4/9/2025 5:00,33.4,81.9,72.6,180.3,170.5,57.88,5.12,15.36,60.95
4/9/2025 6:00,33.5,80,69.1,186.3,171.8,61.34,5.19,15.11,65.05
4/9/2025 7:00,90.8,87,84.1,202.9,172.6,56.16,5.5,12.36,76.27
4/9/2025 8:00,125,144.7,129.9,310.1,202.4,60.22,10.82,18.24,103.42
4/9/2025 9:00,133.4,222.1,198.8,382.1,229.1,78.99,12.64,22.26,133.8
4/9/2025 10:00,134.8,261.6,251.2,420.7,234.3,89.83,11.19,23.82,154.61
4/9/2025 11:00,139.1,244.7,254.2,453,246.7,101.05,10.52,25.32,157.06
4/9/2025 12:00,141.6,238.1,248.8,451.1,235.7,104.78,10.13,24.8,153.63
4/9/2025 13:00,132,230.4,244.4,432.4,225.2,102.71,10.33,23.89,135.91
4/9/2025 14:00,117.3,218.5,230,410.4,203.1,101.75,12.08,18.17,127.12
4/9/2025 15:00,86,195.7,179.4,359.2,184.7,97.91,16.51,15.54,99.2
4/9/2025 16:00,72.8,176.9,141.3,336.4,173.2,88.41,13.94,11.44,81.14
4/9/2025 17:00,58.1,162.4,119.8,299.8,154.7,82.62,9.21,9.16,70.66
4/9/2025 18:00,50.9,127.5,105.3,263.6,156,76.1,10.01,9.58,58.49
4/9/2025 19:00,46.1,117,88.1,210.4,141.9,69.26,6.06,9.84,52.32
4/9/2025 20:00,38.5,115.3,88.1,180.4,147.8,67.04,11,15.88,64.16
4/9/2025 21:00,32.9,107.1,82.6,172,156.2,56.02,8.3,15.55,61.24
4/9/2025 22:00,26.7,98.6,70.9,158.8,151.6,57.61,8.13,15.6,59.58
4/9/2025 23:00,26.2,92.4,69.7,153,155.6,60.74,7.33,15.58,59.29
4/10/2025 0:00,22.3,97.6,77.8,156.1,128.2,54.97,3.65,15.55,61.08
4/10/2025 1:00,34.6,76.1,50.8,137.6,182.1,62.1,1.7,6.1,46.2
4/10/2025 2:00,17.9,91.4,66.8,143.5,152.8,52.4,12.8,19.4,59
4/10/2025 3:00,20.7,92.7,70.1,138,146.9,46.7,16.5,25.2,54.3
4/10/2025 4:00,23.9,85.7,56.3,170.2,162.3,40.1,5.3,27.7,45.4
4/10/2025 5:00,20.9,91,68.1,167.6,166.6,55.1,0,21.1,33.3
4/10/2025 6:00,35.8,92.4,55.2,185.5,147.9,60.8,0,1,52.6
4/10/2025 7:00,71.8,101.1,83.8,203.2,170.6,56.6,12.4,15.4,39.9
4/10/2025 8:00,100.8,129.5,111.1,272,189.2,87.1,11.6,8.3,68.4
4/10/2025 9:00,90,193.7,158,325,190.9,100.9,16.1,26,90.3
4/10/2025 10:00,94.1,219.6,181.2,356.6,197.9,103.6,26.3,5.9,113.6
4/10/2025 11:00,108.9,227.5,223.7,377.5,205,117.5,28.1,22.2,90.5
4/10/2025 12:00,116.6,249.5,212.7,356,210.5,115.9,26.6,21,99.8
4/10/2025 13:00,112.4,220.9,212.4,350.5,198.7,89.4,29.6,29.4,79.1
4/10/2025 14:00,106.2,212.7,188.8,334.4,199.1,100.9,28.2,11.9,86
4/10/2025 15:00,99.5,203.9,171.8,315.4,186.7,107.3,21.3,17.1,75.7
4/10/2025 16:00,90.7,188,156.2,296.5,179.9,78.6,10.3,2.1,64.6
4/10/2025 17:00,84.7,170.6,155,259.6,174.8,73.4,23.1,6.6,63.5
4/10/2025 18:00,71,155.8,126,239.7,173.7,80.9,13,23.7,57.9
4/10/2025 19:00,34.7,152.8,98.4,190.4,183.4,78.5,12.8,18.2,66.7
4/10/2025 20:00,33,143.1,94.4,153.9,170.9,69.5,12.8,10.9,52
4/10/2025 21:00,35.2,99,69.7,149,174,59.2,1.7,29.4,46.9
4/10/2025 22:00,19.6,93.2,62.3,158.2,181.8,55.4,3.4,11.9,47.1
4/10/2025 23:00,21.1,88.8,61.4,162.1,168.6,34.1,3.7,13,53.4
4/11/2025 0:00,37.7,106.4,83.7,140.7,202,59.5,6,24.2,68.9
4/11/2025 1:00,38.3,114.3,74.5,164.8,210.2,45.4,12.8,20.3,71.5
4/11/2025 2:00,43.2,99.6,59.1,145.6,185.5,52.3,0,24,80.1
4/11/2025 3:00,37.1,76.1,52.8,130.7,136.6,61.4,2,9.6,48.2
4/11/2025 4:00,21.6,67.8,67.5,134.2,127.3,60,5.3,15.2,58.9
4/11/2025 5:00,18.2,75.8,59.5,160.1,130.4,55.6,0,23.2,54.2
4/11/2025 6:00,74,84.7,84.1,193.5,121,48.3,8.1,5.2,74.5
4/11/2025 7:00,92.3,111.7,107.2,268.3,147.8,72,0,20.1,108.4
4/11/2025 8:00,107,156.5,157.5,324.5,169,79.9,5,8.6,126.9
4/11/2025 9:00,104.9,217.4,181,361.2,175,81.7,0,18.8,133.8
4/11/2025 10:00,109.5,237.5,203.4,369.4,209.8,89.8,10.3,25.9,115.7
4/11/2025 11:00,123.3,218.9,197.1,348.2,178.1,88.3,7.6,13.5,118.1
4/11/2025 12:00,121.3,196.6,188.7,348.9,177.3,91.9,4.1,12.3,104.5
4/11/2025 13:00,96.1,160.3,173.3,326.2,180.2,89.4,12.5,17.5,89.8
4/11/2025 14:00,85,136.5,145.9,283.1,153.3,94.3,4.9,18.4,61.7
4/11/2025 15:00,75.9,139.2,136.5,286.2,149.4,85.6,8.4,5.3,50.2
4/11/2025 16:00,56.5,139.6,124.5,264,137.4,68.4,9.5,0,41.3
4/11/2025 17:00,61.2,121,96.7,234.1,148.5,77.4,0.3,0,57.4
4/11/2025 18:00,64.1,109.5,73.3,196.9,152.8,61.9,0,6.4,58.4
4/11/2025 19:00,35.3,100.9,67.5,181.4,147.9,60,0,25.8,56.9
4/11/2025 20:00,23.4,93.8,72.4,158.1,146.9,56.3,6.3,25.3,59
4/11/2025 21:00,21.4,95.6,74.5,160.8,148.7,49.8,14.1,7.6,46.9
4/11/2025 22:00,27.6,95.3,61.7,147.8,149,54.7,1.1,19.9,45.5
4/11/2025 23:00,33.1,76.8,66.6,151.6,149.5,62.8,7.1,17.4,51.4
4/12/2025 0:00,22.7,82.9,63.5,140.7,143.9,49.4,6.9,12.9,49.1
4/12/2025 1:00,25.8,73.8,60.3,147,139.6,52.6,5.6,16.1,51.8
4/12/2025 2:00,20.3,72.2,60.4,145.6,138.4,51.4,6.6,13.1,48.1
4/12/2025 3:00,25.8,71.5,62.6,140.6,136.8,50.7,8.6,17.1,52.8
4/12/2025 4:00,25.4,76.4,54.7,146.8,137.5,52.7,1.1,12.4,52.7
4/12/2025 5:00,19,75.9,53.1,147,144.6,51.8,0,17.8,51.6
4/12/2025 6:00,46.2,73.6,49.9,139.5,135.4,43,0.1,10.4,44.4
4/12/2025 7:00,39.7,66.4,50,149,125,52.2,0,4.1,36
4/12/2025 8:00,39.3,75.2,56.5,162,131.3,49.5,6.3,9.2,35.9
4/12/2025 9:00,32.5,69.2,55.1,161.6,129.2,43.3,7.2,7,38.6
4/12/2025 10:00,48,69.4,54.6,161.6,128.3,54.8,3.8,9.2,44.6
4/12/2025 11:00,49.6,73.6,61,164,124.4,47.6,8.1,11,45.6
4/12/2025 12:00,48.2,71.4,62,165,129.4,53.9,5.9,13.6,42.4
4/12/2025 13:00,36.2,72.4,57.7,165.3,126.2,55.5,0.9,6.4,37.3
4/12/2025 14:00,36.1,77.8,58.1,161.7,122.9,53.7,5.7,6.3,34.2
4/12/2025 15:00,40.9,74.4,58.2,165.8,123.6,51.4,7.1,8.3,35.2
4/12/2025 16:00,34.7,70.3,47,165.5,121.1,59,0.2,6.9,41.9
4/12/2025 17:00,34.1,75.6,55.8,155.3,115.2,49.6,7.9,5.1,37
4/12/2025 18:00,26.1,79.4,57.1,162.3,123.9,49.4,9.7,13.6,38.6
4/12/2025 19:00,22,77.3,56.6,148.1,125.1,50.31,5.03,9.16,35.91
4/12/2025 20:00,24,86.2,72.8,147.7,137.7,55.16,7.16,15.31,47.06
4/12/2025 21:00,24.3,88.2,65.4,138.2,132.8,54.77,5.41,15.57,46.75
4/12/2025 22:00,24.1,84.7,58.4,137.3,138,54.55,3.71,15.41,47.07
4/12/2025 23:00,24.5,82.3,60.1,135.9,132,53.84,3.7,15.38,45.99
4/13/2025 0:00,23.9,79,60.75,135.6,136.95,53.74,3.7,15.4,46.46
4/13/2025 1:00,23.6,78.2,60.35,135.5,135.95,52.62,3.68,15.99,45.94
4/13/2025 2:00,24.1,78.25,59.55,135.95,135.95,55.48,3.67,16.14,45.72
4/13/2025 3:00,24.1,77.1,59.7,135.2,137.15,53.58,3.7,15.43,47.4
4/13/2025 4:00,30.8,76.95,59.55,135.1,138.1,52.4,3.67,15.52,49.52
4/13/2025 5:00,30.6,73.7,60.75,133.55,138.45,54.54,3.69,15.32,48.31
4/13/2025 6:00,23.9,68.25,59.85,133.4,137.7,53.82,3.56,14.01,45
4/13/2025 7:00,19.9,63.25,56,129.05,130.5,52.86,2.84,9.11,34.33
4/13/2025 8:00,20.4,60.8,58.1,142.05,130,53.84,3.58,8.12,32.46
4/13/2025 9:00,20.4,59.8,56.4,140.65,126.3,58.63,7.33,7.68,32.47
4/13/2025 10:00,20.6,60.4,55.9,141.25,126.8,53.98,7.53,7.96,31.89
4/13/2025 11:00,22.9,60.7,57.3,141.55,123.7,54.3,10.41,8.14,31.91
4/13/2025 12:00,22.6,60.55,54.5,142.8,125.85,54.99,7.91,7.83,31.96
4/13/2025 13:00,19.6,60.6,55.3,144.05,122.05,57.1,7.94,7.9,32.79
4/13/2025 14:00,19.6,64,54,145.35,118.55,55.7,7.94,7.98,31.76
4/13/2025 15:00,19.4,65.55,57.45,143.9,118,55.3,7.36,8.14,30.86
4/13/2025 16:00,19.2,65.45,51.5,144.65,118.75,56.06,5.56,8.54,30.79
4/13/2025 17:00,19.2,67.45,52.6,144.25,118.55,58.08,3.18,8.5,31.6
4/13/2025 18:00,19.3,65.55,50.2,142.6,121.4,58.86,2.75,8.14,32.32
4/13/2025 19:00,21.3,68.05,52,141,123.15,55.78,2.81,8.84,35.23
4/13/2025 20:00,24.6,76.25,58.75,144.25,133.55,57.78,3.55,14.96,46.44
4/13/2025 21:00,24.9,74.85,58.35,135.9,134.75,55.56,3.6,15.66,46.67
4/13/2025 22:00,24.1,73.45,54.7,134.75,134.85,54.1,3.62,15.34,47.32
4/13/2025 23:00,23.1,73.65,53.4,134.25,157.55,52.97,3.62,15.38,46.02
4/14/2025 0:00,24,76.3,52.9,137.85,137.4,52.87,3.74,15.7,46.81
4/14/2025 1:00,23.5,70.2,53.7,133.9,139.3,52.69,3.63,15.26,46.41
4/14/2025 2:00,23.9,69.7,52.6,134.2,133.8,54.38,3.59,15.72,48.23
4/14/2025 3:00,23.6,69.8,54.8,133.5,136.9,53.1,3.64,16.3,48.82
4/14/2025 4:00,23.5,68.5,53.9,137.4,135.8,52.77,3.62,16.47,48.75
4/14/2025 5:00,23,68.9,57.3,170.3,133.8,52.53,3.6,15.53,48.8
4/14/2025 6:00,35,69.2,54.3,172.9,135.8,52.66,3.47,13.65,54.77
4/14/2025 7:00,78.4,74.8,58.8,197.7,134.1,56.61,6.95,10.87,65.63
4/14/2025 8:00,85.1,94.1,81.1,253.9,152.6,56.92,6.82,13.93,75.69
4/14/2025 9:00,95.5,124.3,99.8,277.2,172,73.42,7.13,15.24,77.01
4/14/2025 10:00,95.1,149.9,116.5,299.2,182.2,84.5,7.57,16.52,75.84
4/14/2025 11:00,102.8,155.3,119.5,305.8,177.6,89.05,6.52,16.08,76.91
4/14/2025 12:00,92.8,160.7,117.9,305,168.4,90.57,5.59,11.59,68.87
4/14/2025 13:00,84.9,150.6,112.4,285.4,156.6,82.45,5.04,10.83,61.24
4/14/2025 14:00,69.4,134.2,103.1,253.5,153,81.24,3.34,10.11,53.44
4/14/2025 15:00,50.8,114.3,92.8,227.2,145.2,76.27,2.74,9.29,40.04
4/14/2025 16:00,44.1,102.7,71.7,208.9,139.1,76.01,2.7,8.67,34.97
4/14/2025 17:00,35.2,93.2,68.9,198.1,135.1,73.28,2.74,7.95,32.53
4/14/2025 18:00,28.4,87.3,62.5,195.9,136,65.41,2.78,8.31,33.17
4/14/2025 19:00,25.2,84.9,61.4,170.1,132.6,61.73,2.83,9.47,38.16
4/14/2025 20:00,23.2,88.5,65.4,159.7,137.7,55.77,3.6,15.26,46.69
4/14/2025 21:00,23.2,85.8,64.7,150,139.1,54.33,3.62,15.48,43.7
4/14/2025 22:00,22.2,79.8,61.9,147.9,132.3,55,3.59,15.3,44.1
4/14/2025 23:00,21.9,70.4,61.1,145.4,137.9,54.38,3.63,15.63,42.87
4/15/2025 0:00,22.2,67.4,58.3,142.1,131.3,54.56,3.62,15.22,43.28
4/15/2025 1:00,22,66.2,58,141.7,136.2,55.06,3.61,15.36,44.07
4/15/2025 2:00,21.8,66.9,58.6,140.4,132.3,55.75,3.64,16.29,43.19
4/15/2025 3:00,22.2,67,57.9,139.4,136,54.47,3.6,16.39,43.56
4/15/2025 4:00,22,67.5,57.7,142.7,135.6,54.94,3.59,16.35,45.05
4/15/2025 5:00,21.6,66.4,60.1,171.1,134.2,55.32,3.64,15.58,44.73
4/15/2025 6:00,31.1,68.6,62.6,173.9,136.5,56.94,3.52,14.85,54.69
4/15/2025 7:00,62.7,75.3,67.8,191.2,131.1,57.18,3.41,13.56,56.78
4/15/2025 8:00,85,96.3,84.7,236.9,153.1,60.5,4.63,13.94,69.6
4/15/2025 9:00,81.8,110.1,91.9,256,162.3,69.06,4.86,15.74,75.68
4/15/2025 10:00,70.7,130.5,98.3,285.3,169.7,86.47,13.89,16.25,76.38
4/15/2025 11:00,78.9,145.6,104.1,297.1,172.7,86.32,13.95,13.97,78.27
4/15/2025 12:00,86.6,142.9,99.8,302.2,171.1,82.86,9.77,12.82,67.39
4/15/2025 13:00,86.2,152.1,88.8,291.9,173.6,78.99,3.62,12.26,57.85
4/15/2025 14:00,74,148.2,78.8,249.6,173,74.8,3.18,10.36,49.09
4/15/2025 15:00,58.9,131.1,62.8,217.7,153.7,69.84,2.81,10.03,37.38
4/15/2025 16:00,39.3,114.1,59.2,205.9,142.4,68.94,2.85,9.16,35.49
4/15/2025 17:00,28.7,103.6,52.5,191.7,135.1,63.6,2.85,8.94,34.24
4/15/2025 18:00,23.8,86.9,51.4,180.1,134,59.77,2.85,8.23,32.87
4/15/2025 19:00,27.1,77,51,157.4,124.7,58.8,2.95,9.01,35.46
4/15/2025 20:00,23.1,81.9,56.6,147.2,135.7,57.98,3.65,15.08,47.03
4/15/2025 21:00,22.1,76.6,54.1,141.7,134.3,54.66,3.7,15.08,46.91
4/15/2025 22:00,21.4,75.3,51.7,138.9,140,55.82,3.71,15.25,46.29
4/15/2025 23:00,20.9,72.6,52.8,138.4,134.9,55.78,3.7,15.55,46.63
4/16/2025 0:00,20.6,68.5,51.6,136.4,133.5,54.95,3.75,15.23,46.31
4/16/2025 1:00,20.3,68.1,50.4,134.9,129.6,55.19,3.75,15.16,45.43
4/16/2025 2:00,20.5,67.5,50.8,133.7,130.8,53.98,3.7,15.25,46.45
4/16/2025 3:00,20.4,67.5,50.8,134.6,136.3,55.2,3.74,15.59,46.76
4/16/2025 4:00,20.4,67.1,50.6,137.9,130.8,55.66,3.73,15.3,47.07
4/16/2025 5:00,20.3,68.4,53.8,166.6,136.1,56.97,3.68,15.25,48.88
4/16/2025 6:00,29.5,65.9,53.6,172.9,131.5,56.27,3.5,13.4,53.52
4/16/2025 7:00,47.6,69.7,58.5,193.1,132.7,53.12,6.95,10.13,53.81
4/16/2025 8:00,65.4,88.8,69.1,229.7,155.1,55.53,6.98,13.19,57.57
4/16/2025 9:00,56.3,108.7,76.1,236.1,160.2,64.38,6.57,15.18,59.92
4/16/2025 10:00,53.6,124.8,79.6,239.4,161.3,76.18,6.22,14.23,63.46
4/16/2025 11:00,58.5,127.4,81.7,241.8,165.5,77.68,5.94,13.15,61.69
4/16/2025 12:00,66.4,121.1,74.8,245.7,156.4,76.91,4.59,10.79,50.24
4/16/2025 13:00,62.6,117.9,66.2,240.5,149.4,77.75,3.95,10.19,44.55
4/16/2025 14:00,55.2,108.3,57.9,218,138.5,69.41,3.54,9.82,40.36
4/16/2025 15:00,37.1,86.3,47.8,191.7,130.1,69.36,3.05,9.1,34.6
4/16/2025 16:00,32.5,78.4,46.3,179.9,123.9,69.49,3.02,9,33.49
4/16/2025 17:00,23.3,72.2,46.1,177.4,122.6,64.16,3.07,9.07,30.1
4/16/2025 18:00,23.4,69,46.8,172.4,119.6,56.81,3.13,8.44,31.77
4/16/2025 19:00,24.8,70,48.1,151.5,119.1,56,3.32,11.25,38.96
4/16/2025 20:00,21.2,72.2,50.4,141.7,126.6,60.42,3.96,15.46,44.66
4/16/2025 21:00,21.5,72.3,48.2,136.2,128.5,58.42,3.97,15.65,45.24
4/16/2025 22:00,21.6,69.7,48.1,136,129,54.28,3.94,15.51,45.25
4/16/2025 23:00,21.3,69.2,48.4,134.2,127.3,54.98,3.97,15.56,45.44
4/17/2025 0:00,21.4,67.9,49,132.7,127.4,55.27,3.95,15.66,45.51
4/17/2025 1:00,21,64.6,47.9,132.6,127.4,54.1,3.96,15.53,45.6
4/17/2025 2:00,20.1,63.5,48,132.2,126.7,55.39,3.98,15.48,45.34
4/17/2025 3:00,20.3,63,47.6,133.1,125.4,53.82,3.96,15.6,44.63
4/17/2025 4:00,19.7,62.6,48.4,134,123.6,52.39,4,15.4,44.98
4/17/2025 5:00,20,61.5,46.9,161.9,123.9,52.44,3.99,15.29,43.88
4/17/2025 6:00,25.4,60.1,46.2,157.7,121.9,53.88,3.7,12.99,40.81
4/17/2025 7:00,28.9,56.5,42.3,156.6,118.7,48.2,3.06,7.87,30.86
4/17/2025 8:00,26.4,58.8,40.5,160.1,123.2,48.71,3.09,7.91,30.14
4/17/2025 9:00,28,61.2,44.5,162.7,127.1,52.75,2.97,7.84,30.79
4/17/2025 10:00,25.1,65.8,45,162.9,127.3,54.08,3.06,7.82,30.72
4/17/2025 11:00,27.6,67.8,45.9,167.3,128.9,56.08,3.05,7.91,29.66
4/17/2025 12:00,24.1,70.9,44.1,162.9,126.2,59.56,3.01,8,29.58
4/17/2025 13:00,29.1,69.6,46.4,162.8,125.6,58.22,3.04,8.11,30.58
4/17/2025 14:00,27.8,70.5,42.7,161.4,123.4,57.15,3.02,8.21,30.91
4/17/2025 15:00,24.5,68.5,44.8,156.9,124.4,57.67,2.98,8.24,30.27
4/17/2025 16:00,21,65.3,46.9,157.1,117.9,54.89,3.05,8.64,28.94
4/17/2025 17:00,22.8,66.9,43.7,155.6,119.3,53.32,3.02,8.01,29.26
4/17/2025 18:00,22.2,62.7,45.3,150.4,119.5,54.54,3.06,8.08,30.98
4/17/2025 19:00,25.5,60.4,46.1,134.1,121.3,55.15,3.11,8.97,32.7
4/17/2025 20:00,23.2,68.6,48.7,127.7,119.5,57.3,3.8,15.11,44.6
4/17/2025 21:00,19.6,67.7,47.8,129.2,123.3,55.85,3.94,15.41,44.76
4/17/2025 22:00,19.8,69,49.4,129.2,123.9,57.66,3.96,15.4,44.23
4/17/2025 23:00,19.6,67.5,47.8,128.3,122.5,55.71,3.95,15.57,44.34
4/18/2025 0:00,18.8,64.2,47.4,130.8,119.6,54.09,3.98,15.63,44.78
4/18/2025 1:00,17.9,64.5,49.8,129.3,122.8,53.41,3.97,15.52,44.51
4/18/2025 2:00,17.8,64,48.3,129.6,121.6,53.64,3.95,15.31,44.36
4/18/2025 3:00,17.4,62.4,51,130.6,144.7,60.28,4.03,15.9,43.13
4/18/2025 4:00,13.7,66.9,58.4,143.9,138.1,58.9,0,14.2,60.7
4/18/2025 5:00,27.4,84.3,59.5,174.2,140.4,50.4,0,12.5,52.2
4/18/2025 6:00,76.7,94.5,77.4,194.2,127.9,63.5,1.5,9.9,64.1
4/18/2025 7:00,98.9,112,118,265.7,154.5,66.4,7.5,23.9,111.1
4/18/2025 8:00,111.1,144.4,167.5,334.8,166.3,69.8,15,13.9,120.1
4/18/2025 9:00,103.6,228.9,187.9,366.5,182.3,75,6.2,15.1,129.9
4/18/2025 10:00,114.2,229.2,210.1,359.5,207.1,100.2,17,22.4,114
4/18/2025 11:00,132.6,204.2,194.4,361,172.5,82.6,4.9,13.8,98.6
4/18/2025 12:00,116.7,193.5,196,347.6,177.7,96.2,11.4,19.4,103.7
4/18/2025 13:00,102.3,175.6,170.6,320.9,180.6,92.4,9.8,15.5,94.3
4/18/2025 14:00,85.8,148.2,140.3,289.5,160.3,92.5,0,13.2,63.7
4/18/2025 15:00,75.6,144.5,136.9,284.4,150.2,83,8.8,4.3,62.4
4/18/2025 16:00,55.2,134.2,124.9,250.1,156.7,79.2,9.9,14.2,47.8
4/18/2025 17:00,65.8,124.7,103.7,248.9,153.4,68,7.2,17.1,53.2
4/18/2025 18:00,59.5,116,74.1,213,139.7,65.1,0,5.4,50.4
4/18/2025 19:00,42.3,92.9,86.8,176.9,149.5,45.3,16.4,26.1,55.8
4/18/2025 20:00,30,91.8,77.3,162.2,141.3,46.6,11.1,15,59.6
4/18/2025 21:00,13.1,97.1,61.4,146.5,143.2,54.9,1,13.6,49.3
4/18/2025 22:00,35.2,88.7,63.3,149.2,142.8,46.1,2.6,20,52.2
4/18/2025 23:00,28,90,61,149.5,151.4,55.1,1.5,26.4,61
4/19/2025 0:00,22.3,82.3,60.8,143.7,142.6,51.5,4.2,16.9,47.3
4/19/2025 1:00,26.9,80.5,57.2,140.4,138.7,49.9,2.5,16,52.9
4/19/2025 2:00,19.1,69.9,61.4,147.8,147.8,50.2,7.6,20.6,47
4/19/2025 3:00,21.1,71.6,61.3,141.4,141.7,53.3,7.3,13.9,55.3
4/19/2025 4:00,28.9,71.9,53.8,141.2,144.5,51.6,0.1,13.6,57
4/19/2025 5:00,15.8,69.9,62.5,146.5,145,51.5,8.7,12.5,53.1
4/19/2025 6:00,43.3,67,54.8,136.9,134.2,43,4.9,14.8,39.8
4/19/2025 7:00,42.7,66.5,57,156.6,130.1,46.2,6.9,3.3,40
4/19/2025 8:00,37.7,73.8,56.9,159.2,134,42.4,6.7,11,42.5
4/19/2025 9:00,36.3,75.3,53.9,156.6,124.2,44.3,5.9,10.4,36.6
4/19/2025 10:00,50,70.8,59.7,158.2,134.7,47.2,8.9,7.4,46.6
4/19/2025 11:00,47.4,72.2,63.7,169.2,123.7,50.5,10.7,9.9,44.8
4/19/2025 12:00,43.3,73.2,57,162.2,126.7,56.9,1,10.4,46.5
4/19/2025 13:00,40.7,73.1,64.1,167.4,129.5,51.3,7.3,14,46.7
4/19/2025 14:00,32,80.7,57.4,163.2,122,52,5.1,6,35.8
4/19/2025 15:00,43.1,75.5,55.5,164.9,116.7,55.9,4.5,4.6,41.9
4/19/2025 16:00,34.6,74.2,50.3,164.2,128.5,57.8,3.4,7.1,34.9
4/19/2025 17:00,36.7,71.4,54.9,160.7,123.2,57.5,7,4.9,36.8
4/19/2025 18:00,28,78.6,50.2,157.6,121.7,52.6,2.8,7.3,39.3
4/19/2025 19:00,23.5,80.7,62.2,165.4,135.1,54,9.7,15.2,47.2
4/19/2025 20:00,23.9,81.6,63.4,145.5,134.3,48.5,10.5,12.8,52.8
4/19/2025 21:00,27.2,88.6,53.8,144.3,131.2,47.8,0.2,19,52.4
4/19/2025 22:00,20,87.8,60.8,149.4,139.4,49.1,7.8,11.5,52.6
4/19/2025 23:00,21.7,85.4,55.9,144.3,136.4,46.6,1.5,15.2,53.5
4/20/2025 0:00,25.9,84.4,55.5,145.8,129.3,46.1,3.7,20.7,53.2
4/20/2025 1:00,21.7,85.9,55.2,145.6,140.7,53.6,5.2,19.2,48.7
4/20/2025 2:00,25,86.2,53.4,145.4,132.1,47.2,2.9,18.7,51.6
4/20/2025 3:00,23.8,80.8,48.3,143.1,129.2,55.5,0,19.5,57.3
4/20/2025 4:00,31.1,78.6,56.7,145.8,138,51.6,7.6,13,45.7
4/20/2025 5:00,29.8,79.7,49.7,141.6,131.4,52.8,0.9,18.7,48.2
4/20/2025 6:00,26.4,76.8,46.2,140.6,130.4,45.9,0.6,12.6,44.3
4/20/2025 7:00,18.3,75.9,51.1,149.5,129.4,55.5,10.4,9.1,36.4
4/20/2025 8:00,22.4,82.9,46.5,153,119.3,53.2,7,12.3,30.3
4/20/2025 9:00,18.2,81.8,55.3,156.7,119.7,57.3,11.9,9.6,40.2
4/20/2025 10:00,18.1,74.6,54.1,157.7,127.8,55.3,10.7,6.5,46.8
4/20/2025 11:00,19.2,79.4,49.6,157.4,118.5,53.6,6,10.8,41.4
4/20/2025 12:00,19.5,74.9,46,164.6,126.8,53.6,3.3,8.7,36.1
4/20/2025 13:00,15.8,77.5,55.2,160.8,119.4,51,12,3.8,38.9
4/20/2025 14:00,20,72.6,45.4,151.6,117.3,49.5,0,3.4,40.3
4/20/2025 15:00,22,70.8,50.6,149.4,120.9,54.5,5.4,11.2,39.8
4/20/2025 16:00,16.1,71.8,48.7,148.9,124.3,49.3,3,7.4,38.3
4/20/2025 17:00,16.4,74.6,52.5,150.8,118.1,53.2,5.7,11.7,34.4
4/20/2025 18:00,19.1,72.3,52.5,153.6,128.3,45.5,5.1,7.5,39.9
4/20/2025 19:00,23.5,86.4,60.4,152,125.2,44.1,5.3,18.1,54.4
4/20/2025 20:00,29.4,89.2,60.5,143,135.5,49.9,4,19.4,56.9
4/20/2025 21:00,25.2,81.9,60.3,138.4,141.2,45,7,13,47.2
4/20/2025 22:00,22,80.1,54.1,136.5,134.7,44.9,0,17.1,52.4
4/20/2025 23:00,19.1,84.9,58.7,137.1,139.8,49.4,1.3,16.8,47.6
4/21/2025 0:00,17.9,76.5,56.7,131.4,136.9,48.9,7.6,5.9,52.4
4/21/2025 1:00,18,62,49.8,124.2,139.9,62.6,0,20.8,44.4
4/21/2025 2:00,17.5,60.6,54.2,134.9,132.3,46.7,5.2,13.4,43.7
4/21/2025 3:00,13.9,62,54.3,129,141.8,58.4,3.1,12.4,42.5
4/21/2025 4:00,24.2,71,54.5,146.9,132.4,54.9,4.2,7.3,42
4/21/2025 5:00,18.5,74.7,55.8,171.4,137.9,58.3,2.1,16.3,43.2
4/21/2025 6:00,44.5,67.6,59.2,176.8,131.2,47.2,8.4,6.6,58.7
4/21/2025 7:00,79.5,66.1,55.4,190.2,129.1,57.1,3.6,10.9,73.2
4/21/2025 8:00,89,91.7,85.2,261.3,145,55.9,10.9,8.3,81.5
4/21/2025 9:00,88,134.2,95.2,277,165.9,72.3,2.5,6.3,76.1
4/21/2025 10:00,102.5,150.5,111.5,306.7,174.6,91.7,2.6,21.2,80
4/21/2025 11:00,102.6,164.7,111.9,307.3,178.3,98.9,0,13.9,77.4
4/21/2025 12:00,100.3,167.9,111.8,304.4,173.6,86.7,0,10.5,64.9
4/21/2025 13:00,86.4,140.8,104.8,284.2,150.3,84.9,0,12.7,55.6
4/21/2025 14:00,68.8,138.6,103.8,247.2,147.3,83.4,4.1,10.2,57.6
4/21/2025 15:00,49.6,117.9,98,218.2,144.9,81.1,8,3.7,41.1
4/21/2025 16:00,37.8,103.4,65.4,217.7,143.6,85,0,4.5,28.4
4/21/2025 17:00,26.2,88.5,63.2,197.7,144.6,67.4,0,5.8,23.4
4/21/2025 18:00,37.2,90.1,62.2,202.3,136.5,59.6,2.5,1,27.9
4/21/2025 19:00,24.8,77.1,65.9,168.1,128.3,64.9,7.3,1.1,28.9
4/21/2025 20:00,29.6,87.2,74.9,151.2,129.7,48.9,13.1,16.7,39.7
4/21/2025 21:00,21.2,84.9,65.2,152.6,133,47.8,4.1,6.5,51.4
4/21/2025 22:00,13.7,88.9,57.6,139,126.8,46.5,0,13.3,52.6
4/21/2025 23:00,24.5,77.9,53.1,138.4,131.5,44.4,0,7.3,38.3
4/22/2025 0:00,13.3,62.9,52.2,143.4,121.6,53.6,0,15.3,49.1
4/22/2025 1:00,15,75.7,52.5,137.8,136.9,56.9,0,20.8,46.9
4/22/2025 2:00,23.1,68,52.2,150.3,127.8,51.6,0,8.9,38.2
4/22/2025 3:00,18.3,70.9,48.2,131.8,145.5,49.1,0,9.1,50
4/22/2025 4:00,31.9,60,58.4,148,136.7,59.1,4.3,17.5,45.7
4/22/2025 5:00,14,73.8,55.6,173.2,138.1,59.4,0,15.3,34.8
4/22/2025 6:00,36.4,68.4,72.1,179.7,129,56,13,17.9,51.6
4/22/2025 7:00,64.8,82.8,68.9,185.7,138.5,60.9,4.5,7.5,58.9
4/22/2025 8:00,90.8,97.8,88.6,237.4,152.9,69,8.6,16.3,67
4/22/2025 9:00,76.3,109.5,84.4,255,169.8,74.8,0,20.5,67.3
4/22/2025 10:00,71.2,129.3,105.7,284.2,171.2,89,21.3,11.2,80.5
4/22/2025 11:00,77.9,139.3,103.9,304.3,172.1,89.5,13.8,5.4,79.3
4/22/2025 12:00,85.5,133.9,107.3,312,169.9,91.5,17.2,18.4,71.8
4/22/2025 13:00,93.4,160.9,90.3,288,167.3,77.5,5.1,8.7,56
4/22/2025 14:00,83.8,147.8,78.2,252,164,75.7,2.6,18.8,51.3
4/22/2025 15:00,55,137.5,61.6,219.9,162.5,72.8,1.6,1.8,33.9
4/22/2025 16:00,41.7,112.1,52.9,210.7,142,77.1,0,12.6,26.6
4/22/2025 17:00,30.9,95.1,43.5,200.7,141.5,70.1,0,7.4,40.6
4/22/2025 18:00,28.6,89.5,60.2,174.3,132,51.2,11.7,5.2,39.3
4/22/2025 19:00,36.1,68.1,50.6,151.6,116.2,52.1,2.5,5.4,29.8
4/22/2025 20:00,17.3,74.9,63,150.4,138.3,54.1,10.1,17,56.3
4/22/2025 21:00,16.3,77.9,52.1,134.8,125.4,59.6,1.7,5.6,40.4
4/22/2025 22:00,24.6,71.4,43.2,132.4,133,57.2,0,11.3,55.7
4/22/2025 23:00,14,82.5,55.4,129.9,136.2,51.6,6.3,25.3,47.4
4/23/2025 0:00,14.1,60.9,42.7,126.5,129.6,47.4,0,17.6,55.9
4/23/2025 1:00,11.8,73.4,43.4,133.9,139.5,59,0,25,51
4/23/2025 2:00,10.6,69.6,52.1,135.6,123.2,58,5,14.1,52.1
4/23/2025 3:00,19.4,73.3,46.9,130.4,141.6,64.1,0,8.5,38.9
4/23/2025 4:00,22.3,61.6,60.5,132.5,132.9,55.7,13.6,6.2,52
4/23/2025 5:00,16.1,68.9,46.2,170.7,141.9,56.8,0,21.6,46.5
4/23/2025 6:00,24.1,64.9,58.9,177,126,47.9,8.8,7.4,56.6
4/23/2025 7:00,51.7,68.6,60.6,192.2,133.2,43.9,9.1,7.6,61.2
4/23/2025 8:00,69.5,96,74.9,233.4,154.1,54.2,12.8,18.3,60.3
4/23/2025 9:00,55.4,118.5,70.6,244.6,159.1,60.8,1.1,22.2,60.9
4/23/2025 10:00,57.3,120.9,80.1,245.2,168.5,71.2,6.7,6.5,69.8
4/23/2025 11:00,67,129.8,80.7,244.3,175.3,69.5,5,4.2,56.1
4/23/2025 12:00,72.2,123.3,73.7,248.9,152.5,86.1,3.4,19.8,45.6
4/23/2025 13:00,65.1,122.7,73.4,249.2,151.8,84.5,11.2,18.7,46.2
4/23/2025 14:00,58.4,117.3,67.7,216.5,140.7,70.9,13.3,17.2,46.5
4/23/2025 15:00,45.8,80.5,43.9,192.6,134.9,78.4,0,15.5,39.7
4/23/2025 16:00,31,72.6,48.7,182.9,132.9,79.5,5.4,0,26.6
4/23/2025 17:00,24.2,75.4,48.3,185.6,116.8,67.6,5.3,12.9,24.7
4/23/2025 18:00,26.4,62.1,51.6,178.9,113.8,52.2,7.9,0.7,36.3
4/23/2025 19:00,33,63.5,57.1,142.9,122.3,46.8,12.3,10.3,36.3
4/23/2025 20:00,27.7,63.7,44.6,135,119.7,65.5,0,5.9,52.7
4/23/2025 21:00,12.9,62.4,42.4,132.4,122,57.8,0,9.8,37.1
4/23/2025 22:00,14.9,68.7,51.3,141,120.5,57.3,7.1,16.3,38.9
4/23/2025 23:00,17.5,71.1,41.5,135.6,117.4,63.3,0,9.6,39.1
4/24/2025 0:00,26.4,63.7,42.5,128.5,126.4,48.9,0,16.1,52.8
4/24/2025 1:00,22.4,59.2,39.4,125.1,129.3,55.8,0,10.7,39.4
4/24/2025 2:00,15.9,67.6,38.1,136,122.5,58.1,0,15.1,45.2
4/24/2025 3:00,12.8,67.1,46.6,137.1,120,53.7,3,20.2,49.2
4/24/2025 4:00,23.5,61.7,50.3,142.9,127.7,44.2,5.9,8.2,47.9
4/24/2025 5:00,24,65.2,42.7,161.9,128,49.4,0,19.3,34.3
4/24/2025 6:00,34.3,68.6,40.8,157.6,121,50.5,0,3.4,34.1
4/24/2025 7:00,28.9,62.3,46.4,148.2,122.4,51.6,7.2,9.5,24.4
4/24/2025 8:00,26.3,61.3,44.6,150.9,131.7,55.9,7.1,11.2,28
4/24/2025 9:00,19.6,64.4,43.6,161.3,132.9,49.3,2.1,0,32.9
4/24/2025 10:00,15.9,74.5,48.7,159.3,129.8,58,6.8,1.2,22.1
4/24/2025 11:00,26.2,66.3,54.4,162.3,132.1,51.8,11.5,3.6,21.1
4/24/2025 12:00,20.5,71.8,49.9,154.7,134.9,68.5,8.8,13.8,24.5
4/24/2025 13:00,24.1,72.6,48.9,172,124.1,64.5,5.5,10.5,38.8
4/24/2025 14:00,19.6,78.7,45.9,168.1,124.3,58.2,6.2,0,40.3
4/24/2025 15:00,33.7,75,53.5,158.4,127.4,56.8,11.7,11.3,22.3
4/24/2025 16:00,27.7,56.7,45.4,166.1,126.1,51.2,1.6,0,29.5
4/24/2025 17:00,24.3,60.2,44.6,165.6,125.8,49.8,3.9,5.8,33.8
4/24/2025 18:00,31.2,58.9,48.3,153.8,110.9,63.9,6,3.5,37.1
4/24/2025 19:00,35.5,65.4,54.3,129.5,114.6,53.2,11.3,16,34.8
4/24/2025 20:00,26.6,70,55.2,118.5,115.7,57.6,10.3,18.3,42.2
4/24/2025 21:00,15,63.5,39.2,134.3,128.3,65.6,0,22.7,35.2
4/24/2025 22:00,10.6,69,47.9,128.3,125.3,60.8,4.56,14.64,44.29
4/24/2025 23:00,24.7,66.7,47.8,127.8,118.3,56.6,4.62,14.47,44.27
4/25/2025 0:00,18.2,66.2,47.3,125.1,112.1,52.4,4.57,14.64,44.42
4/25/2025 1:00,20.9,64,49.2,125.9,126.6,47.2,4.59,14.42,44.12
4/25/2025 2:00,26.1,63.1,48.5,127.5,125.6,50.9,4.61,14.39,44.29
4/25/2025 3:00,11,61.6,46.7,127,153.6,65.4,4.59,14.42,44.31
4/25/2025 4:00,15.4,62.4,46.5,126,138.1,61.4,4.6,14.52,45.52
4/25/2025 5:00,30.1,62.1,46.4,150,140.3,55.6,4.55,14.07,44.48
4/25/2025 6:00,76.5,61.3,47.5,143.5,119.5,57.6,4.34,12.4,47.53
4/25/2025 7:00,90.7,61.5,44.3,156,145.3,67.4,4.14,9.22,36.96
4/25/2025 8:00,108.1,69.6,49.9,170.6,164.9,78.4,4.1,11.78,42.55
4/25/2025 9:00,100.3,78.8,56.8,179.9,178.7,73.8,4,11.23,45.59
4/25/2025 10:00,117.6,87.7,65.2,186.9,202.1,104.2,4.06,11.41,49.22
4/25/2025 11:00,139.8,91.5,70.3,194.1,164.3,75,4.1,11.21,45.8
4/25/2025 12:00,113.3,91,66.1,192.5,186.9,105.7,4.43,11.44,43.46
4/25/2025 13:00,106.2,74.2,65.4,185.4,187.3,94.6,5.45,10.94,44.15
4/25/2025 14:00,81.6,77.5,56.9,173.2,161.8,87.3,6.24,9.78,39.42
4/25/2025 15:00,84.5,80,50.4,160.6,159.2,76.2,5.71,8.78,35.6
4/25/2025 16:00,61.5,72,47.9,156.8,166.7,80.2,5.99,8.07,34.44
4/25/2025 17:00,66.8,66.2,47.1,152.6,156.8,69,6.68,7.85,33.6
4/25/2025 18:00,58.6,61.6,46.9,148.8,135.1,57,7.07,7.49,33.98
4/25/2025 19:00,38.6,64,45.7,135,140.3,55.1,6.96,7.74,34.57
4/25/2025 20:00,26.5,70.5,53.8,129.5,146.4,54.9,6.5,12.93,46.01
4/25/2025 21:00,22.5,71.6,49.9,130.1,142.6,54.1,3.73,14.44,44.68
4/25/2025 22:00,33.3,71.2,50.9,129.8,145.8,38.4,3.66,14.44,44.06
4/25/2025 23:00,28.3,69,51.3,129.2,159.7,61.7,3.62,14.47,43.72
4/26/2025 0:00,27.2,66.3,51,127.1,139.4,51.5,3.67,14.33,43.43
4/26/2025 1:00,28.5,64.5,49.7,127.4,139.6,52.1,3.64,14.46,43.84
4/26/2025 2:00,19.5,63.7,50.8,126.3,149.1,50.3,3.67,14.4,43.88
4/26/2025 3:00,20.2,64.4,47.3,126.4,141.6,51,3.69,14.19,45.44
4/26/2025 4:00,25.8,63.9,46.4,126.7,140.4,54.9,3.64,14.21,47.11
4/26/2025 5:00,14.4,64.1,46.6,126,143.5,56.3,3.69,14.02,44.52
4/26/2025 6:00,45.9,60.7,44.4,121.4,132.5,40.4,3.33,11.26,40.32
4/26/2025 7:00,44,55.6,41.5,119,131.8,46.7,2.77,7.15,30.44
4/26/2025 8:00,40.3,53.1,42.2,121,137.6,41.2,2.82,7.08,29.58
4/26/2025 9:00,33.3,51.8,42.5,120.7,122.5,48.5,2.75,7.08,29.74
4/26/2025 10:00,50.5,53.8,45.3,121,136.6,47.3,2.77,6.8,29.07
4/26/2025 11:00,51.7,54.5,43.5,125.3,121.6,54.3,2.77,7,29.31
4/26/2025 12:00,42.7,44.6,44.8,127.6,131.2,60.5,2.75,7.45,30.73
4/26/2025 13:00,42.7,44.6,43.5,126.6,132.6,49.1,2.8,7.09,31.1
4/26/2025 14:00,28.2,46.3,46.4,126.6,122.5,54.9,2.77,7.19,30.51
4/26/2025 15:00,47.8,49.1,44.7,124.5,116.2,55,2.8,7.31,30.71
4/26/2025 16:00,35.7,51.8,44.8,122.4,126.6,62.1,2.79,7.31,29.53
4/26/2025 17:00,34.1,54.8,44.4,120,121.4,57.6,2.75,7.28,30.14
4/26/2025 18:00,24.6,57.9,43.2,119.3,126.4,55.8,2.81,7.24,31.21
4/26/2025 19:00,24,60.4,44.3,121,134.1,51.8,2.83,7.85,31.86
4/26/2025 20:00,24.4,73.5,49.6,125.6,134.4,46.5,3.5,12.98,44.17
4/26/2025 21:00,23.1,73.5,48.1,127.3,136.1,48.7,3.69,14.29,45
4/26/2025 22:00,24.9,71.9,49,126.8,141,54.1,3.67,14.22,43.89
4/26/2025 23:00,25.8,66.9,49,126.3,136.8,46.5,3.68,14.39,44.55
4/27/2025 0:00,25.5,65,48.2,125.1,128.4,42.6,3.68,14.84,44.41
4/27/2025 1:00,17.9,63.8,47.9,125.1,137.6,54,3.7,15.01,44.67
4/27/2025 2:00,28.3,64.9,46.8,125.8,130.7,45.7,3.71,15.21,44.54
4/27/2025 3:00,23.8,64.8,47.4,125.5,131.8,56,3.67,15.63,44.56
4/27/2025 4:00,33.3,64.7,46.3,125.1,139.3,52,3.74,15.65,46.18
4/27/2025 5:00,29.9,64.8,44.7,124.1,134,52.4,3.67,14.59,46.12
4/27/2025 6:00,24.1,61.8,44.9,121.5,127.4,44.1,3.34,11.58,40.45
4/27/2025 7:00,21.6,55.9,39.7,117.4,129.9,52.4,2.85,7.55,31.15
4/27/2025 8:00,27.2,54.1,39.3,119.6,123.6,55.2,2.77,7.16,31.01
4/27/2025 9:00,15.6,53.7,40,121.7,119.1,58,2.85,7.3,30.99
4/27/2025 10:00,18.6,51.8,39.8,122.8,129.8,52.6,2.8,7.34,30.09
4/27/2025 11:00,18,52.4,41.7,124.5,114.7,56.4,2.82,7.11,29.72
4/27/2025 12:00,23.7,51.7,43,123.5,131.5,49,2.84,7.24,29.34
4/27/2025 13:00,15.9,53.6,40.9,121.7,120.5,53.4,2.77,7.1,29.38
4/27/2025 14:00,23.8,54.7,42,121.7,114.7,51.6,2.84,7.17,28.85
4/27/2025 15:00,25.6,52.2,40.7,122.9,117.5,57.6,2.83,7.42,29.31
4/27/2025 16:00,13.9,50.3,44.6,122.6,124.8,48.2,2.82,7.31,30.44
4/27/2025 17:00,19.3,53.8,40.2,121,118.6,54.8,2.85,7.19,30.24
4/27/2025 18:00,18.2,58,42.3,121.8,124.2,48.7,2.82,6.89,31.33
4/27/2025 19:00,27.8,60.5,41.6,121.5,130.1,48.9,2.9,7.32,31.97
4/27/2025 20:00,29.5,68.3,45.1,125.2,139.6,49.9,3.48,12.73,43.48
4/27/2025 21:00,28.4,69,46,126.2,140.8,40.4,3.71,14.11,44.39
4/27/2025 22:00,19.8,67,44.3,124.7,130.9,44.9,3.75,13.99,43.64
4/27/2025 23:00,17.1,64.8,45.9,125.9,143.1,50.3,3.74,14.02,43.71
4/28/2025 0:00,19.6,64.7,45.2,126.5,136.9,56.3,3.76,14.09,43.72
4/28/2025 1:00,28,64.5,44,125.4,144.2,70.1,3.76,14.18,42.91
4/28/2025 2:00,17.3,63,44.9,125.5,132.5,45.5,3.73,13.99,43.79
4/28/2025 3:00,6.9,64.8,45,124.9,137.3,58.9,3.77,14.74,43.83
4/28/2025 4:00,25,64.7,45.3,126.2,139.1,54,3.73,14.76,45.97
4/28/2025 5:00,15.4,64.7,57.1,156.7,147.5,62.7,3.74,14.39,43.96
4/28/2025 6:00,45.5,64.9,52.1,147.3,126.1,45.4,3.35,11.16,46.13
4/28/2025 7:00,80.4,71.6,54.1,165.3,130.1,60.2,2.99,9.45,54.57
4/28/2025 8:00,88.1,88.7,77.6,196.4,142.7,49,4.19,13.88,65.55
4/28/2025 9:00,84.4,115.5,112.3,226.2,174.3,71.7,2.01,16.66,67.61
4/28/2025 10:00,96.3,123,130.7,254.3,174.8,101.1,8.7,17.17,75.62
4/28/2025 11:00,106.5,127.9,136.9,266.8,185.9,95.7,11.04,17.53,71.89
4/28/2025 12:00,101.7,122.9,138.3,267.3,180.9,90.6,6.54,14.07,74.27
4/28/2025 13:00,81.1,117.7,126.1,256.1,145.8,87.9,7.61,12.15,73.67
4/28/2025 14:00,74.3,110.3,119.6,244.8,153.1,90.4,6.76,12.87,68.87
4/28/2025 15:00,40.5,106.2,113.5,239.8,143.2,88.1,7.03,10.13,55.97
4/28/2025 16:00,42.7,106.7,110.2,227.1,152.3,92.2,7.1,12.26,53.14
4/28/2025 17:00,30.3,95.2,95.3,213.7,144.8,65,8,11.84,53.48
4/28/2025 18:00,43.4,92.4,81.4,190.6,142.9,55.9,8.67,10.42,50.83
4/28/2025 19:00,22.5,83.4,65.3,154.1,124,69.3,8.32,8.74,44.95
4/28/2025 20:00,32.9,83.1,59.2,145.2,125.7,54.1,11.49,12.97,49.9
4/28/2025 21:00,27.6,80.6,59.8,143.2,134.7,55.2,12.61,14.57,48.52
4/28/2025 22:00,23.3,77.1,58.5,138.9,136.8,37.2,19.53,14.79,47.95
4/28/2025 23:00,24.4,74.2,59.3,135.1,131.3,35.8,4.55,14.4,47.73
4/29/2025 0:00,4,71.5,58.6,130.5,114.6,56.2,3.22,14.34,46.82
4/29/2025 1:00,15,69.8,58.2,130,137.7,65.3,3.19,14.19,45.75
4/29/2025 2:00,24.9,66.4,58.8,129.1,124.7,61.5,3.24,14.26,46.13
4/29/2025 3:00,25.7,68,56.7,128.9,146.5,54,3.22,14.16,46.89
4/29/2025 4:00,39.4,67.5,56.5,128.6,137.6,57.8,3.24,14.19,47.63
4/29/2025 5:00,12.8,67.9,70.3,156.5,137.2,51.4,3.24,14.1,46.39
4/29/2025 6:00,36.9,67.3,63.2,147.4,125.4,58.7,2.83,11.52,50.83
4/29/2025 7:00,63.9,70.1,69,166.2,132.3,68.4,3.09,9.04,54.21
4/29/2025 8:00,95.2,82.9,87,208.3,156.8,67.9,4.1,11.26,75
4/29/2025 9:00,74.5,116.9,123.8,253.7,171.2,78.7,8.21,11.79,97.9
4/29/2025 10:00,74.3,141.7,141.3,299.5,165.9,97.1,9.51,16.2,103.27
4/29/2025 11:00,71,168.6,153,305,177.6,80.4,5.09,15.11,104.72
4/29/2025 12:00,84.9,183.7,161.2,305.2,160.8,97.4,4.96,14.93,103.25
4/29/2025 13:00,102.8,179.6,151.9,303.9,172.2,73.4,4.29,13.62,95.16
4/29/2025 14:00,80.6,167.3,143,279.5,168.1,73.2,3.65,12.3,83.15
4/29/2025 15:00,58.9,159.6,132.4,252.8,168.7,65.7,2.39,10.3,60.49
4/29/2025 16:00,44.7,143.7,122.9,235.7,139.7,77.7,2.2,10.3,54.01
4/29/2025 17:00,37.9,119.7,107.8,217.1,144.8,71.4,2.23,10.31,51.43
4/29/2025 18:00,35.6,102.3,92.6,197.2,138.4,57.1,2.23,11.04,49.62
4/29/2025 19:00,43.3,88.4,73.2,157.8,125.8,45.5,2.22,7.95,49.27
4/29/2025 20:00,14.9,83.8,63.5,143.8,138.2,45.7,2.87,12.52,55.8
4/29/2025 21:00,12.6,84.6,62.3,146,116.1,67,3.06,14.01,50.04
4/29/2025 22:00,29,82.6,59.5,142.1,133,59.6,3.09,14.15,49.92
4/29/2025 23:00,19.2,77.3,60.1,140.5,138,46.4,3.13,14.2,50.32
4/30/2025 0:00,21.5,73.5,57.5,138.6,137,55.7,3.11,14.31,48.9
4/30/2025 1:00,2.5,68.5,57.5,139.2,147,51.9,3.1,13.98,49.12
4/30/2025 2:00,2,68,57,138,122,57.2,3.12,13.96,49.03
4/30/2025 3:00,22,67.9,55.5,137.8,142.1,59.2,3.08,14.03,48.91
4/30/2025 4:00,30.7,67.6,56.3,137.3,132,50.8,3.13,14.08,50.43
4/30/2025 5:00,26,67.7,68.7,164.5,146.3,47,3.09,14.1,49.84
4/30/2025 6:00,29,63,62.8,157.8,124.2,54,2.65,10.68,51.97
4/30/2025 7:00,50.4,70.2,62.9,178.9,136.3,51.9,2.46,8.5,57.1
4/30/2025 8:00,61.5,84.2,83.8,221.5,147.2,57.8,3.79,11.98,68.91
4/30/2025 9:00,58.1,112,120.2,257.2,158.5,78.35,4.44,15.08,80.31
4/30/2025 10:00,85.3,121.8,145.9,284.6,160.5,78.2,3.92,18.57,77.62
4/30/2025 11:00,98.3,139,161.5,289.2,166.9,78.37,4.13,16.26,86.8
4/30/2025 12:00,101.9,159,154.1,302.8,172.5,75,4.5,12.59,89.49
4/30/2025 13:00,103.9,146.3,149.4,299.4,166.9,73.62,3.68,12.08,88.2
4/30/2025 14:00,84.9,132.6,148.1,273.9,152.6,71.52,5.14,10.28,76.26
4/30/2025 15:00,83.8,130.8,142.3,247.8,150,68.56,4.52,11.86,65.8
4/30/2025 16:00,66.6,122.5,126.6,239.5,140.3,73.16,5.91,10.75,60.28
4/30/2025 17:00,53.4,106.4,114.8,223.7,135.7,66.16,7.15,9.21,53.18
4/30/2025 18:00,42.9,92,101.8,205.5,129.9,60.29,18.93,8.93,48.49
4/30/2025 19:00,33.2,82.1,79.6,162.6,124.7,61.91,32.06,9.07,41.41
4/30/2025 20:00,27.8,81.3,65.3,148,125.4,56.79,36.45,13.43,49.64
4/30/2025 21:00,25.3,74.4,59.9,146.5,137.9,52.93,36.59,14.79,48.7
4/30/2025 22:00,25.5,75,59.2,144.6,134.7,53.1,37.31,14.66,48.25
4/30/2025 23:00,25.1,74,58.4,140.4,134.2,53.83,36.21,14.42,47.75
5/1/2025 0:00,24.8,70.1,55.3,139.4,134,53.47,9.23,14.55,47.79
5/1/2025 1:00,24.9,67.5,54.1,138.3,128.4,53.35,4.61,14.2,47.73
5/1/2025 2:00,24.9,65.4,56.4,136.7,135.1,51.3,3.78,14.23,48.8
5/1/2025 3:00,20.3,59.6,39.9,136.5,129.4,52.5,0,10.6,55.7
5/1/2025 4:00,22.4,65.5,46.5,145.9,124.5,41.1,2.1,15.5,53.2
5/1/2025 5:00,27.9,69.2,47.7,170.2,131.9,51.2,5,22.3,37.2
5/1/2025 6:00,42.4,77.5,42.2,151.2,124,53.3,1.4,0,25
5/1/2025 7:00,19.8,62.3,42.2,149.9,129.4,50.1,3,7.1,19.4
5/1/2025 8:00,32.2,61.2,37.1,153.6,138.7,50.9,0,20.7,19.7
5/1/2025 9:00,15.5,56,47.4,161.1,140.1,56.2,5.9,0,25.8
5/1/2025 10:00,13.4,65.3,52.7,151.1,127.4,52,10.8,0,24.6
5/1/2025 11:00,19.1,64.9,63.3,159.3,128.4,49.5,20.4,10.9,11.4
5/1/2025 12:00,21.1,68.2,49.9,151.4,139.3,68.2,8.8,14.4,33.8
5/1/2025 13:00,25.4,67.6,48.8,175.4,129.3,59.2,5.4,4.2,48
5/1/2025 14:00,25.5,70.5,37.5,175.3,131.7,59.6,0,0,32.4
5/1/2025 15:00,27.1,84.2,44.3,155,118.1,58.3,2.5,10.5,27
5/1/2025 16:00,19.3,63.4,44,170,117.5,61.1,0.2,8.5,26.3
5/1/2025 17:00,31.7,61.7,41,161.4,128.4,45.7,0.3,0,37.9
5/1/2025 18:00,33.6,67.9,43.3,162.7,119.3,73.5,1,0,31.1
5/1/2025 19:00,30.3,75.4,46.1,135.8,124.5,56.4,3.1,16.6,34.4
5/1/2025 20:00,34.9,73.4,64.4,119.5,120.6,53.1,19.5,15,43.5
5/1/2025 21:00,7.9,58.9,45.9,133.4,127,66.9,6.7,20.6,34.1
5/1/2025 22:00,9.8,59.8,49.4,124.6,117.3,64.5,6.1,7.8,37.6
5/1/2025 23:00,19.8,71.8,56.8,124.3,121,61.5,13.6,11.4,40.9
5/2/2025 0:00,13.3,65.6,57.3,134.5,119.6,43.4,14.6,11.7,37.5
5/2/2025 1:00,11.1,67,52.6,124,125.5,49.3,8,16.9,35.2
5/2/2025 2:00,32.2,71.4,43.9,127.8,129.5,50.8,0,9.1,48.1
5/2/2025 3:00,19,55.2,37.5,136.8,161.7,73.5,0,24,46.9
5/2/2025 4:00,19,64.1,51.6,129.2,129,57.1,9.7,14.5,38
5/2/2025 5:00,23.3,64.8,45.8,150.9,146.2,61.6,4,20.3,51
5/2/2025 6:00,75.3,61.1,50.5,141.8,115.4,59.7,7.4,14.9,39.6
5/2/2025 7:00,87.6,53.3,52.6,149.8,142.8,64.4,12.5,16.8,32.9
5/2/2025 8:00,109.9,66.6,43.5,167.8,157.8,81.1,0,19.6,42.8
5/2/2025 9:00,103.1,75.5,58.5,185,179.3,76.2,5.7,17.5,52.3
5/2/2025 10:00,116.1,91.1,67.9,189.4,203.4,107.8,6.8,2,42.1
5/2/2025 11:00,134.8,98.7,70.1,199.3,170.2,79.4,3.9,12.3,54
5/2/2025 12:00,120.2,87.6,57.9,186.6,180.3,108.9,0,7,33.9
5/2/2025 13:00,100.2,78.1,62.4,186.4,178.9,101.4,2.4,4,42.7
5/2/2025 14:00,79.3,73.3,53.6,181.8,169.2,89.9,2.9,17.7,32.4
5/2/2025 15:00,84.2,88.9,53.8,159.4,161.6,84.3,9.1,11.9,38.7
5/2/2025 16:00,56.2,78.3,55.1,160.8,161.5,83.1,13.1,0,29
5/2/2025 17:00,68.2,67.2,43.7,145,165.1,65.2,3.3,5.5,41.2
5/2/2025 18:00,60.1,60.7,50.8,158.3,128,55.8,10.9,16.7,31.7
5/2/2025 19:00,48.5,60.3,41.5,137.2,139.5,56.7,2.7,10,42.3
5/2/2025 20:00,22.4,67,62.7,124.3,141.5,59.5,15.4,15.4,52.5
5/2/2025 21:00,32.1,81,56.2,123.3,137.7,45.9,10,9,36.9
5/2/2025 22:00,36.5,69.3,51.9,130.8,136,34.3,4.7,9.2,37.5
5/2/2025 23:00,23.8,69.3,50.4,130.2,165.8,66.6,2.7,7.5,35.9
5/3/2025 0:00,27.9,71.2,49.1,123,143.4,48.3,1.8,19,39.4
5/3/2025 1:00,30.4,66.1,47.9,132.3,141.4,48.4,1.9,18.6,48.4
5/3/2025 2:00,21.9,64.1,55.5,130.4,145.7,50.7,8.4,12.7,42.5
5/3/2025 3:00,15.7,63.5,46.3,126,141,55.7,2.7,14.6,46.6
5/3/2025 4:00,23.4,63.8,46.5,138.7,142.2,50.48,3.88,14.22,45.87
5/3/2025 5:00,22.2,62.8,51.5,135.7,139.1,49.54,3.85,13.24,44.41
5/3/2025 6:00,21.7,56.3,46,128.9,135,45.71,3.83,8.21,32.07
5/3/2025 7:00,21,54.5,41.9,132.2,134.1,45.36,9.9,7.21,31.4
5/3/2025 8:00,23.9,54,41.3,133.3,132.7,45.65,11.3,7.23,30.89
5/3/2025 9:00,21.2,54.1,39.4,136.1,135.8,47.5,11.17,7.5,38.42
5/3/2025 10:00,23.9,53.4,43.9,139.9,129.3,50.16,11.04,8,39.05
5/3/2025 11:00,23.5,54.6,46.1,140.6,136.4,49.95,10.33,8.41,35.61
5/3/2025 12:00,22.9,51.9,46.1,140.7,130.4,50.29,10.47,8.9,32.27
5/3/2025 13:00,23.7,50.5,46.1,141.6,130.1,50.86,10.33,8.72,32.64
5/3/2025 14:00,22.4,59.8,43.4,145.9,130.7,49.67,11.05,8.49,31.92
5/3/2025 15:00,23.2,60,45.2,144.6,131.3,47.93,12.68,7.6,32.46
5/3/2025 16:00,23.7,56.5,49.1,142.9,127.5,48.89,15.27,7.47,31.88
5/3/2025 17:00,22.5,59.3,43.8,141.5,127.2,49.58,14.12,7.5,32.71
5/3/2025 18:00,21.8,60.6,45.2,139.2,128.8,48.22,11.02,7.48,33.5
5/3/2025 19:00,23,62.4,40.5,136,124,48.33,10.85,8.81,37.96
5/3/2025 20:00,24.5,71,54.3,138.8,134.8,52.35,9.13,14.36,46.99
5/3/2025 21:00,24.5,70.6,49.2,139.1,130.5,51.36,5.1,14.36,46.95
5/3/2025 22:00,24.3,69.9,46.4,137.9,134.6,51.1,3.91,14.61,46.76
5/3/2025 23:00,24.5,67,45.6,137.9,128.4,50.3,3.98,14.27,45.84
5/4/2025 0:00,24.1,64.1,48.7,137.5,136.3,49.72,3.93,14.24,45.67
5/4/2025 1:00,24,64.1,48.4,137.6,132.4,49.22,3.99,14.39,46.01
5/4/2025 2:00,23.7,63.2,42.7,137.1,134.8,50.13,3.97,14.19,45.84
5/4/2025 3:00,23.5,63.5,52.3,137.6,133.1,50.19,3.98,14.25,46.04
5/4/2025 4:00,23.3,63,50.4,136.8,134.6,49.45,3.97,14.36,46.6
5/4/2025 5:00,22.3,63.5,44.3,135.9,135.2,48.87,3.85,13.3,44.66
5/4/2025 6:00,19.1,56,41.1,129.9,126.6,45.45,3.15,7.74,31.31
5/4/2025 7:00,20.1,55.2,43,129.9,125,44.35,5.34,7.09,31.28
5/4/2025 8:00,27.8,54.4,39.3,129.8,124.9,44.02,7.99,7.08,30.7
5/4/2025 9:00,23.9,52,42.2,133.7,125.9,45.56,8.76,7.22,32
5/4/2025 10:00,24.4,49.8,39.9,139,125.3,59.16,11.02,7.26,32.42
5/4/2025 11:00,25.1,46,39.4,140,126.8,60.84,8.73,7.22,32.39
5/4/2025 12:00,20.4,46.7,46.3,138.8,123.1,63.07,9.73,7.22,32.86
5/4/2025 13:00,19.5,46.2,45.7,142,127.8,58.45,9.11,7.46,32.91
5/4/2025 14:00,19,49.5,39.4,145.5,126,50.53,9.46,7.41,33.31
5/4/2025 15:00,20,54,41.2,144.2,127,50.98,6.36,7.46,32.12
5/4/2025 16:00,19.8,55.5,43.4,141.4,129.7,49.21,3,7.82,32.19
5/4/2025 17:00,19.1,61,44.4,139.1,126.2,53.32,3.1,7.51,32.16
5/4/2025 18:00,20,64.6,42.4,135.1,133.7,55.87,3.08,7.5,32.61
5/4/2025 19:00,21.6,65,45.4,134.3,122.7,55.81,3.22,8.9,38.03
5/4/2025 20:00,23.1,71.9,48.7,141,133.1,56.44,3.91,14.44,46.53
5/4/2025 21:00,24.1,71.7,43.8,140.9,133.6,53.78,3.9,14.73,46.64
5/4/2025 22:00,23.4,70.8,47.2,141.3,131.7,54.48,3.94,14.39,45.73
5/4/2025 23:00,23.6,67.4,45,139.8,130.2,54.79,3.91,14.45,44.79
5/5/2025 0:00,23.4,64.8,53.9,138.8,132.3,53.03,3.98,14.11,44.72
5/5/2025 1:00,23.2,62.9,44.2,137.5,128.2,51.9,3.93,14.36,44.97
5/5/2025 2:00,23.2,62.4,51.3,136.8,133.5,51.8,3.97,14.26,44.82
5/5/2025 3:00,23.4,61.7,40.7,136.5,135.4,51.63,3.93,14.42,45.29
5/5/2025 4:00,23.2,60.9,41.3,156.1,131.1,51.39,3.94,14.17,44.84
5/5/2025 5:00,21.9,61.8,58.8,153.7,129.6,52.23,3.9,13.71,47.04
5/5/2025 6:00,57.1,60.8,62.1,159.5,129.9,48.58,3.75,9.41,48.06
5/5/2025 7:00,82.5,71.4,53.9,192.3,135.8,49.97,5.46,9.93,49.97
5/5/2025 8:00,92.2,99.3,70.6,228.4,150.2,73.55,5.38,12.08,63.09
5/5/2025 9:00,87.8,124.6,113.1,257.2,170.6,90.11,6.49,15.43,67.38
5/5/2025 10:00,96,138.2,127.6,272.2,171.1,99.11,11.4,15.76,61.27
5/5/2025 11:00,105.1,145.9,137.9,276.3,170.1,105.78,9,15.07,64.14
5/5/2025 12:00,97.2,146.1,139.2,281.1,169.7,102.89,5.61,12.69,62.15
5/5/2025 13:00,88.8,146.1,125.2,275.4,173.3,102.29,5.06,12.31,60.09
5/5/2025 14:00,82.6,131.8,116,268,169.3,113.77,3.51,11.56,53.65
5/5/2025 15:00,71.7,116.8,107.3,263,170.6,119.96,3.03,10.41,48.66
5/5/2025 16:00,56.7,106.5,114.1,256.2,161.2,111.75,3,11.4,49.84
5/5/2025 17:00,51.8,93.8,96.7,228.6,149.7,94.33,2.91,9.05,49.35
5/5/2025 18:00,36,83.1,76.1,193.1,139.9,95.83,2.95,7.72,46.97
5/5/2025 19:00,29.8,74.9,70.8,155.9,138.8,81.47,3.05,9.7,45.49
5/5/2025 20:00,30.4,75.6,50.1,151.9,143.7,72.28,3.74,14.96,51.88
5/5/2025 21:00,26.7,72.6,64.7,150.5,146,63.59,3.74,14.86,51.25
5/5/2025 22:00,24.9,70.1,62.6,145.6,142.6,54.79,3.72,14.68,48.82
5/5/2025 23:00,25.2,68.3,65.5,142.4,143.3,52.4,3.8,14.63,48.09
5/6/2025 0:00,25.1,65.7,56.3,138.9,141.1,51.43,3.73,14.74,47.89
5/6/2025 1:00,24.9,65.8,61.5,139,131.6,52.45,3.77,14.66,47.61
5/6/2025 2:00,24.9,63.3,65.2,139.1,133.9,52.65,3.74,14.69,47.28
5/6/2025 3:00,25,64.1,66.3,138.6,136.1,51.97,3.76,14.51,48.33
5/6/2025 4:00,24.8,63.1,56.4,154.5,134.6,51.14,3.77,14.58,48.15
5/6/2025 5:00,23.2,61.6,61,155,130.8,51.09,3.67,13.49,49.76
5/6/2025 6:00,53,62.6,63.2,160.3,126.2,48.25,3.78,9.14,46.67
5/6/2025 7:00,73.3,67.2,70.8,185.8,138.1,48.72,6.87,9.5,52.64
5/6/2025 8:00,85,100.3,94.4,221.8,148.4,76.46,7.83,10.85,70.12
5/6/2025 9:00,76,122.5,131.3,258.4,189.3,115.5,8.16,15.07,74.17
5/6/2025 10:00,86.5,141.6,140.1,272.4,207.8,131.18,8.74,15.44,70.93
5/6/2025 11:00,94.8,141.4,153.5,290.2,196.4,131.44,8.59,13.91,67.19
5/6/2025 12:00,90.7,133.1,160.3,293.7,188.9,108.43,9.01,13.87,65.75
5/6/2025 13:00,90,143.7,156.3,283.5,186.4,105.78,7.54,13.18,61.71
5/6/2025 14:00,81.7,141.4,141.2,265.6,190.7,119.78,8.07,12.63,57.14
5/6/2025 15:00,81.5,135.4,135.5,256.6,186.6,124.16,6.97,12,51.73
5/6/2025 16:00,79,132.3,116,231,180.1,111.36,3.54,12.51,49.58
5/6/2025 17:00,56.4,114.8,107.2,203.2,154,119.86,2.28,11.8,44.2
5/6/2025 18:00,47.2,90.6,102,176.1,150.7,102.4,3.32,11.72,41.89
5/6/2025 19:00,38.9,83.5,70,157.4,143.7,89.66,3.75,9.84,44.57
5/6/2025 20:00,35.8,82.8,67.4,156.8,149,72.49,4.47,14.88,52.04
5/6/2025 21:00,26.9,79.1,65.3,151.4,152.8,63.53,3.88,14.87,51.07
5/6/2025 22:00,26.9,74.9,66.5,146.7,146,62.66,3.76,14.69,50.52
5/6/2025 23:00,26.2,70.5,67.1,145.6,143.9,61.58,3.76,14.78,49.63
5/7/2025 0:00,25.2,68.8,64.7,144,144.1,62.32,3.75,14.77,48.46
5/7/2025 1:00,25.1,68.4,55.1,143.6,140.6,61.76,3.8,14.65,47.93
5/7/2025 2:00,25.4,66,53.3,143.5,142,60.95,3.73,14.71,48.09
5/7/2025 3:00,25.2,65.6,59.9,143.1,139.6,60.09,3.74,14.82,48.91
5/7/2025 4:00,24.4,64,69.2,152.25,139.05,59.28,3.91,14.43,51.44
5/7/2025 5:00,23.4,61.5,70.6,158.6,138.7,58.82,3.4,8.2,42.2
5/7/2025 6:00,62.5,60.2,66.7,163.3,133.8,56.56,12.4,3.5,60.4
5/7/2025 7:00,84,75.3,66.5,195,146.1,58.32,5.6,9.3,65.5
5/7/2025 8:00,86.5,86.7,97.1,230.2,168.9,76.59,4.6,18,76.8
5/7/2025 9:00,86.4,117.2,126.9,259.4,176.8,118.22,2.7,22.3,82.4
5/7/2025 10:00,88.6,115.9,150.8,274.8,201.8,131.89,0,14.7,71.2
5/7/2025 11:00,95.4,140,176,295.3,196.3,133.57,1.4,20.4,87.4
5/7/2025 12:00,87.6,167.6,165.4,294.7,203.5,121.72,9.6,13.1,91.5
5/7/2025 13:00,85.1,145.1,154.6,294.6,192.7,108.54,6.2,4.8,91.8
5/7/2025 14:00,73.2,136.6,162.1,274.9,187.4,124.6,10.3,20.2,69.3
5/7/2025 15:00,63.3,123.2,158.7,262.3,191.4,129.41,0,21.4,69.1
5/7/2025 16:00,57,132,146,249.6,174.4,136.71,6.9,3.7,56.3
5/7/2025 17:00,53.9,108.6,128.2,229.7,163.2,119.41,15.7,17.9,59.5
5/7/2025 18:00,39.7,86.8,96.2,193,160,103.31,17.7,17.3,45.5
5/7/2025 19:00,33.1,75.3,76.5,164.9,148.2,91.2,36,5.4,33.5
5/7/2025 20:00,28.8,82.3,73.8,163.4,148.7,79.84,28.9,14.6,58
5/7/2025 21:00,26.6,75.4,73.2,158.7,151.5,71.69,46.1,23.8,51.9
5/7/2025 22:00,26,66.9,69.8,154.4,147,67.13,39.5,7,56.9
5/7/2025 23:00,26.6,83.8,70.1,150.9,147,63.49,31,10.8,54
5/8/2025 0:00,25.6,78.4,67.6,148.7,147.8,62.37,2.4,22.1,52
5/8/2025 1:00,25.5,66.7,66.4,147.8,143.2,63.4,5.6,18.7,39.3
5/8/2025 2:00,25.5,57.7,67.2,146.3,143.2,57.65,4.8,19.5,38.8
5/8/2025 3:00,25.5,66.2,67.2,143.4,147.8,54.33,0,18.2,64.4
5/8/2025 4:00,25.7,65.5,69.2,158.3,138.6,54.22,11.9,13.8,46.2
5/8/2025 5:00,26.3,73.5,69.8,158.7,146.1,54.45,13.3,20.5,40.3
5/8/2025 6:00,61.1,77.7,68.1,162.5,139.2,50.39,0.6,0,21.4
5/8/2025 7:00,82.2,57.8,72.9,189.1,148.8,50.79,0,15.8,17.2
5/8/2025 8:00,88.3,67.9,106.8,214.6,173.1,86.92,6.6,28.6,24.1
5/8/2025 9:00,96.9,65.6,134.5,251.8,193.3,124.93,5.9,8.7,31.5
5/8/2025 10:00,100.2,60.2,156.9,273.3,203,136.43,15.1,0,24.2
5/8/2025 11:00,95.4,65.9,179.7,277.2,201,124.39,20.6,16.5,2.7
5/8/2025 12:00,89.9,65.9,167,272.1,204.5,113.01,4.3,6.5,35.4
5/8/2025 13:00,92.8,76,157.6,283.2,206.1,129.69,12.1,0,57.2
5/8/2025 14:00,88.8,70.7,151.3,273.9,207.1,132.84,9.6,5.2,28
5/8/2025 15:00,70.6,91.8,155.3,244.3,195.3,128.21,0,12.7,18.8
5/8/2025 16:00,64,70.7,145.6,227.7,187.9,119.84,1.2,3.8,36.2
5/8/2025 17:00,61.4,57.2,138.8,212.1,172.6,117.25,0,1.3,31.5
5/8/2025 18:00,47.5,73.7,105.9,179.3,160.8,112.6,9.4,0,28.8
5/8/2025 19:00,34.8,73.7,70.4,157.6,149.8,105.94,3.3,11.2,30.8
5/8/2025 20:00,30.2,82.1,67.7,158.4,157,85.86,27.1,18.7,42
5/8/2025 21:00,27.6,59.1,61.6,156.4,155.8,66.1,14,17.8,38
5/8/2025 22:00,27,66.2,61.4,151.5,151.3,64.29,1.6,11.6,35.9
5/8/2025 23:00,25.9,67.5,61.1,147.5,148,61.65,19.4,10.9,46.8
5/9/2025 0:00,25.6,61.6,58.2,146,145.7,62.62,12.9,11.7,34.2
5/9/2025 1:00,25.5,68.7,58.5,143.5,145,61.28,16.7,19,41.2
5/9/2025 2:00,25.3,81.4,58.4,143.4,146.3,62.07,0.2,13.3,51.2
5/9/2025 3:00,25.5,55,58.9,143.7,141.4,61.56,6.4,21.5,41.8
5/9/2025 4:00,25.5,57.1,65.2,157.1,141.4,58.78,5.4,21.5,36.4
5/9/2025 5:00,25.5,65.6,75.9,154.1,141.5,55.97,0,20.1,50.9
5/9/2025 6:00,61.5,58,67.8,157.2,135.6,54.76,9.1,7.7,40.3
5/9/2025 7:00,83.2,54.3,74.5,186.7,143,60.11,22.5,10.7,33.5
5/9/2025 8:00,85,67.5,101.3,222.8,162.4,86.77,0,10.2,49.2
5/9/2025 9:00,84.7,74.6,131.3,254,182.3,120.33,0,22.8,50
5/9/2025 10:00,85.8,87.5,142.4,278.2,197.6,134.39,7.6,0,43.7
5/9/2025 11:00,86.5,92.5,164.2,282.4,205.4,146.44,0.8,7.7,52.4
5/9/2025 12:00,87,91.5,161.8,289.3,201.4,132.86,1,5.3,35.5
5/9/2025 13:00,81.2,79.5,138.9,294.2,208,114.05,3.3,8.8,46.6
5/9/2025 14:00,84.1,68,133,259.4,188,106.16,2,27.5,37.4
5/9/2025 15:00,103.6,94.4,124.3,236.3,174.6,103.21,5.5,17.1,42.8
5/9/2025 16:00,87.4,69.2,99.9,221.5,174.7,98.69,6.9,0,23.7
5/9/2025 17:00,59.2,72.1,92.9,207.3,173.8,90.61,7.2,14,31.3
5/9/2025 18:00,60.8,64.8,75.2,179.7,158.6,88.72,12.3,26.4,41.6
5/9/2025 19:00,41.2,66.5,67.4,154.7,152,81.54,0,17.3,32.6
5/9/2025 20:00,34.7,64.7,67.8,155,156.1,73.49,20.9,15.2,53.7
5/9/2025 21:00,28.9,84.3,62.1,151.7,153.5,70.7,0.9,5.5,46.1
5/9/2025 22:00,25.8,75.7,60.5,150.2,148.9,63.52,9.6,8.4,45.9
5/9/2025 23:00,25.7,78.9,60.1,149.2,146.8,61.09,6.8,2.4,27.1
5/10/2025 0:00,25.9,71.2,60.6,146.6,147.4,64.31,4.9,18,37.9
5/10/2025 1:00,25.7,61.5,62.1,144.7,148.4,62.97,0.8,14,51.9
5/10/2025 2:00,25.7,64.1,60.6,145.3,147.5,64.83,10,15.1,46.2
5/10/2025 3:00,25.8,64.4,60.6,144.8,143,64.66,5.9,13.4,49.8
5/10/2025 4:00,25.3,67.5,60.4,143.3,143.3,64.11,8.7,12.3,43.8
5/10/2025 5:00,22.2,66.5,58.2,141.6,140.3,61.45,3.8,14.4,40.9
5/10/2025 6:00,24.3,55.7,54.3,136.2,132.9,57.84,0,10.6,35.6
5/10/2025 7:00,25.5,54.8,53.8,139.1,140,61.91,9.9,8.1,36.1
5/10/2025 8:00,29.7,53.6,54.4,143.3,143.3,63.42,12.2,7.5,35
5/10/2025 9:00,33.4,56.3,58.7,147.6,149.8,67.35,14.9,11.3,35.8
5/10/2025 10:00,25.7,52.5,59.2,152.4,152.6,69.64,14.8,10.9,42.3
5/10/2025 11:00,24.5,56.1,61.4,154.8,158.7,83.29,9.7,8.6,31.2
5/10/2025 12:00,24.2,48.4,63.1,158.1,171.6,87.04,10.7,8.4,28.6
5/10/2025 13:00,27.6,50.2,64.9,163.9,170.9,82.44,9.9,12,37.3
5/10/2025 14:00,26.9,64.5,59.7,165.4,169.2,81.48,13.3,3.9,34
5/10/2025 15:00,27,58.4,61.8,161.5,166.9,70.08,11.8,12.6,31.2
5/10/2025 16:00,27,58.4,63.8,161.3,168.4,66.71,16.8,7.7,27.1
5/10/2025 17:00,24.9,60.8,59.8,153.7,165,68.61,10.7,6.5,37.4
5/10/2025 18:00,28.9,64.1,57.1,151.7,161.1,89.95,10.7,9.8,32.2
5/10/2025 19:00,25.3,65.9,58.2,151.7,159.3,81.53,15.5,9.4,40
5/10/2025 20:00,26.7,74.6,61.4,149.4,161.4,72.4,7.5,14.5,48.6
5/10/2025 21:00,24.7,73,60.3,148,164.5,62.48,7,15.7,42.7
5/10/2025 22:00,25,74.6,59.7,144.7,155.1,62.78,5.4,10.1,50.1
5/10/2025 23:00,24.9,76.1,59.6,145.2,148.5,60.31,7.5,12.2,49.5
5/11/2025 0:00,24.7,70.3,59,144,148.7,58.11,7.5,13.2,41
5/11/2025 1:00,24.8,66.2,59.4,143.1,144.7,58.27,7.6,12.4,44.7
5/11/2025 2:00,24.9,64.7,58.7,143.7,144.5,58.63,2.8,17.5,41.6
5/11/2025 3:00,24.7,65.1,57.8,143.5,142.5,60.7,2.1,13.9,41.8
5/11/2025 4:00,24.5,65.6,56.9,144,149.6,56.71,6.2,13.6,47.3
5/11/2025 5:00,21.2,65.4,56.4,140.9,151.4,54.3,6.4,14.4,47.8
5/11/2025 6:00,19.9,61.8,52.5,135.9,144,62.43,6.9,3.3,27.8
5/11/2025 7:00,22.4,57.3,51,139.2,143.2,71.43,0.7,7.3,28.1
5/11/2025 8:00,27.9,54.9,51.7,139.9,141.4,73.6,3.7,3.5,33.1
5/11/2025 9:00,29,53.4,56.4,144.2,147.1,75.25,10.1,10.5,34.5
5/11/2025 10:00,28.5,53.4,57.8,148.3,150,70.78,15.2,6.8,34.4
5/11/2025 11:00,26.8,54.1,59.2,150.6,158,79.6,13.7,9.4,30.4
5/11/2025 12:00,24.6,54.2,58.3,152.4,152.2,76.6,12.2,3.4,32
5/11/2025 13:00,24.2,53,60.3,154.9,155.7,78.78,8.4,10.2,31.3
5/11/2025 14:00,22.5,55.3,57.1,155.7,159.6,84.34,5.4,11.8,36.1
5/11/2025 15:00,23.2,56.7,57.5,156.2,159.9,81.1,7.7,9.4,34.1
5/11/2025 16:00,20.6,61.6,56.6,152.4,163.3,74.54,6.7,4.2,30.1
5/11/2025 17:00,20.8,67.1,56.4,152,159.4,78.11,2.5,6.6,28.7
5/11/2025 18:00,21.1,66.8,54,147.6,152.6,73.47,5,7,36.4
5/11/2025 19:00,22.2,66,56.4,142,154.4,70.91,7.3,5.7,33.4
5/11/2025 20:00,25.4,72.1,60.5,146.5,158.3,72.42,0,15.3,49
5/11/2025 21:00,25.5,74.7,59.5,144.8,156.5,73.72,6.9,16.9,46.7
5/11/2025 22:00,25.3,75.1,58.3,144.5,157.2,71.25,1.9,11.4,40.8
5/11/2025 23:00,24.6,71.9,56.8,141.6,152.8,69.58,2.7,14,48.1
5/12/2025 0:00,25.5,70.1,59.1,131.1,129.2,53.6,0,9.1,48.3
5/12/2025 1:00,23.1,60.5,51.6,144.1,130,60.2,4.6,18.2,52.5
5/12/2025 2:00,31.3,58.7,42,136.8,136.3,58.4,5.3,22.4,45.9
5/12/2025 3:00,19.1,66.1,32.1,140.8,133.9,46.8,9.8,20.3,51.9
5/12/2025 4:00,29.2,66.1,43.9,156.3,126.1,57.9,0,18.5,53.2
5/12/2025 5:00,24.1,69.2,67.2,149.2,136.5,51.9,0,6.2,47.1
5/12/2025 6:00,54.2,51.5,72,166.2,123.9,54.7,11.2,1.7,52.2
5/12/2025 7:00,85.3,62.8,58.8,201.9,133.5,54.9,7.9,8.9,48.4
5/12/2025 8:00,94.6,101.9,69.3,223.3,149.9,70.3,0.2,9.3,56.2
5/12/2025 9:00,91.3,133,105.1,258.2,165.3,82.4,14.7,15.9,76.8
5/12/2025 10:00,100.5,148.1,130.3,269.9,172.5,108.4,4.3,13.4,61.7
5/12/2025 11:00,108.3,150.8,145.4,284.7,171.6,98.6,8.2,20.9,73.7
5/12/2025 12:00,104,144.8,138.1,281.3,179.6,112.2,0.7,12.9,54.7
5/12/2025 13:00,91.4,138.1,129.1,283,169.2,109.5,0.2,21.3,54.3
5/12/2025 14:00,90.7,134.5,124.1,275.3,178.9,118.3,0,9.1,56
5/12/2025 15:00,74.6,124.3,98.2,258.5,173.8,129.6,9.1,8,43
5/12/2025 16:00,52.9,105.4,120,262,156.7,121.1,11,16.8,43.5
5/12/2025 17:00,50.6,97.7,92.6,226.9,151,100.4,6.5,17.3,54.3
5/12/2025 18:00,37.6,91.2,73.6,201.8,143.6,93.1,0,9,48.2
5/12/2025 19:00,34.4,65.8,63.7,156.1,143.7,87.3,1.9,12.9,52.3
5/12/2025 20:00,22.3,81.5,50.7,158.3,134.7,62.6,0.7,8,58.2
5/12/2025 21:00,22.6,68.5,66,146.2,148.1,64.3,5.5,22.2,50.6
5/12/2025 22:00,29.8,67.6,68.5,141.6,142.5,53.9,6.5,8.3,45.1
5/12/2025 23:00,18.7,61.2,58.9,144.1,151.4,55.9,2.3,18.9,50.9
5/13/2025 0:00,17.7,66.3,47.9,148.9,136.8,54.9,0,13.1,54.4
5/13/2025 1:00,25.7,67.1,68.9,138.8,137.6,54.1,10.7,10.9,40.9
5/13/2025 2:00,34.4,69.2,67.6,132.1,136,59.1,0,20.1,53.3
5/13/2025 3:00,25.6,57.5,61.1,139.4,133.1,60.8,1.5,13.4,51.3
5/13/2025 4:00,33,54.7,64.7,151.4,137.3,43.3,3.4,17.1,42
5/13/2025 5:00,29.8,69,53.9,156,133.2,45.8,0,5.8,41.9
5/13/2025 6:00,48.1,65,62.4,161.2,129.8,38.8,5.2,1.8,38.2
5/13/2025 7:00,79.8,62,65.9,184.9,142.5,56.4,8.4,3.6,54.7
5/13/2025 8:00,84.7,108.6,89.5,218.2,151.6,77.7,17.7,13.3,77.1
5/13/2025 9:00,82.1,115.4,121.5,252.2,196.1,123.8,4.1,10.1,64.7
5/13/2025 10:00,91.5,140.8,146.2,276.3,210.4,125.6,18.3,14.6,66.6
5/13/2025 11:00,91.5,136.5,161.5,291.6,204.5,122.7,11.8,21,68
5/13/2025 12:00,83,128.2,163.9,288.4,191.8,114.9,4.5,14.7,57.1
5/13/2025 13:00,99.2,133.9,149.5,289,182.6,114,8.9,3.3,63.7
5/13/2025 14:00,74.5,147.5,140,256.5,189.5,115.8,11.8,20.3,62.3
5/13/2025 15:00,90.9,143.4,132.4,261.5,188.2,122.3,11.9,6.8,47.9
5/13/2025 16:00,86.2,135.9,117.8,235.1,184.7,104.2,0,14.3,50.6
5/13/2025 17:00,60.9,108,110,209.4,145.8,128.8,4.4,11.3,47
5/13/2025 18:00,56.8,89.4,100.5,173.8,146.6,98.5,3.3,9.9,32.5
5/13/2025 19:00,48.2,80.4,65,160.7,148.6,89.5,11.8,1.4,40
5/13/2025 20:00,41.8,84.6,74.3,163.2,142.5,64.4,0.2,16.9,61.6
5/13/2025 21:00,24.3,81.9,59.3,161,145.4,71.3,9.9,9.8,52.4
5/13/2025 22:00,32.8,73.4,64.2,146.6,146.8,55.4,5.9,15.6,51.8
5/13/2025 23:00,16.5,65.5,66.8,136.3,153.3,60.7,0.8,17.2,55.4
5/14/2025 0:00,26,75.7,59.4,144,144.7,65.7,6.5,15.9,39.4
5/14/2025 1:00,24.2,62.4,56.5,145.4,148.9,66.6,6.2,21.2,44.2
5/14/2025 2:00,28.9,63.7,54.8,150.9,148.6,69.9,7.3,5.7,57
5/14/2025 3:00,28.7,65.3,69.8,150.6,134.7,58.5,8.2,7.8,39.1
5/14/2025 4:00,26.1,58.7,65.1,151.1,145.5,64.1,7.1,17.5,48.6
5/14/2025 5:00,29.8,62.9,80.2,159.1,138.3,51.9,10.2,0,37.8
5/14/2025 6:00,71.3,61.7,69.9,162.4,139.9,54.9,15,10.6,58.4
5/14/2025 7:00,76.2,85.2,62,199.4,151,50.3,13.7,12.6,59.4
5/14/2025 8:00,81.2,82.6,98.4,228.4,165.7,76.4,7.5,24.8,81.8
5/14/2025 9:00,76.9,126.8,130.6,262.5,169.1,116.4,0,18.3,86.9
5/14/2025 10:00,96.3,119.1,155.7,267.9,211.1,140.9,0,23.1,80.7
5/14/2025 11:00,96.6,135.5,167,294.7,189.1,124.2,3,11.4,91.5
5/14/2025 12:00,95.9,168.9,167.5,304.1,212.8,119.1,14.2,11.4,83.4
5/14/2025 13:00,79.5,148.8,154.5,291.4,199.9,107.4,0,0,89.9
5/14/2025 14:00,64.5,141.5,170.2,278.8,191.9,133.6,6.2,23.6,74.1
5/14/2025 15:00,69.8,114.2,154.4,265.3,201,136.5,4.9,23.6,61.1
5/14/2025 16:00,65.2,134.1,152,256.6,183.7,128.7,0.4,7.5,62.4
5/14/2025 17:00,49.9,108.5,130.3,236.7,169.3,123.1,8.3,19.8,52.5
5/14/2025 18:00,37.9,94.9,93.2,200.2,157.3,104.2,18.5,23,47.2
5/14/2025 19:00,25.9,71,79.2,162.5,154,100.8,45.4,0,31.1
5/14/2025 20:00,37.7,88.3,76.2,159.7,139,77,29.5,13.7,59.7
5/14/2025 21:00,22.7,77.5,76.8,163.1,152.2,69.7,54.4,25.4,58.9
5/14/2025 22:00,25.9,63.9,74.2,159.6,146.1,60.9,46.1,15.6,52.7
5/14/2025 23:00,18.5,86.5,73.3,158.3,150.5,55.9,26.1,2.7,47
5/15/2025 0:00,33.3,80.8,74.4,139.4,151.2,69.3,8.9,18.1,51.3
5/15/2025 1:00,18.2,70.3,69,139.2,144.9,62.5,5.2,16.1,47
5/15/2025 2:00,24.6,62.1,75.3,148.9,149.6,60.9,10.9,17.1,30.7
5/15/2025 3:00,28.9,69.4,70.1,151.8,156.6,57.2,4.9,9.6,68.8
5/15/2025 4:00,30.6,72.3,65.4,168.2,130.8,56.2,8.7,12.3,53.9
5/15/2025 5:00,35.2,76.1,68.6,163.6,140.8,44.9,5.6,21.5,46.4
5/15/2025 6:00,59.5,85.8,69.7,161.2,129.7,56.1,9.9,0,24.5
5/15/2025 7:00,87,60.7,77.5,181.1,156.5,45.7,0,8.5,22.6
5/15/2025 8:00,81.4,64.1,98.6,217.3,174.3,79.4,15.9,32.5,17.3
5/15/2025 9:00,95.2,64.4,130.4,259.3,201.6,126.2,13.1,4.2,40.8
5/15/2025 10:00,92.2,61.8,161.8,272.2,197.4,127.8,19.6,0.5,24.5
5/15/2025 11:00,95.2,70.5,173.2,281.1,192.3,129.7,30.2,17,7.3
5/15/2025 12:00,88.1,57.7,159.6,280.2,211,107.2,13.6,10.4,38.4
5/15/2025 13:00,101.8,71.9,158.4,274.1,214.3,124,18.2,2.2,65.8
5/15/2025 14:00,79.5,75.6,160.7,279.8,203.1,140.2,6.9,0,24.8
5/15/2025 15:00,68,85.3,155.9,240.2,193.5,124.8,5.8,17.3,24.5
5/15/2025 16:00,62.9,63.3,153.9,225.2,180.7,112.8,0,6.4,33
5/15/2025 17:00,70.4,58,145.4,205,181.5,125.3,0.7,11,28.7
5/15/2025 18:00,54.6,83.1,101,179.9,156.9,102.7,8.5,0,35.9
5/15/2025 19:00,26.8,74.3,76.9,158.9,149.7,113.1,6.8,15,29.4
5/15/2025 20:00,33.9,90.4,67.3,164.3,148.9,78.8,30.5,27.4,49.8
5/15/2025 21:00,28.5,65.7,67.7,149.8,163.5,58.7,15.7,27.5,43.5
5/15/2025 22:00,36.6,61.3,66.3,143.1,144,59.3,8,7.3,33.7
5/15/2025 23:00,23.1,74,57.9,154.9,147.1,55.1,28.2,13.1,41
5/16/2025 0:00,23.6,61.2,50.5,148.4,149.1,65.8,5.1,8,36.4
5/16/2025 1:00,19.3,74.8,67.8,138.3,149.9,51.8,11.4,19.5,32.7
5/16/2025 2:00,17.7,86.3,51.2,151.7,155.2,52.4,0,23.2,44.2
5/16/2025 3:00,32.5,51.8,68.2,136.6,139.8,67.4,14.1,18.6,44.4
5/16/2025 4:00,24.6,49.4,72.4,156.3,146.2,53.5,6.6,14.1,36.4
5/16/2025 5:00,28.8,74.9,80.4,149.2,134.6,52.4,8.3,21.4,57
5/16/2025 6:00,64.3,50.8,77.4,152.3,133.9,48.2,3.5,8.1,33.2
5/16/2025 7:00,85.1,63.6,83.8,176.9,135,51.2,13.8,13.3,40.9
5/16/2025 8:00,75.4,74.7,107.4,228.9,162.2,91.6,6.5,10.1,50.1
5/16/2025 9:00,90.4,79.1,128.6,262,180.5,120.9,8.2,16.4,59.4
5/16/2025 10:00,80.7,97.1,148.2,281.8,206.6,139.3,3.6,2.2,49.3
5/16/2025 11:00,79,101.8,154.5,275.6,196.1,146,0,11.9,44.1
5/16/2025 12:00,88.3,97.6,162.5,288.1,198.8,138.4,0,14.9,27.4
5/16/2025 13:00,72.6,76.8,138,291.1,206.9,114.3,12.2,0,42.9
5/16/2025 14:00,89.4,73.8,136.5,261.2,197,98.3,0,18,46.1
5/16/2025 15:00,97.7,84.7,127.7,239.1,181.7,103.3,5.4,19.6,36
5/16/2025 16:00,81.7,69.9,101.6,220,166.7,107.6,0,0,19.3
5/16/2025 17:00,66.6,71.2,99.3,202.3,177.5,81.5,14.9,21,28.6
5/16/2025 18:00,57.4,68.3,84,186.6,159.5,94.4,5,32.4,33.4
5/16/2025 19:00,34.2,69.9,59.6,148.7,161.6,88.9,0,27.3,26.2
5/16/2025 20:00,42.7,66.4,62.5,152.7,153.3,73.9,24.3,13.5,59.1
5/16/2025 21:00,19,90.7,52.6,151.4,151.5,69.9,5.8,2.2,41.3
5/16/2025 22:00,33,84.5,68.2,144.9,142.7,72.8,18.5,9.6,45.4
5/16/2025 23:00,18.6,71.1,61.3,150.6,139.2,52.3,5.2,5.2,22.2
5/17/2025 0:00,22.2,68.5,64.8,147.3,150.9,64.1,7.3,13.1,41.7
5/17/2025 1:00,23.2,56.8,59.3,149.6,147.9,62,0,11,53.4
5/17/2025 2:00,22.4,67.9,56.2,143.3,149.1,66.7,9.1,12.9,42.6
5/17/2025 3:00,27.4,65,63.8,149.6,144.4,64.6,1.9,16.3,46
5/17/2025 4:00,20.6,71.7,64.5,144.9,144.3,68.2,8.6,10.4,44.5
5/17/2025 5:00,17.3,63.7,56.2,139.3,135.5,57.2,2.9,14.5,36.3
5/17/2025 6:00,27.2,51.3,53.4,136.9,135.8,53.6,4.5,8.8,39.2
5/17/2025 7:00,22.9,58,50.2,141,137.4,63,5.2,3.2,35.1
5/17/2025 8:00,27.9,57.7,58.9,145.7,139.6,59.1,10.9,9.4,38.6
5/17/2025 9:00,30.1,54.3,56.7,143.1,150.4,65.1,14.3,9.7,40
5/17/2025 10:00,21.2,51.6,59.1,153.5,148.3,71,19.3,13.1,38.6
5/17/2025 11:00,26.9,52.5,57.4,154.8,161.4,83.8,13.3,9.8,29.9
5/17/2025 12:00,24.5,52.9,67,162.1,168.7,85.3,6.7,3.7,32
5/17/2025 13:00,30.1,48.2,61.3,161.8,168.1,87.4,11.8,8.8,41.8
5/17/2025 14:00,26.7,64.4,59.2,168.4,172.9,81.8,13.7,2.2,32.7
5/17/2025 15:00,29.8,54.4,63.5,162.6,165.2,69.6,16.6,11,33
5/17/2025 16:00,27.1,62.3,66.2,159.8,164.9,67.8,15.4,9.4,27.2
5/17/2025 17:00,21,57.2,64.3,155.1,169,64.6,9.7,10.7,35
5/17/2025 18:00,28.9,63.6,56.3,152.9,156.1,92,7.6,12.8,36
5/17/2025 19:00,29.8,67.6,60.6,153.5,162.9,85.1,11.7,10.9,41.8
5/17/2025 20:00,22.1,77,57.9,151.6,157.8,73.9,11,14.3,49.8
5/17/2025 21:00,27.5,77.5,59.4,149.6,160.8,65.2,6.5,17,44.1
5/17/2025 22:00,28.7,73.8,55.7,148.1,152.6,65,7,14,52.5
5/17/2025 23:00,25.1,78.5,59.5,146.5,145.2,57.5,8.9,12.6,46.9
5/18/2025 0:00,24.3,66.8,58.1,148,150.3,57.6,8.5,11.6,44.2
5/18/2025 1:00,29.4,65.3,63.9,144.6,140,55.6,2.8,15.2,39.8
5/18/2025 2:00,20.5,60.7,54,141.8,139.6,57,5.7,16.6,45.1
5/18/2025 3:00,24.5,65,56.5,142.9,145.4,60.2,0,16.3,39.7
5/18/2025 4:00,23.5,64.7,56.3,144.8,147,55.9,2.5,17,43.9
5/18/2025 5:00,23.1,69.9,60.9,143.2,149.6,50.3,7,12.4,46.8
5/18/2025 6:00,19.8,57.1,56.1,131.8,140.7,61.7,2.6,5.5,23.5
5/18/2025 7:00,26.5,56,47,137.2,138.7,73.1,3.4,5.5,27
5/18/2025 8:00,23.6,54.3,53.6,142.4,143.8,72.3,0.8,3.9,32.7
5/18/2025 9:00,24.8,57.9,56.8,141,147.4,71.8,7.3,7.6,30.4
5/18/2025 10:00,29.6,57,62.6,144.6,152.5,75,18.9,8.7,34.1
5/18/2025 11:00,22.5,50.1,57.8,151,157.8,75.3,12,12.4,31.8
5/18/2025 12:00,22.4,56.1,57.3,157.1,155,79.9,8.7,7.3,36
5/18/2025 13:00,25.5,53.4,57.2,155.2,155.8,74.7,12.4,8.7,30.9
5/18/2025 14:00,23,60.1,53.3,159.8,155.7,80.3,0.4,16.5,32
5/18/2025 15:00,21.5,55.3,61,159.5,159.9,83.5,11.3,7.2,36.4
5/18/2025 16:00,25.5,60.6,56.1,150,167.8,77.7,3.1,0,34.3
5/18/2025 17:00,21.1,64,58,155.2,154.8,78.7,0,11.4,32.9
5/18/2025 18:00,20.6,63,55.4,147.4,155.4,74.3,2.5,8.3,39.1
5/18/2025 19:00,23.3,69.5,57.4,145.1,158.1,71.5,4,9.1,30.4
5/18/2025 20:00,21.4,71.6,55.7,149,158.5,70.7,1.6,16,47.3
5/18/2025 21:00,27.5,76.3,62.4,143.2,156.1,69.9,2.2,15.8,44.9
5/18/2025 22:00,28.8,76.5,55.7,140.7,161.8,69.8,0,12.4,45.8
5/18/2025 23:00,26.1,72.9,53.1,146.2,148.4,71.2,5.6,17.6,48
5/19/2025 0:00,30.9,60.5,60.4,123.9,128.8,58.6,0,14.1,52.3
5/19/2025 1:00,27.5,66.2,43,153.4,128,67.6,1.1,22.3,52
5/19/2025 2:00,25.6,53.6,47.3,144,140,62.8,0,18.7,41.5
5/19/2025 3:00,18.1,58.6,26.2,145.3,133.7,56.2,0.8,10.9,42.7
5/19/2025 4:00,23.8,67.4,38.2,165.9,134.3,59.9,4.8,16.8,46.3
5/19/2025 5:00,20.9,60.6,74.6,158.5,128,48.9,0.5,6.1,46.5
5/19/2025 6:00,53.3,56.8,68.6,172.3,115.5,56.3,16.1,0,55
5/19/2025 7:00,83.6,56.9,51.8,199.2,135.7,49.2,7.4,7.9,44.8
5/19/2025 8:00,86.5,96.2,77.3,229.1,141.2,73.4,5.8,18.3,46.8
5/19/2025 9:00,89.8,140.4,95.2,248.5,160.8,76.9,15,10.2,78.8
5/19/2025 10:00,103.8,144.7,137.5,270.6,175.2,100.6,0,9.4,59.3
5/19/2025 11:00,105.8,143.8,138.3,283.8,172.6,105.5,8.3,13.1,82.4
5/19/2025 12:00,97.1,152.8,130.7,284.8,176.1,109.6,9.6,18.6,51.9
5/19/2025 13:00,99.9,128.2,124.1,286.4,179.1,114.8,0,26.9,52.9
5/19/2025 14:00,82,141.7,117.6,277,179.5,119.8,5.7,17.4,55.5
5/19/2025 15:00,81.2,117.2,101.4,264.9,172.9,135.7,16.4,6.9,34.1
5/19/2025 16:00,44.8,98,110.5,270.8,158.8,128,11.4,7.3,50.9
5/19/2025 17:00,42.5,92.7,82.9,219.1,143,109.9,5.7,17,63.4
5/19/2025 18:00,42.4,84.7,79.4,196.5,147.6,99.5,9.3,9,51.9
5/19/2025 19:00,40.6,69,58.5,146.6,150.8,89.6,0,6.7,47.7
5/19/2025 20:00,23.4,72,47.2,166,137.7,65.5,0.3,16.5,60.9
5/19/2025 21:00,24.3,58.8,59.5,147.4,153.5,54.8,3.5,26.8,42.3
5/19/2025 22:00,31,73.4,59.5,149.9,146.9,62.5,10.2,8.8,36.5
5/19/2025 23:00,15.3,56,63.7,138.5,145.7,62.5,2.1,24.4,49
5/20/2025 0:00,10.1,62.8,48.4,140.2,135.8,50.2,8.2,6,50.4
5/20/2025 1:00,25.8,64.6,59.8,143.2,149.9,51.53,4.12,14.31,43.92
5/20/2025 2:00,25.9,62.8,59.2,141.9,151,54.31,4.1,14.37,44.21
5/20/2025 3:00,25.5,63,60.7,142,139.9,51.5,4.15,14.24,45.71
5/20/2025 4:00,25.6,62.1,69.5,154.3,140.7,51.32,4.18,14.15,44.64
5/20/2025 5:00,22.5,57.9,73.2,164.4,132.2,53.04,3.53,9.69,43.86
5/20/2025 6:00,78.7,64,62.9,174.7,134.6,45.35,4.05,8.81,46.19
5/20/2025 7:00,101.9,78.7,71.5,215.2,153.9,51.66,9.3,10.32,50.72
5/20/2025 8:00,91.9,117.5,110.1,246.8,177.1,91.75,6.19,10.99,60.7
5/20/2025 9:00,99.3,139.8,131.9,291.9,185.9,123.37,4.93,14.87,66.49
5/20/2025 10:00,108.3,154.8,134.1,298.3,190.2,131.15,4.7,14.06,67.36
5/20/2025 11:00,125.8,157.6,140.8,303.2,201.2,120.52,4.47,14.85,60.41
5/20/2025 12:00,114.8,143.5,143.8,308.9,197.6,103.68,9.03,14.56,55.6
5/20/2025 13:00,116.3,135.4,142.9,314.4,196.9,112.9,10.45,13.59,54.66
5/20/2025 14:00,101.6,141.5,138.4,292.4,193.5,141.68,11.92,11.59,56.81
5/20/2025 15:00,92.6,133.3,148.2,272.4,191.8,144.61,12.5,10.42,51.29
5/20/2025 16:00,86.6,130.3,114.7,231.9,172.7,121.35,10.25,11.19,44.32
5/20/2025 17:00,76.7,112.3,87.8,197.9,168.4,100.09,22.58,10.61,42.72
5/20/2025 18:00,70.5,90.6,74,170,163.1,84.68,10.95,9.78,39.24
5/20/2025 19:00,40.2,78,67.4,157.9,157.7,72.19,10.18,10.7,43.43
5/20/2025 20:00,34.2,78.8,66.7,151.4,163.9,63,10.94,14.53,47.34
5/20/2025 21:00,26.8,77.8,60.9,149.2,161.6,58.19,11.99,14.34,45.99
5/20/2025 22:00,26.7,75.6,58,148.9,161.5,57.88,12.84,14.26,45.73
5/20/2025 23:00,26.1,71.7,57.7,147.4,156.2,55.14,10.07,14.09,45.3
5/21/2025 0:00,25.5,67.4,59.1,142.6,144.4,54.34,9.77,13.96,44.74
5/21/2025 1:00,25.4,68,58.8,143.5,141,54.5,9.84,13.95,44.46
5/21/2025 2:00,25.9,64.7,60,142.8,137.5,55.29,9.88,14.23,45.12
5/21/2025 3:00,25.8,58.8,74.7,157.1,129.3,52.1,0,15.2,43.3
5/21/2025 4:00,29.4,49.7,64.6,159.3,142.3,68.2,0,23.9,56
5/21/2025 5:00,34.8,67.7,85.8,155.1,137.4,48.1,12.4,8.8,38.3
5/21/2025 6:00,78.7,62.2,70.2,160.6,138.2,51.7,6.3,14.1,61.8
5/21/2025 7:00,80.6,90.1,54.2,192.2,142.9,40.4,9.2,5.3,54.6
5/21/2025 8:00,90.6,82.1,98.5,237.3,164.2,83.8,10.2,29.3,88.4
5/21/2025 9:00,78.9,132.4,139.5,258.6,172.4,117.7,1,17.5,78.7
5/21/2025 10:00,93.3,119.4,146.6,267.8,208.6,138.9,0,27.4,88.7
5/21/2025 11:00,98.2,127.7,172.7,286.6,182.2,117,12.9,11.8,88.3
5/21/2025 12:00,90.2,169,174.8,311.8,221.3,121.8,14.8,1.5,88.5
5/21/2025 13:00,82.6,157.7,154.9,284.1,191.2,98,0,8.6,83.2
5/21/2025 14:00,59,132.4,169.4,277.9,198.5,138.5,8.3,27.3,71.1
5/21/2025 15:00,62,119.9,163.7,268.7,192.9,130.8,0,25.5,59.5
5/21/2025 16:00,81.5,141.4,130,261.5,189.9,133.21,20.22,10.24,51.46
5/21/2025 17:00,65,108.9,99.2,245.6,184.4,114.81,9.87,9.73,50.47
5/21/2025 18:00,59.4,94.1,78.7,198.6,174.2,97.67,8.17,8.89,46.22
5/21/2025 19:00,50.3,80.3,69.4,167.3,159.2,76.85,4.37,8.91,41.54
5/21/2025 20:00,34.8,79.5,68.6,152.8,153.7,60.87,6.71,14.04,48.57
5/21/2025 21:00,26.4,77.1,65.8,161.4,155.8,56.56,8.3,14.52,47.46
5/21/2025 22:00,26.3,61.9,62.6,151.6,153.5,57.33,5.42,14.41,46.45
5/21/2025 23:00,26.1,90.2,62.1,158.1,158.8,56.54,4.58,14.43,46.73
5/22/2025 0:00,26.1,80.6,61,137.6,150.7,55.4,4.58,14.14,46.31
5/22/2025 1:00,25.9,78.5,59.7,148.2,148.8,55.99,4.59,14.28,46.28
5/22/2025 2:00,26,53.6,61.3,139.6,153,54.98,4.56,14.25,46.32
5/22/2025 3:00,26.2,61,60.6,149.2,152.7,54.98,4.59,14.14,47.24
5/22/2025 4:00,25.8,74.5,67,167.1,155,54.04,4.58,14.1,46.77
5/22/2025 5:00,23.9,67.4,78,172.6,149.5,53.05,4.39,12.62,48.7
5/22/2025 6:00,51.4,81.3,63.8,168.3,140.3,50.73,4.93,7.97,44.96
5/22/2025 7:00,107.5,63.4,70,173.1,150.7,54.28,13.4,9.42,51.37
5/22/2025 8:00,104.4,65.1,98.2,221,172.5,82.85,23.28,11.82,58.17
5/22/2025 9:00,107.9,60.9,127.8,260.2,190.5,112.11,27.14,13.92,64.67
5/22/2025 10:00,115.1,71.7,164.9,281.8,201.2,126.1,25.99,16.39,65.29
5/22/2025 11:00,112.6,71.1,155.2,278.3,218,132.85,25.55,14.82,64.18
5/22/2025 12:00,108.9,56.8,147.6,278.2,229.6,139.14,22.96,14.64,56.68
5/22/2025 13:00,115.9,74,153.1,267.9,232.3,144.99,16.93,12.85,57.97
5/22/2025 14:00,133.3,67.6,156.6,272.2,229.8,148.67,15.78,11.54,61.83
5/22/2025 15:00,92.3,89.3,156.8,247.2,220.2,155.09,15.56,9.61,55.87
5/22/2025 16:00,99.6,70.4,142.8,224.3,215.3,144.4,17.1,9.8,53.1
5/22/2025 17:00,83.3,61,129,208.3,200.5,111.28,16.26,10.25,47.12
5/22/2025 18:00,72.4,88.5,101.4,182.7,189.5,109.63,16.27,8.98,43.93
5/22/2025 19:00,58.9,78.7,87.9,160.8,179.8,102.79,16.47,8.19,38.91
5/22/2025 20:00,43.2,84.7,78.7,154.7,171.8,72.48,19.25,13.85,46.01
5/22/2025 21:00,28.7,64.7,72.5,155.5,170.7,67.31,7.15,14.56,45.1
5/22/2025 22:00,28.7,55.9,69.6,138,167.4,63,4.86,14.39,45.25
5/22/2025 23:00,26.4,70.8,72.3,147.4,162.4,55.01,4.83,14.35,43.65
5/23/2025 0:00,26.2,60.3,68.4,149.7,160.8,55.44,4.84,14.24,44.07
5/23/2025 1:00,26.4,73.1,68.45,129.7,161.2,54.99,4.83,14.08,43.79
5/23/2025 2:00,26.8,78.2,68.8,147.7,158.4,54.27,4.85,14.01,42.82
5/23/2025 3:00,26.4,50.3,68.3,147.7,161,53.81,4.84,14.06,43.63
5/23/2025 4:00,25.8,52.7,73.7,151.2,154.7,54.48,4.84,13.96,43.92
5/23/2025 5:00,23.3,72.4,81.5,167.6,152.5,52.63,4.5,11.59,45.3
5/23/2025 6:00,52.7,43.9,73.1,177.7,151.5,51.18,5.05,8.04,43.46
5/23/2025 7:00,108.4,72.1,68.6,199.7,157.5,53.56,19.38,9.41,43.38
5/23/2025 8:00,97.9,66,92.7,235.7,180.2,102.72,14.09,10.6,51.92
5/23/2025 9:00,100.5,85.7,132.7,261,198.6,124.53,13.49,13.66,61.46
5/23/2025 10:00,108.7,89,171,285.2,210.9,139.23,14.35,15.14,63.48
5/23/2025 11:00,114.2,93.7,182.6,298.1,208.5,128.68,13.69,14.26,58.94
5/23/2025 12:00,103.9,102.4,170,306.8,223,136.33,14.05,12.15,56.75
5/23/2025 13:00,95.7,83,154.7,311.8,211.2,124.91,13.58,10.63,56.08
5/23/2025 14:00,86.9,74.9,152.2,313,203,127.7,12.15,10.35,49.79
5/23/2025 15:00,82.5,86.4,138.7,298,205.7,116.25,11.77,9.69,45.54
5/23/2025 16:00,78.6,71.1,105.5,266.2,201.4,102.5,9.8,8.26,40.3
5/23/2025 17:00,69.2,67.8,91.4,234.9,188.4,90.04,11.53,8,38.05
5/23/2025 18:00,56,60.7,71.5,198.6,183.7,81.38,14.62,8.14,36.83
5/23/2025 19:00,42.6,67,64.7,169.8,166.2,83.46,14.87,7.78,36.73
5/23/2025 20:00,31.5,69.7,61.8,163.8,166.7,64.01,13.41,13.32,45.69
5/23/2025 21:00,29.2,95.7,59,161.9,162.1,59.1,11.52,14.5,45.42
5/23/2025 22:00,25.9,91.9,57.3,163.2,162.9,54.7,9.94,14.51,44.68
5/23/2025 23:00,76,75.5,57.5,162.3,164,54.98,5.56,14.56,43.88
5/24/2025 0:00,77.4,73.2,56.1,162.1,161.3,54.85,5.56,14.7,43.74
5/24/2025 1:00,53.1,57.8,55.6,161.4,166.4,53.02,5.54,14.62,43.59
5/24/2025 2:00,54.5,66.4,57.3,159.9,169.5,51.97,5.55,14.2,44.42
5/24/2025 3:00,58.7,65.8,55.6,154.2,168.5,54.29,5.56,14.13,44.26
5/24/2025 4:00,53.9,68.8,56.6,153,161.6,52.5,5.54,14.85,44.54
5/24/2025 5:00,51.4,65.3,52.9,152.7,157.9,51.64,5.73,12.37,42.8
5/24/2025 6:00,59.1,48.5,49.5,147.1,153.6,48.38,15.06,7.73,31.32
5/24/2025 7:00,59.9,54.1,50.4,146.7,162.7,49.03,12.17,7.44,31.07
5/24/2025 8:00,54.8,61.2,52,154,161.3,66.07,11.56,7.58,31.59
5/24/2025 9:00,57,53,53.3,160.5,172.1,81.98,14.8,7.68,32.79
5/24/2025 10:00,59.2,54.2,58.1,161.9,189.7,99.59,15.28,7.87,35.14
5/24/2025 11:00,66.4,53.2,59.8,172.8,192.5,101.44,14.97,8.6,37.45
5/24/2025 12:00,66.1,56,65.9,174.2,205.3,89.01,15.04,9.15,37.27
5/24/2025 13:00,64.8,51.7,69.1,170.2,203.5,88.53,13.26,10.54,37.51
5/24/2025 14:00,67.9,69.1,66,168.8,201.5,89.19,12.73,10.7,37.69
5/24/2025 15:00,58.3,57.6,63.2,176.1,190.4,99.77,11.44,9.74,38.09
5/24/2025 16:00,57.6,63.4,58.1,174.7,200,79.83,7.74,9.12,35.74
5/24/2025 17:00,56.9,58.6,60.2,165.9,172.5,82.21,8.2,9.56,35.44
5/24/2025 18:00,59.7,58.9,59.7,160.8,167.9,75.09,5.35,8.93,35.48
5/24/2025 19:00,50.5,71.9,58.2,154.3,164.1,75.23,3.19,8.63,38.82
5/24/2025 20:00,53.5,80.3,60.7,154.8,174.2,67.17,4.33,14.44,46.74
5/24/2025 21:00,56.5,75.2,59.3,158.3,168.8,65.38,7.1,14.88,46.11
5/24/2025 22:00,57.7,70.6,58,158.3,168.8,66.44,2.1,14.69,45.69
5/24/2025 23:00,38.4,80.5,57.2,157.5,165.4,65.94,4.35,14.67,44.9
5/25/2025 0:00,24.6,64.9,56,155,162.6,64.77,4.26,14.65,43.66
5/25/2025 1:00,24.1,63.7,56.5,155.8,161.7,58.02,4.31,14.47,43.51
5/25/2025 2:00,24.5,55.8,56.1,151.2,167.8,57,4.24,14.44,43.78
5/25/2025 3:00,25.1,68.7,55.3,149.7,160.6,56.17,4.3,14.6,44.12
5/25/2025 4:00,24.6,65.4,56,150.3,159.5,57.38,4.28,14.18,44.09
5/25/2025 5:00,21.9,68.9,51.9,145.8,159.8,62.25,3.95,11.97,42.21
5/25/2025 6:00,20.3,53.5,49,139.9,151.8,59.42,3.39,7.49,29.78
5/25/2025 7:00,19.7,57.3,49.8,138.4,153.7,59.06,4.35,7.03,30.45
5/25/2025 8:00,20.9,49.6,50.4,141,159.8,69.1,5.17,7.26,30.43
5/25/2025 9:00,28.3,60.4,52.5,146.7,167,74.86,5.55,8.41,30.49
5/25/2025 10:00,26.7,54.2,51.1,147.6,162.6,103.29,3.21,8.46,31.05
5/25/2025 11:00,26.3,49.3,52.6,145.5,158.9,94.63,3.9,8.33,31.12
5/25/2025 12:00,29.5,54.5,52.7,146.9,163.3,81.66,4.94,7.44,32.7
5/25/2025 13:00,26.3,52.1,56.3,149.9,171,77.95,6.38,7.43,32.51
5/25/2025 14:00,25,62.3,54,152.8,168.1,73.67,5.12,7.73,32.86
5/25/2025 15:00,20.9,58.1,53,151.1,163.1,80.04,3.42,7.54,32.07
5/25/2025 16:00,20.6,61.3,58.2,152.9,171.9,79.82,3.5,7.63,31.87
5/25/2025 17:00,20.4,59.8,63.3,148.8,160.8,80.88,3.5,8.2,30.6
5/25/2025 18:00,20.9,58.5,56.2,150.6,156.9,66.81,3.52,7.61,30.65
5/25/2025 19:00,20.9,66.1,51.7,148,156.8,70.85,3.57,8.14,36.04
5/25/2025 20:00,24.8,72.8,58.8,149.4,161,66.15,4.33,13.22,44.09
5/25/2025 21:00,31,78,58,150.5,152.1,69.1,4.2,11.7,44.7
5/25/2025 22:00,27.5,74.2,55.5,143.4,164.2,68.2,3.5,12.1,47.7
5/25/2025 23:00,28.7,74.5,52.1,143.3,151.5,69.9,7.1,13.1,44.6
5/26/2025 0:00,32.4,60.2,64.1,118.2,129.9,63,5.4,14.5,56.2
5/26/2025 1:00,33.6,65,42.8,160.8,129.7,73.1,5.5,25.5,49.1
5/26/2025 2:00,32.5,49.1,55.5,140.6,141.2,64.2,0,14.9,45.4
5/26/2025 3:00,27.6,63.7,17.7,138.3,130.3,47.9,0,12.5,40.5
5/26/2025 4:00,30.2,59.7,29.8,173.9,126.7,51,0,13,36.5
5/26/2025 5:00,23.2,59.2,76.8,148.6,125.1,42,0,13.9,52.2
5/26/2025 6:00,56.2,52.5,59.9,179.5,118.8,58.7,15.2,0,56.9
5/26/2025 7:00,74.1,60.5,47.3,192.1,140.7,52.7,5.7,1.8,36.4
5/26/2025 8:00,95.1,95.9,80,221.7,148.6,68.8,0,13.8,50.2
5/26/2025 9:00,96.4,143.7,96.2,243.5,165.2,80.1,13.5,6.6,81.1
5/26/2025 10:00,99.1,135.6,134,264.1,184.6,100.3,3.3,8.2,55.8
5/26/2025 11:00,99.4,141.7,148.2,287,174.6,104.3,5.8,5.5,92.1
5/26/2025 12:00,101.2,154.8,131.3,275.3,173.1,105.1,2.7,11.6,60.7
5/26/2025 13:00,96.1,118.4,123.2,276.7,180.7,119.9,8.5,22.4,57.8
5/26/2025 14:00,78.8,137.7,119.7,282.8,173.8,112.1,0,7.7,60.2
5/26/2025 15:00,71.3,111.4,93.4,259.7,176,134.3,23,9.4,30.4
5/26/2025 16:00,52.2,90.7,114.5,267.3,153.3,123.7,3.3,7.6,43.9
5/26/2025 17:00,43.8,87.8,90,212.6,135.2,113.5,0,11.1,62.6
5/26/2025 18:00,40.4,81.3,82.4,187.5,154.5,99.2,14.1,6,44.8
5/26/2025 19:00,33.4,59.2,63.9,151.4,148.2,92.9,6.2,3.1,55
5/26/2025 20:00,26.1,76.9,51.6,166.5,143,56.4,1.4,9.3,53.2
5/26/2025 21:00,14.9,52.3,53.8,152.3,155,52.7,5.2,30.9,51.7
5/26/2025 22:00,35.9,71,58.5,149.4,153,64.5,11.4,4.5,34.6
5/26/2025 23:00,9.6,60.1,58.3,144.1,152.6,52.7,0,19.3,49.4
5/27/2025 0:00,8.5,62.8,45.2,140.5,145.3,46.2,0.6,0,40.5
5/27/2025 1:00,22.6,71.3,58.9,135.4,156.3,45.8,1.2,16.6,42.9
5/27/2025 2:00,23.3,68.9,57.5,142,153.3,47.1,7.4,11.1,50.9
5/27/2025 3:00,29.9,54.4,52.6,150.9,142.8,46.6,9.2,13.1,38.2
5/27/2025 4:00,31.1,69.3,68,145.2,131.2,47.9,11.5,6.8,43.6
5/27/2025 5:00,23.9,48.7,76.5,170.1,140.8,43.2,8,9.1,53.2
5/27/2025 6:00,70.4,54.4,60.4,182,141.2,50.3,13.4,12.3,38.1
5/27/2025 7:00,93,87.1,64.6,215.6,149.2,45.2,11.3,2.4,45.1
5/27/2025 8:00,85,124.7,118.6,246,170.7,89.4,3.2,2.1,70.3
5/27/2025 9:00,101.7,141.3,123.2,301.2,190,127.4,6.5,13.4,64.9
5/27/2025 10:00,111.8,156.3,140.7,289.5,186.4,131.2,0,7.6,68.3
5/27/2025 11:00,121.2,161.8,132.7,302.8,198,127.2,7.6,16.8,53.7
5/27/2025 12:00,118,141.9,135.7,306.9,187.7,109.8,3.5,16.4,53.2
5/27/2025 13:00,116,127.7,147.7,318.1,204.3,104.3,2.6,20.3,51.6
5/27/2025 14:00,100.4,131.9,144.6,292.2,194.8,148.9,18.8,15.6,65.9
5/27/2025 15:00,88.1,129.8,149.3,280.6,189.8,135.5,9.9,12.7,60.7
5/27/2025 16:00,91.7,136.3,116.4,223.4,165.5,111.7,15.5,7.4,45.9
5/27/2025 17:00,69,114.7,89,189.5,171.1,108.5,24.1,17,33
5/27/2025 18:00,69.1,97.2,70.6,172.2,153.7,91.9,17.1,14,45.5
5/27/2025 19:00,35.9,86.4,59.8,149.2,162.6,73.7,17.1,14.1,33.8
5/27/2025 20:00,37.8,70.6,63.8,146.9,158.2,64.5,20.4,15.2,55.3
5/27/2025 21:00,26.5,84.7,64.2,151.9,160,62.4,18.4,23.8,46
5/27/2025 22:00,30,70.5,63,149.9,158.3,56.2,15.1,19.4,53.1
5/27/2025 23:00,17,73.5,65.1,143.9,153.6,47.4,12.9,13.4,49.3
5/28/2025 0:00,23.4,67.9,63.5,152.5,148.8,44.8,0.3,6.6,47.7
5/28/2025 1:00,27.4,65.9,68.2,144.1,146.5,51,18.4,20.2,43.6
5/28/2025 2:00,16.1,60.9,62,141.9,138.9,61.3,16.5,22.6,43.3
5/28/2025 3:00,21.8,55.6,71.7,159.2,121,54.5,0,14.6,40.3
5/28/2025 4:00,23.6,46.4,66.2,151.3,133.4,74.8,0,23,56.8
5/28/2025 5:00,27.5,61.1,80.1,159.1,130.5,56.5,16.5,12.5,38.8
5/28/2025 6:00,73.8,62.4,73.3,167.7,140.6,43.5,2.5,18.3,67.1
5/28/2025 7:00,77.2,82.4,48.7,195.2,146.4,47.3,6,4.6,46.9
5/28/2025 8:00,80.8,82.3,90.7,242.7,159.6,78.7,0.3,23.9,81.9
5/28/2025 9:00,83.8,140.5,146.4,263,175.6,119.5,8.4,12,77.3
5/28/2025 10:00,86.8,116.4,144,262.1,208.3,139.4,1.3,34.6,82.2
5/28/2025 11:00,95.8,132.2,178,285.6,181,114.9,10.9,14.1,90.2
5/28/2025 12:00,94.3,175.4,176.3,306.4,216.8,118,7.6,9.8,89.4
5/28/2025 13:00,82.6,164,161,280.9,196.3,94.8,2.7,6.4,80.8
5/28/2025 14:00,65.7,127.1,176.3,277,190.8,135.2,0,31.3,78
5/28/2025 15:00,68.1,112.8,173.2,267,191.5,124.2,4.9,28.8,63.3
5/28/2025 16:00,72.9,135.3,136.4,253.4,185.6,133.4,14.5,16,50.2
5/28/2025 17:00,72.2,110.9,101.5,244.1,188,107.1,8.3,17.4,46.1
5/28/2025 18:00,50.2,99.3,81.6,201.9,173.9,97.9,5,8,48.6
5/28/2025 19:00,40.7,83.4,59.9,164.8,162.5,85,1.8,0,50
5/28/2025 20:00,43.2,73,77.2,145.9,144.6,57.9,11.1,13.5,55.7
5/28/2025 21:00,33.6,82.6,72.4,169.9,153.7,61.1,13.8,11.5,57.4
5/28/2025 22:00,27.8,61.8,57.9,142.9,155.5,63.7,6.8,13.6,52.6
5/28/2025 23:00,27.6,95.3,55.7,164.7,149,62.8,0,7.8,38.8
5/29/2025 0:00,30.3,85.8,65.1,129.5,146.7,50.1,0,19.5,49.3
5/29/2025 1:00,24.3,77.5,55.9,140.1,143,48.9,0,16.4,48.6
5/29/2025 2:00,18.3,62.1,58.1,144.4,145.7,48.9,6.9,6.8,44.5
5/29/2025 3:00,16.6,62.3,50.7,155.4,147.8,57,8.1,6.2,47.2
5/29/2025 4:00,22.3,77.2,74.4,168.2,151.6,59.2,0,20.5,51.8
5/29/2025 5:00,29.9,69.9,79.3,174.3,139.7,56.2,7.6,18.6,57.2
5/29/2025 6:00,53.8,88.6,61.8,169.5,145.2,44.3,4.6,4.5,37
5/29/2025 7:00,114.1,65.9,62.8,169.7,144.2,59.7,12.2,12.4,50.3
5/29/2025 8:00,112.8,58.1,100.9,213.4,170.1,82.7,18.7,17.7,59.8
5/29/2025 9:00,99.7,52.3,118.4,257.3,194.6,117.2,32.2,14.6,55.3
5/29/2025 10:00,122,70.5,169.8,285.1,201.2,131.3,18.3,14.4,61.1
5/29/2025 11:00,107.5,67.2,149.5,283.3,224.7,131.8,24.1,13.1,62.6
5/29/2025 12:00,110.7,52.3,146,285.6,235.7,147.6,18.6,17.1,51.1
5/29/2025 13:00,116.4,65.1,149.9,272.3,223.7,146.3,20.5,13.8,57.1
5/29/2025 14:00,131.2,67.7,154,281.6,237,151.4,15.5,21,59.5
5/29/2025 15:00,88.5,85.5,161.2,249.2,211,157.6,18.9,7.3,49.8
5/29/2025 16:00,96.4,69.4,148.3,221.3,205.7,151.7,8,6.6,52.5
5/29/2025 17:00,80,52.1,130.4,209.9,208.9,113.8,14.2,16.5,39.6
5/29/2025 18:00,65.8,95.1,93.1,177,196.7,102.6,18.3,10.8,53.3
5/29/2025 19:00,59.1,70.2,79,163.9,181.3,94.2,6.6,13.9,47.2
5/29/2025 20:00,35.5,92,71.8,149.2,173.3,71.3,15.3,12.6,44.3
5/29/2025 21:00,28.9,71.8,74.9,147.7,174.9,63.4,1.4,20.3,51.5
5/29/2025 22:00,36.8,58.2,73.1,144.9,165.8,58.5,0,15.3,49.3
5/29/2025 23:00,23.4,70.9,67.7,144.8,154.7,46.1,0,9.1,48.5
5/30/2025 0:00,30.7,59.6,71.6,155,151.2,55.6,1.4,17.5,34.2
5/30/2025 1:00,32.8,74.2,68.2,131.2,157.7,51.2,0,5.6,41.3
5/30/2025 2:00,33.1,84,67.6,153.8,164.4,53.3,9.8,22.6,37.3
5/30/2025 3:00,21.1,58.2,63.8,154.6,163.4,44.9,0,15.5,39.3
5/30/2025 4:00,18.7,51.7,78.8,160.7,161.3,61.1,2.4,13.7,51.5
5/30/2025 5:00,17.2,78.6,73.8,174,160.9,44.2,8.6,13.4,40.6
5/30/2025 6:00,54.7,46.9,71.7,180,143.3,58.5,5.1,7.3,50.2
5/30/2025 7:00,113.6,68.5,64.3,202.6,164.4,60.7,26,10.5,49.3
5/30/2025 8:00,101,65.5,96.3,226.2,175.1,105,20.2,17,50.2
5/30/2025 9:00,94,78.7,132.4,269.6,200.4,124.7,4.9,7.2,56.3
5/30/2025 10:00,114.2,80.2,174.3,291.8,211.4,138.5,21.6,24.3,71.5
5/30/2025 11:00,114.1,85.8,173.5,293.4,206.4,129.8,4.5,5.7,57.2
5/30/2025 12:00,109,110.4,167.9,300.4,219.2,142.2,4.4,4.3,47.1
5/30/2025 13:00,100.9,79.9,156.7,315.9,208,132.8,22,16.9,49.1
5/30/2025 14:00,85.9,79.2,142.4,309.2,199.7,126.7,19.4,15.8,47.3
5/30/2025 15:00,91,86.5,134.7,294.8,199.1,122.4,13.3,7.3,51.9
5/30/2025 16:00,79.9,64.6,99.7,256.3,201.6,105.5,11.3,8.1,46.7
5/30/2025 17:00,71.9,62.8,84.1,242.3,180.7,86.5,15.7,11.2,40
5/30/2025 18:00,58.5,59.5,66.6,199.9,183.9,80.9,13,0,33.5
5/30/2025 19:00,49.9,65.8,61.3,167.8,174.3,76.5,7.2,14.1,45.9
5/30/2025 20:00,34,70.2,52,156.6,163.7,55.2,3.8,21.1,55.5
5/30/2025 21:00,22.2,88.9,63.9,164.6,166.6,51.2,8,22.6,40.3
5/30/2025 22:00,17.3,89.4,50.8,153.8,169.3,62.7,16,17.2,54.1
5/30/2025 23:00,74.8,71.2,55.1,167.2,170.3,51.8,7.9,4.6,37.7
5/31/2025 0:00,75.4,72.3,58.1,159.3,158.7,57,8.9,11.2,45.2
5/31/2025 1:00,50.8,56.2,55.6,160.6,162.9,53.1,9.7,11.1,46.9
5/31/2025 2:00,50.1,67.4,60.6,158.3,166.5,48.7,1.4,14.5,47.4
5/31/2025 3:00,58.8,68.7,58.7,152.9,169.5,51.8,9,13,45
5/31/2025 4:00,52,70.3,52.3,155.2,164.2,51.9,3,15.6,40.8
5/31/2025 5:00,50.9,61,56.5,155.5,159.5,51,6.6,9.3,44.2
5/31/2025 6:00,54.7,44.4,44.9,147.8,150.4,48.6,15.3,9.5,36.1
5/31/2025 7:00,63.2,55.9,45.6,142.5,165.4,45.6,11.1,5.6,27.8
5/31/2025 8:00,50.6,59,56.2,149.5,161.2,64.8,9.7,8.3,35.6
5/31/2025 9:00,60.6,55.2,56.9,157.1,174.6,79.8,13.2,11.8,33
5/31/2025 10:00,62.8,55.8,58.9,163.1,192.3,98.7,13.6,5.9,34.5
5/31/2025 11:00,67.6,57.3,60.5,174.5,192,99.8,11.7,13,33.4
5/31/2025 12:00,66.2,59.7,68,171.9,209.5,90,15.1,8.5,40.3
5/31/2025 13:00,64.4,50,68.3,171.8,204.1,91.4,9.4,15.4,37.6
5/31/2025 14:00,68.4,69.9,62.2,168.7,202.9,90.7,12.8,9.1,39
5/31/2025 15:00,61.2,54,58.4,175.5,191.6,95.4,15.5,5.6,40.9
5/31/2025 16:00,61.6,61.9,56.3,172.4,203.6,75.8,6.2,4.2,39.2
5/31/2025 17:00,56.4,63.3,63.2,168.4,173.8,84,10.5,14.4,36.7
5/31/2025 18:00,62.8,60.9,60.9,156.9,164.4,72.9,8.5,8,33.1
5/31/2025 19:00,52,70.8,61.5,153.6,159.8,77.5,6.3,4.9,39.3
5/31/2025 20:00,51.7,81.3,64.9,152.6,173.6,68.7,1.7,12.4,51.2
5/31/2025 21:00,56.3,79.6,55.2,160.1,166.8,69.4,3.6,13.6,43.1
5/31/2025 22:00,54.2,68.7,61.4,158.2,166.5,70.2,0,15.2,41.6
5/31/2025 23:00,34,79.3,54.6,159.2,161,64.3,5.4,10.2,44.3
6/1/2025 0:00,20.6,67.8,56.9,150.5,162.7,65.6,6.9,16.7,44.9
6/1/2025 1:00,28.1,66.8,56.7,154.8,159.8,54.4,5.9,17.7,44.4
6/1/2025 2:00,22.9,57.5,55.1,152.2,167.3,55.5,1,13,39.1
6/1/2025 3:00,24.3,72,58.9,141.5,143,56.31,8.83,10.35,43.03
6/1/2025 4:00,25,67.8,59.4,140.7,142.9,58.6,8.9,10.39,44.26
6/1/2025 5:00,21.5,70.8,56,137.3,137,57.36,8.54,7.93,41.11
6/1/2025 6:00,19,53.8,52.5,133.2,135.9,59.58,7.98,4.31,28.52
6/1/2025 7:00,20.2,58.8,51.7,136.9,137.1,69.93,9.19,4.22,28.96
6/1/2025 8:00,21.9,48.8,53,135.8,139.1,70.8,9.74,4.12,29.51
6/1/2025 9:00,32.7,59,55,140.4,147.1,74.72,12.11,4.7,34.04
6/1/2025 10:00,33.3,52.8,55.3,141.6,152.5,66.32,12.38,4.87,40.15
6/1/2025 11:00,32.8,46.1,56.7,144.7,150,88.1,12.52,5.02,40.09
6/1/2025 12:00,29.9,51.6,57.8,145.7,157.1,91.77,12.4,4.67,40.4
6/1/2025 13:00,20.8,56.6,57.8,148.1,155.4,92.64,11.98,4.39,38.5
6/1/2025 14:00,19.9,62.2,56.9,150.1,157.5,82.21,10.27,4.42,34.91
6/1/2025 15:00,20.5,55.4,57.7,146.1,165.1,70.87,6.23,4.56,34.14
6/1/2025 16:00,20.3,57.7,58,147.9,155.9,67.64,4.87,4.73,35.44
6/1/2025 17:00,20,55.6,57.7,145.2,157.4,68.53,5.65,5.39,35.07
6/1/2025 18:00,21.2,61.9,58.1,144.2,153.3,67.44,4.35,5.31,35.04
6/1/2025 19:00,21.7,62.1,59.2,144,152.4,65.6,3.69,5.04,36.42
6/1/2025 20:00,23.5,75.5,67,146.3,153.9,71.06,4.1,8.75,47.38
6/1/2025 21:00,25.1,81.4,62.9,148.8,157.2,69.04,4.36,10.52,47.19
6/1/2025 22:00,25,78,61.2,148.9,151.3,67.82,4.35,10.51,45.43
6/1/2025 23:00,26.3,69.9,60,146,151.3,63.64,4.35,10.49,43.34
6/2/2025 0:00,25.6,56.9,59.1,145.3,153.5,67.53,4.36,10.34,42.83
6/2/2025 1:00,25.3,70.3,60.5,144.6,145.8,62.76,4.37,10.37,43.29
6/2/2025 2:00,25.7,41.7,59.3,146.2,146.4,62.64,4.34,10.46,43.17
6/2/2025 3:00,25.3,61.2,58.6,144.6,147.2,62.36,4.37,10.26,43.37
6/2/2025 4:00,25.1,52.9,63.1,158.4,144.3,62.57,4.35,10.14,44.66
6/2/2025 5:00,22.3,65.8,74.7,166.8,142.7,61.31,4.09,8.4,44.42
6/2/2025 6:00,50.7,57.9,69.8,174.9,138,69.81,4.28,5.14,40.43
6/2/2025 7:00,110.6,66.7,62.1,202.7,145.4,73.93,5.32,6.89,47.05
6/2/2025 8:00,105.7,89.2,83.7,240.6,171,112.07,3.81,8.87,59.83
6/2/2025 9:00,97.2,142.5,121.5,261.6,187.4,135.24,2.25,11.88,61.7
6/2/2025 10:00,107.1,133.8,141.1,289.3,207,154.14,2.23,13.43,64.86
6/2/2025 11:00,105.2,145.2,128.5,310.1,217.9,157.68,2.6,13.86,72.43
6/2/2025 12:00,110,149.6,143.9,288.4,228.6,156.43,2.62,12.87,65.85
6/2/2025 13:00,124.8,117.3,154.5,297.6,228.5,160.55,2.49,10.07,55.9
6/2/2025 14:00,119.3,133.4,146,299.7,224.4,165.63,3.32,8.92,52.12
6/2/2025 15:00,96.5,116.4,119.8,274,202.3,163.03,3.67,7.92,46.58
6/2/2025 16:00,78.6,89.7,106.7,256.9,189.1,168.81,3.7,8.31,44.01
6/2/2025 17:00,72.2,88.5,97.3,223.5,190.3,158.75,3.68,7.89,41.67
6/2/2025 18:00,62.6,77.5,77.4,185.7,176.2,149.86,3.74,7.36,40.41
6/2/2025 19:00,55.3,65.4,63.9,157.5,163.8,131.2,3.72,7.64,39.57
6/2/2025 20:00,48.8,76.3,64.1,150.8,156.7,90.03,4.26,9.73,48.92
6/2/2025 21:00,38.5,59,61.7,151.3,158.6,73.44,4.66,11.4,47.73
6/2/2025 22:00,35.6,68.4,59.7,150.5,157.9,73.55,4.62,11.45,47.16
6/2/2025 23:00,34.8,69,59,149.4,151.7,72.91,4.68,11.34,47.97
6/3/2025 0:00,28.7,72.5,59.1,148.1,147.8,71.69,4.65,11.15,46.47
6/3/2025 1:00,27.4,70.5,58,146.5,146.9,69.33,4.61,11.13,46.93
6/3/2025 2:00,27.2,64.5,57.4,144.6,147.9,70.55,4.65,11.61,46.49
6/3/2025 3:00,27.2,52,56.8,145.7,148.7,66.64,4.59,11.92,46.37
6/3/2025 4:00,27.5,69.8,60.3,153.2,144.6,66.41,4.63,11.56,47.58
6/3/2025 5:00,24.8,58,73.4,165.3,141.2,65.29,4.27,8.68,46.59
6/3/2025 6:00,41.2,60.7,61.1,177.1,140.5,68.77,4.47,5.84,41.79
6/3/2025 7:00,107.7,93.1,64.8,197.3,149.6,70.04,6.05,7.66,48.3
6/3/2025 8:00,89.2,117.5,85.4,237.3,174.9,119.81,16.82,10.32,59.27
6/3/2025 9:00,87.1,136.3,112.2,274.8,197.1,142.13,15.03,12.68,61.27
6/3/2025 10:00,106.9,159.1,142.6,313.9,224.2,153.14,11.47,13.61,63.46
6/3/2025 11:00,113.4,169.3,148.8,327,219.2,150.27,11.7,13.4,64.87
6/3/2025 12:00,118.8,143,149.1,325.4,218.8,154.42,18.16,13.12,59.9
6/3/2025 13:00,122.8,119.8,137.4,315.8,221.3,158.65,11.27,11.42,59.13
6/3/2025 14:00,120.2,138.8,132.7,309.5,197.2,157.44,6.67,9.83,52.48
6/3/2025 15:00,117.1,136.8,118.2,294.1,208.1,161.44,7.72,10.05,48.16
6/3/2025 16:00,98.1,132,119.2,273.5,211.6,157.38,7.71,9.99,44.41
6/3/2025 17:00,78.9,120,105.2,237.6,193.7,152.4,7.43,10.22,40.33
6/3/2025 18:00,69.4,92.7,93.1,200.3,175.4,139.36,6.05,9.28,39.51
6/3/2025 19:00,49.3,94.5,70.9,168.9,159.4,125.94,6.59,9,38.76
6/3/2025 20:00,36.4,63.5,69.1,167.1,161,115.53,6.68,9.92,49.14
6/3/2025 21:00,31.6,83.4,63.7,161.7,164.8,113.5,4.53,12.06,49.58
6/3/2025 22:00,31.2,79.4,67.7,160.7,162.1,112.28,4.5,12.02,49.36
6/3/2025 23:00,30.4,67.9,63.3,157.3,158.4,108.42,4.42,11.95,48.35
6/4/2025 0:00,29.8,66.9,61.3,150.6,151.8,107.99,4.47,11.65,47.47
6/4/2025 1:00,30.4,62.9,61.8,150,151.3,110.7,4.46,11.53,47.41
6/4/2025 2:00,29.9,51.4,59.6,147.9,149,104.94,4.44,11.64,47.09
6/4/2025 3:00,29.5,46.7,59.9,149.4,154.6,110.76,4.47,11.59,47.21
6/4/2025 4:00,30.5,46.4,62,160.3,148.8,103.9,4.41,11.49,48.5
6/4/2025 5:00,27.1,55.8,71.4,169,149.8,100.34,4.14,8.92,47.59
6/4/2025 6:00,47.8,72.3,65.7,180.6,150,101.21,3.49,5.9,44.63
6/4/2025 7:00,115.7,79.9,66.8,201.6,163.5,105.88,3.18,7.29,49.36
6/4/2025 8:00,112.8,72.9,83.6,241.6,187.2,123.45,7.52,9.98,62.31
6/4/2025 9:00,112.7,149.1,120.4,286.7,216,160.01,13.78,12.04,64.03
6/4/2025 10:00,109.7,123.2,159.3,320,229.1,174.31,13.15,12.81,66
6/4/2025 11:00,111.1,135.2,161.3,330.7,238.3,177.96,12.38,13.93,67.97
6/4/2025 12:00,114.8,181.2,164.3,322.4,222,180.11,15.25,13.47,67.19
6/4/2025 13:00,114.8,156.8,157.6,315.8,235,186.97,9.89,12.74,57.15
6/4/2025 14:00,104.6,122.8,153.9,305.6,237.8,188.66,23.68,11.88,55.69
6/4/2025 15:00,89.5,119.4,154.4,298.6,229.8,186.72,16.88,11.25,50.33
6/4/2025 16:00,79.3,139.2,140.6,296.3,232.2,184.41,8.1,9.65,44.27
6/4/2025 17:00,85.9,103.7,106,261.7,224.3,184.93,9.67,8.9,41.32
6/4/2025 18:00,85.8,103.4,95.6,208,202.2,170.74,13.87,8.2,39.72
6/4/2025 19:00,73.7,82.4,80.2,171.5,185.8,150.89,15.57,7.81,39.91
6/4/2025 20:00,44.2,63.1,76.3,166.8,178.8,139.63,7.81,12.72,50.89
6/4/2025 21:00,40.5,74.2,71.3,165.1,181.3,131.12,4.93,15.42,49.25
6/4/2025 22:00,37,56.9,70.4,161,178.1,126.8,4.15,14.65,48.28
6/4/2025 23:00,31.9,102,66.1,158.5,171.9,118.92,4.19,14.45,47.79
6/5/2025 0:00,31.9,86.8,64.6,156.4,165.4,119.17,5.5,26.7,53.5
6/5/2025 1:00,31.6,82,62.8,156.7,164.6,116.48,0,23.7,57
6/5/2025 2:00,31.4,62.7,63.7,154.6,164.9,114.1,12,1.5,36.1
6/5/2025 3:00,31.8,54.5,59.7,157.1,171.8,93.99,13.3,10.2,44.8
6/5/2025 4:00,26.6,73,70.6,158.4,142.7,68.6,0,18.4,56.6
6/5/2025 5:00,30,65.9,76.1,170.3,146.3,60.2,16.1,15,49.8
6/5/2025 6:00,47.3,79.6,58.5,163.7,136.7,42.1,5.9,2.2,36.1
6/5/2025 7:00,109.1,64.3,56.2,162.4,151.5,61.6,14.9,10,52.9
6/5/2025 8:00,111.6,64,101.1,208.5,177.2,91.5,21.2,18.6,57
6/5/2025 9:00,98.5,51.4,110.7,253.9,196.9,113.4,39.5,17.8,50.1
6/5/2025 10:00,122.5,62.7,170,275.3,201.3,128.8,20.8,13.9,69.1
6/5/2025 11:00,100.7,75.3,157.6,288.2,224,137.6,17.1,6.9,58.5
6/5/2025 12:00,108.2,54.2,143,279.1,236.8,153.9,10,14.8,51.8
6/5/2025 13:00,112.1,55.4,154.4,269.9,229.5,149.7,19.3,22.3,52
6/5/2025 14:00,129.4,68,160.4,285.7,244.9,158,11.6,27.8,65.1
6/5/2025 15:00,85.3,80.3,167.5,249.2,210,162.4,14.4,0.4,55.5
6/5/2025 16:00,98.4,62.3,143,228,211.9,155.4,0,16.5,57.9
6/5/2025 17:00,85.8,50.7,123.3,216,211.9,114.3,14.3,19.9,42.8
6/5/2025 18:00,68.7,97.4,87,168.4,193.1,105.5,14.5,3.5,48.8
6/5/2025 19:00,50.4,65,81,171.1,180.8,92.7,5.6,5.3,55.9
6/5/2025 20:00,27.4,90.3,77,140,166.3,68.5,6.4,2.9,46.8
6/5/2025 21:00,32.5,75.1,78,138.1,166.1,60.7,8,24.7,54.3
6/5/2025 22:00,32.5,49.9,66.6,153.3,157.9,52.1,0,15,50.9
6/5/2025 23:00,27.9,80.4,73.2,152,162.7,40.4,7.3,7.8,40.6
6/6/2025 0:00,33.8,51,71.5,156.5,148.1,64.6,8.5,27.3,33.4
6/6/2025 1:00,40.9,74.7,73.3,132.7,162,50.9,2.3,0,43.2
6/6/2025 2:00,40.6,84.1,72.8,158,164.5,47.8,9.9,25.4,29.4
6/6/2025 3:00,17.8,68,62.8,153,156.9,37.7,0,13.8,34.9
6/6/2025 4:00,20.4,52.8,87.3,153,156.3,52.6,3.5,12.8,59.4
6/6/2025 5:00,10,76.4,75.1,164.4,159.7,51.1,14.4,19.2,32.5
6/6/2025 6:00,51.7,46.3,74.4,176.5,142.1,50.5,13,9.4,50.1
6/6/2025 7:00,123,71.2,66.8,208.6,164.9,66.1,25,9,46.5
6/6/2025 8:00,105,75.1,103.6,228.6,168.3,111.7,26.4,10.6,57
6/6/2025 9:00,91.8,73.8,134.9,276.2,197.9,132.4,7.9,7.4,54.1
6/6/2025 10:00,116.1,70.5,167.3,300.2,207.1,129.3,18,25.3,71.3
6/6/2025 11:00,122.9,91.6,164.9,285.2,204.6,126.5,4,4.7,47.6
6/6/2025 12:00,105.2,107.3,166.7,307.3,216,147.5,0,1.4,38.6
6/6/2025 13:00,98.4,84.6,152.8,310.8,210,125.4,13.2,10.6,58.3
6/6/2025 14:00,91.7,81.8,137.9,311,205.5,124.2,11.5,17.9,38.8
6/6/2025 15:00,97.3,91.9,125.8,295.3,202,115.6,21.3,8.9,55.6
6/6/2025 16:00,83.3,69.3,99.8,254.2,192.9,112.1,8.2,15,44.2
6/6/2025 17:00,78.5,59.5,80.3,238.5,172.6,91.9,20,5.9,36.3
6/6/2025 18:00,63.3,50.4,65.6,196.7,187.5,87.1,13.1,0,41.7
6/6/2025 19:00,53.6,66.7,52.4,164.5,170,69.8,0.7,12.3,52.1
6/6/2025 20:00,34.5,76.5,58.6,150,168.2,54,0,22,49.1
6/6/2025 21:00,25.1,82.4,55.4,164.8,169.7,49.4,6.8,19.9,30.5
6/6/2025 22:00,15.8,95,58.1,146.1,177.4,66.2,14.8,26.8,47.7
6/6/2025 23:00,72,70.5,62.2,167.4,177.8,46.6,8.4,6,39
6/7/2025 0:00,74,74.3,59.3,163.4,157,56.4,5.5,13.2,46.3
6/7/2025 1:00,47.6,57.5,55.7,159.1,163.7,50.9,8.4,7.2,42.2
6/7/2025 2:00,47.2,70.5,60.2,160.6,162.9,51.2,0,14.3,52.2
6/7/2025 3:00,63.3,64.3,59.2,156.1,168,51.3,8.1,14.9,49.9
6/7/2025 4:00,51.9,73.1,55.2,158.4,168.9,52.2,1.4,12,40.6
6/7/2025 5:00,48.2,60.6,60.5,152.9,161.5,49.1,7.6,11.6,45.3
6/7/2025 6:00,51.1,42.3,44.4,144.3,149.3,51.7,18.2,14.3,36.6
6/7/2025 7:00,59,51.3,48.7,139.5,166.4,45.3,12.6,10.4,24.4
6/7/2025 8:00,54,56,57.7,150.5,165.6,68.2,5.4,11.1,38
6/7/2025 9:00,56.6,50.6,55.1,159.7,172.7,78.5,9.1,11.4,37.3
6/7/2025 10:00,65.5,60.1,58.7,164.7,191.1,103.2,15.4,1.7,31.4
6/7/2025 11:00,71,57.5,57,171.3,194.9,104.6,9.5,16.9,28.7
6/7/2025 12:00,70,64.6,63.6,174.6,212.6,89.6,17.3,4.4,35.5
6/7/2025 13:00,59.8,50.4,64.3,171.7,205.8,89.2,11,15.1,37.7
6/7/2025 14:00,66.8,67.4,66.2,171.2,206.2,89.5,16.9,11.5,35.5
6/7/2025 15:00,63.9,56.5,56.8,178.1,194,95.7,19.2,10.2,44.6
6/7/2025 16:00,57.9,58.8,58.4,171.9,205.5,80.5,4.5,0,35.3
6/7/2025 17:00,55.2,61.9,63.2,172.6,174.1,87.2,11.3,15.7,33.9
6/7/2025 18:00,59.4,63.7,57.6,157.5,165.9,75.9,4.9,11,31.4
6/7/2025 19:00,55.3,74.5,59,155,159,73.9,4.8,3,36.5
6/7/2025 20:00,54.4,79.6,64.3,153.8,172.2,66.2,6.4,7.9,53.5
6/7/2025 21:00,59.4,75.8,54.6,163.7,165.4,70.8,5.6,12,47.5
6/7/2025 22:00,50.9,67.4,61.6,159.5,163.3,73.9,0,18,39.3
6/7/2025 23:00,33.4,83.2,51.2,155.7,158.1,64.8,6.4,9.9,44.1
6/8/2025 0:00,19.7,70.2,55.6,146.2,167.2,61.6,11.3,16.8,49.4
6/8/2025 1:00,29.9,70.7,54.5,154.2,159.7,57.9,4,17.4,42.9
6/8/2025 2:00,20.3,56.4,54.2,150.2,164.6,59,0,15.3,39.6
6/8/2025 3:00,23.7,76.7,57.3,139.2,139.4,54.2,11.7,9.6,41
6/8/2025 4:00,22.8,67.8,60.4,136.3,138.7,61.2,12,15,46.7
6/8/2025 5:00,24,70.8,58.9,137.4,140.4,55.1,10.2,10.9,41.1
6/8/2025 6:00,18.5,58,54,131.3,131.9,63.6,11.3,2.2,28.6
6/8/2025 7:00,20.5,59,47.4,136.4,139.8,66.4,11.6,0,28
6/8/2025 8:00,20,51.8,48.9,131.4,142.5,70.2,11.6,8.3,26.4
6/8/2025 9:00,35.8,61.3,56.8,143.7,150.9,79.2,12.4,7.2,30.8
6/8/2025 10:00,33,48.6,53.1,137.4,147.9,63.5,13.8,7.1,42
6/8/2025 11:00,36.2,47.1,58.9,148.3,148.4,87.6,11.8,5.7,44
6/8/2025 12:00,28.6,54.8,59.4,149.3,159.8,90.3,11,0.3,38.2
6/8/2025 13:00,25.3,57.1,61.9,149.3,151.7,87.9,10.6,4.1,37.4
6/8/2025 14:00,24.7,60.4,60.6,150.2,156.3,77.7,7.1,1.1,35.7
6/8/2025 15:00,20.1,51.2,56,145.7,161.7,70.9,3.4,0.1,36.8
6/8/2025 16:00,18.1,59.3,58.8,148.4,159.2,65,9.3,9.6,33.6
6/8/2025 17:00,18.8,53.7,54.1,148.1,160.1,73.5,5.5,8.5,38
6/8/2025 18:00,21.5,62.9,56.6,148.2,156.4,66.2,1.6,6.6,39.6
6/8/2025 19:00,26.4,61.4,63.9,143.5,149.1,60.9,0.1,2.9,36.3
6/8/2025 20:00,26.7,77.4,69,149.4,153.3,75.4,0,4.6,51.2
6/8/2025 21:00,28.1,79.9,61.8,150.3,156.3,72.4,7.8,10.6,46.4
6/8/2025 22:00,21.4,73.4,62.2,147.1,153.1,69.3,0.4,14,47.9
6/8/2025 23:00,23.8,73.6,64.4,145.8,148.7,66.6,7.1,8.3,46.5
6/9/2025 0:00,28.4,54,55.3,138.3,152.4,60.3,11.1,3,45.3
6/9/2025 1:00,32.8,80.3,58,135.8,141.5,58.5,12,6,45.4
6/9/2025 2:00,26.8,37.2,65.1,138.3,151.4,69.2,0,17.6,41.8
6/9/2025 3:00,17.4,70.8,64.9,152.6,146.2,66.3,1.1,0.5,44.7
6/9/2025 4:00,32,61.9,66.5,155.3,145,55.3,9.7,2.4,42.1
6/9/2025 5:00,29.3,57.3,81.3,171.1,138.9,65.4,0,1.9,47.1
6/9/2025 6:00,46.4,60.7,74.6,175,144.2,68.8,1.8,7,31.7
6/9/2025 7:00,115.9,64,65.8,196.2,144.8,64,0,0,40.4
6/9/2025 8:00,101.2,95.2,84.2,235.6,177.7,103.7,10.4,7.8,50.5
6/9/2025 9:00,105.3,146.1,124.4,260.4,184.8,130.4,7.7,18,61.9
6/9/2025 10:00,100,142.9,139.6,288.1,215.9,160.8,8.4,8.7,66.6
6/9/2025 11:00,103.9,138.1,125.7,310.6,227.6,158.7,0,17.9,68.3
6/9/2025 12:00,118.9,151.8,141.2,281.6,227.8,161,1.4,12.6,72.4
6/9/2025 13:00,119.2,122.9,148.1,295.1,224.1,161.1,0.7,16.1,58.8
6/9/2025 14:00,118.3,124.1,140.3,295.4,222,157.9,6.8,16.2,61.4
6/9/2025 15:00,93.5,107.7,128.8,272.2,202.8,158.8,0,4.8,43.6
6/9/2025 16:00,69.1,95.3,106.4,253.7,198.4,164.8,2.6,0,34.6
6/9/2025 17:00,63.3,85.8,91.8,225.5,196.6,149.7,0,0.8,35.3
6/9/2025 18:00,62.6,75.2,70.2,191.5,182.2,148.3,8.7,16,36.9
6/9/2025 19:00,50,66.7,55.4,160.4,156.6,137.1,2.7,0.7,45.4
6/9/2025 20:00,58.7,78.4,71,142.1,151.7,89.2,4.9,9.6,46.1
6/9/2025 21:00,36,62.6,53.7,143.2,161.4,65.7,0.8,21.3,39.2
6/9/2025 22:00,26.2,77.4,65.1,154.1,165.4,81.7,10.8,16.9,50.3
6/9/2025 23:00,43.4,66.4,65.7,145.1,152.8,74.8,4.1,6.1,45.4
6/10/2025 0:00,35.5,77.8,66.8,152.6,139.9,62,11.4,10,52.1
6/10/2025 1:00,30.4,72,48.8,149.6,153.8,69.6,2,13.9,39.4
6/10/2025 2:00,33,65.1,54.1,152.7,154.9,65.4,13.6,5.8,42.9
6/10/2025 3:00,20,50,62.1,153.2,144.4,59.5,14.3,16.6,36.6
6/10/2025 4:00,23.2,72.8,52.9,149.9,149.9,65,3.9,8.5,44.2
6/10/2025 5:00,31.4,53,70.9,167,136.7,67.6,0,11.5,45.9
6/10/2025 6:00,45.1,53,54.3,169.9,148.6,63.6,2.1,10.9,47.7
6/10/2025 7:00,100.5,97.8,71.4,194.3,142.5,68.4,6.6,0,56.3
6/10/2025 8:00,93.3,117.5,90.8,246.7,173.6,123.1,26.1,3.7,60.5
6/10/2025 9:00,86.1,134,118.4,278.8,206,133.8,21.4,10.7,59
6/10/2025 10:00,97,160.3,135.9,311.7,218.6,162.6,17.5,9.6,65.5
6/10/2025 11:00,105,164.5,147.6,328.9,218.2,141.6,4.5,18.3,65.4
6/10/2025 12:00,113.9,138.2,147.3,334.2,215.8,154.9,13.2,18.2,52
6/10/2025 13:00,129.5,118.7,140.9,312,211.8,158.8,14.1,12.1,54.7
6/10/2025 14:00,121.2,148.7,127.5,307,188.3,167.2,14.2,7.4,54.6
6/10/2025 15:00,121.6,132.5,117.1,299.9,208.1,162.5,8.8,14.2,55.8
6/10/2025 16:00,98.7,140.3,114.9,279.8,206.3,155.2,0,9.5,51.6
6/10/2025 17:00,71.1,119.8,110.2,241,203.6,151.8,14.3,3.1,31.8
6/10/2025 18:00,65.2,85.2,92.1,206.9,172.9,142.1,13.1,16.7,47.4
6/10/2025 19:00,45.3,101.6,71.6,173.7,150,135.6,2.3,0,37.2
6/10/2025 20:00,27.4,62.5,65.3,170.8,169.6,110.6,11.9,18.5,54.3
6/10/2025 21:00,30,91.4,69.9,162.2,171.6,103.8,0,11,45.9
6/10/2025 22:00,37.1,78.3,67.1,163.6,165.1,118.1,12.6,15.6,45.8
6/10/2025 23:00,29.5,59.7,70,155.8,164.2,105.3,0,21.2,42.3
6/11/2025 0:00,22,70.5,58.7,147.8,144.6,112.6,3.2,15.3,53.5
6/11/2025 1:00,38.5,69.8,70.7,147.3,147,113.3,13.4,2.4,47.4
6/11/2025 2:00,31.8,47.8,69.3,141.5,155.6,110.4,0,20,56.9
6/11/2025 3:00,19.8,43.6,59.1,143.7,158.5,115.5,3.5,14.3,45.6
6/11/2025 4:00,30.8,37.7,57.6,169.3,141.6,100.6,1.4,20.6,41
6/11/2025 5:00,21.9,56.6,69,168.7,153.9,91.2,0,7.6,41
6/11/2025 6:00,40.7,80.1,66.2,175.1,149,102.1,0,14.3,41.2
6/11/2025 7:00,114.3,86.9,76.1,194.4,153.6,112.2,3.2,14.5,47
6/11/2025 8:00,115.1,77.1,89.9,233.1,178.8,117,2.2,6.7,63.8
6/11/2025 9:00,107.5,157.6,126.4,293.6,211.1,165.6,23.7,7.4,59.7
6/11/2025 10:00,108,126,152.1,312,235.8,173.6,10.6,4.8,68.9
6/11/2025 11:00,114.4,141.1,156.3,336.1,239.3,181.9,2.9,17,75.1
6/11/2025 12:00,106.5,181.4,167.1,329.1,226.5,182.7,23.9,11.3,76.9
6/11/2025 13:00,124.3,149.2,165.1,323.5,235.6,193.2,16.7,18.2,65.4
6/11/2025 14:00,96,116.8,155,296.4,230,179.9,26.7,16.9,51.4
6/11/2025 15:00,90,112.2,146.5,295.3,225.6,192.2,22.7,15.9,57.2
6/11/2025 16:00,79.4,145,147.5,301.6,228.2,183.6,0.9,11.4,42.3
6/11/2025 17:00,95.7,94.2,113,254.3,215.3,180.8,5.4,2.8,49.2
6/11/2025 18:00,86.9,104.5,91.3,205.5,200.6,161.6,20.5,4.9,48.1
6/11/2025 19:00,71.5,79.8,85.5,164.7,191.7,144.9,19.5,11.6,30.7
6/11/2025 20:00,43.6,69.2,71.8,173.4,177.9,130.5,0.6,6.3,53.8
6/11/2025 21:00,43.2,75.2,79.4,170.5,173.5,139.8,9,16.4,40.6
6/11/2025 22:00,46.6,59.1,63.3,167.2,186.2,127.1,3.1,18.1,40.2
6/11/2025 23:00,27,93.7,64.8,151.8,173.8,128.7,0,21.1,53.8
6/12/2025 0:00,22.2,83,73.5,155.2,155.7,120,0,16.9,58
6/12/2025 1:00,37.4,92,57.2,154.9,164.9,111.5,0,15.7,52.5
6/12/2025 2:00,28.3,67.1,62.7,158.1,159.7,119.2,18.7,0,41.2
6/12/2025 3:00,36.5,55,56.7,151.9,164.7,87.8,14.3,9.1,42.8
6/12/2025 4:00,29.2,78.4,61.1,157.3,141.3,65.7,4.5,12.8,57.7
6/12/2025 5:00,35.4,72.4,67.2,166,148.6,65.8,16.7,10.7,46.1
6/12/2025 6:00,52,71.1,58.5,168.7,131.5,49.4,0,0,38.3
6/12/2025 7:00,105.8,73.7,50.9,161.4,149.8,58.2,10.7,0.5,50.8
6/12/2025 8:00,102.5,66.8,111,209.2,180.5,84,17.2,10.4,60.9
6/12/2025 9:00,99.4,50.4,108.2,250.1,188.6,110.8,30.5,26.6,49.2
6/12/2025 10:00,128.8,66.3,160.6,281.5,210.8,136.6,19.2,17,76.1
6/12/2025 11:00,94.2,72.2,166.2,287.6,215.4,142.5,23,13.6,67.8
6/12/2025 12:00,113.8,61.8,149.8,285.8,237.3,161.8,9.1,23.8,44.2
6/12/2025 13:00,111.4,61,157.4,267.3,229.6,147.4,11.5,25.1,49.5
6/12/2025 14:00,133.3,70.8,166.2,294.6,254.7,167.5,19.7,32,67.5
6/12/2025 15:00,87.9,73.9,160.3,258.9,211.1,162.3,16.3,0,46.1
6/12/2025 16:00,104.6,71.6,138.7,227.2,209.7,155.4,0,23.6,48.9
6/12/2025 17:00,77.1,49.4,129.9,211.6,211.3,122.8,14.6,12.5,33
6/12/2025 18:00,74.2,105.6,90.9,166,195.8,105.9,9.3,6.6,40.9
6/12/2025 19:00,49.6,56.1,73.8,171.6,190.4,98.7,0,13.3,52.4
6/12/2025 20:00,23.3,82.8,81.1,149.3,161.4,73,5,4.2,50.6
6/12/2025 21:00,23.4,68.2,77,144.4,156.4,52.3,10.3,34,53
6/12/2025 22:00,26.5,43.2,56.7,159.3,163.7,54.1,0,22.9,44.3
6/12/2025 23:00,18.7,76.9,64.8,144.8,159.6,46.8,5.6,11.7,34.4
6/13/2025 0:00,42.5,55.2,66.6,151.5,152.8,65.5,11.8,22.4,41.4
6/13/2025 1:00,41.2,71.6,80,135.5,164.6,47.3,0,0,40.6
6/13/2025 2:00,50.4,92.9,73.8,165.5,169.9,39.4,19.4,34.1,37.5
6/13/2025 3:00,18.7,75.9,67.3,154.1,161.6,40.9,0,16.6,44.7
6/13/2025 4:00,15.5,59.7,87.9,145.1,153,48.7,4,21.3,68.1
6/13/2025 5:00,15.1,71.4,67.3,171.3,150.6,53.2,14.5,14.7,39.9
6/13/2025 6:00,45.5,49,70.2,183.5,143,49,22.8,7.9,45.3
6/13/2025 7:00,120.1,72.2,62.8,204.3,171.2,69.9,26.1,17.1,52.2
6/13/2025 8:00,110.6,67.6,94.6,233.9,161.8,108.7,24.2,16,49.2
6/13/2025 9:00,99.1,69.9,133.3,271.7,203.5,123.2,7.3,3.9,63
6/13/2025 10:00,112.7,71.2,173.2,308.3,206.4,136.7,20.7,18.5,62.8
6/13/2025 11:00,115.4,91.7,164,278.1,208.5,123.6,13.6,0,44.2
6/13/2025 12:00,102.6,100.7,158.9,306,218.6,157.5,0,6.9,40.9
6/13/2025 13:00,106.2,93.4,160.9,319.7,216.2,120.9,3.5,8.3,64.5
6/13/2025 14:00,96.6,74.9,139.8,305.4,196.8,133.8,17.3,14.6,34.2
6/13/2025 15:00,105.2,95.1,116.1,294.3,207.5,124.6,18.2,0.1,49
6/13/2025 16:00,81,73.7,100.1,251.2,192.1,103.6,12.9,24.1,37
6/13/2025 17:00,88,61.6,75.1,229,168.5,94.7,22.6,1.2,35.5
6/13/2025 18:00,63.2,57.3,58.5,187.8,178.4,84.4,18.5,0,34.2
6/13/2025 19:00,53.6,68,51,164.5,164,75.8,5.4,12.1,59.3
6/13/2025 20:00,43,83,60.9,144.7,159,57.6,0,30.6,54.2
6/13/2025 21:00,25.5,73,50.2,174.7,178.4,58.5,0,22.1,38.3
6/13/2025 22:00,21.8,85.9,56.4,143.6,177.7,59.1,15.7,20.4,57
6/13/2025 23:00,76.5,73.3,65.5,158,187.6,48.8,14.7,5.8,37.3
6/14/2025 0:00,69.8,75.1,55.2,167.7,157.4,59.2,2.3,9.6,45.8
6/14/2025 1:00,48.6,59,60.4,162.5,161.2,46.2,11.2,9.9,38.4
6/14/2025 2:00,50.4,73.2,55.9,162.1,165.4,46.9,0,11.5,52.5
6/14/2025 3:00,63.8,63.5,59.5,159,164.9,54.1,10.1,16.3,50.7
6/14/2025 4:00,50.1,74.5,55.3,154.8,167.5,50.9,2.7,16.1,42.2
6/14/2025 5:00,44,60.6,65.4,150.8,164.3,47.9,10.7,13.8,50.1
6/14/2025 6:00,52.7,43.6,44.9,147.6,153,52.4,13.8,10.3,34.8
6/14/2025 7:00,57.1,49.2,47.6,141.5,164.7,46.4,15.4,6.1,26.7
6/14/2025 8:00,55,60.6,57.4,146.9,161.8,70,5,11.8,35.3
6/14/2025 9:00,55.9,50.4,56.5,161.8,171.4,83,7,8.9,34.9
6/14/2025 10:00,67.4,63.1,63.5,164.2,195,101.9,10.8,1.2,29.4
6/14/2025 11:00,69.5,59.3,54.5,166.4,197.3,107.2,6.5,20.9,24.5
6/14/2025 12:00,65.4,62.6,58.8,170.4,216.5,90.3,12.7,0.9,36.1
6/14/2025 13:00,63.5,46.1,67.2,169.3,204.7,89.5,15.3,16.5,41.4
6/14/2025 14:00,65.3,63,64.6,174.5,210.9,88.5,17.1,15.8,37.1
6/14/2025 15:00,68.9,55.9,59.1,178.6,194,97.2,24.1,11.8,47
6/14/2025 16:00,55.6,58.6,59.7,174.2,205.5,78,4.9,0,32.4
6/14/2025 17:00,60,58.9,65.9,172.9,178.3,83.3,8.8,17.7,29.7
6/14/2025 18:00,63.9,64.8,60,153.6,166.1,78.3,7.4,15,36.1
6/14/2025 19:00,51.1,72.6,57.3,152.9,162,73.9,1.7,3.7,32.1
6/14/2025 20:00,55.8,81.8,59.7,151.8,174.5,65.1,5,8.1,48.6
6/14/2025 21:00,58,78.1,55.1,159.2,161.2,71.4,8.4,16.4,44.7
6/14/2025 22:00,53.9,71,64.7,158.7,164.3,71.5,3.7,17.9,42.5
6/14/2025 23:00,35.2,88,48,158.6,161.3,62.4,4.7,9.3,41
6/15/2025 0:00,24.2,66.5,58.4,145.8,167.7,61.1,7.5,20.2,45.4
6/15/2025 1:00,26.3,69.4,54.1,150.3,157.9,62.9,2.7,20.2,40
6/15/2025 2:00,21.4,57,56.2,154.3,160.4,56.9,3.9,18.2,40.5
6/15/2025 3:00,26.5,74.9,58.6,140.2,141,58.4,14.1,10,41.3
6/15/2025 4:00,18.1,67.5,63.5,131.5,136.8,61.1,15.9,10,50.3
6/15/2025 5:00,19.7,68.5,54.5,137.6,141.4,51.3,9.1,15.4,43.7
6/15/2025 6:00,21.3,55.5,56.8,128.7,131.2,67.1,16,5.4,26.7
6/15/2025 7:00,19.2,55,47,132.8,141.7,65.9,11.6,0,27.5
6/15/2025 8:00,18.8,49.7,46.8,130.7,141,74.2,11.6,9,22.9
6/15/2025 9:00,36.5,60.1,52.2,144.8,146.3,78.7,16.6,11.6,30.8
6/15/2025 10:00,34.1,49.8,50.1,134.8,151.6,59.4,14,5.7,46.1
6/15/2025 11:00,38,44.6,54.3,147.5,146.9,89.4,14.8,7.5,41.2
6/15/2025 12:00,33.1,58.5,63.7,150.9,164.8,93.8,13.3,0,36.8
6/15/2025 13:00,24,53.7,62.1,145.2,149.4,86.1,6.4,5.4,42.2
6/15/2025 14:00,27.3,58.7,65.5,154.9,161.1,76.2,8.1,5.7,39.4
6/15/2025 15:00,20.8,52,56.4,141.4,166.2,66.5,6.6,0,36.9
6/15/2025 16:00,18.4,57.4,56.3,148.7,155,65.4,9.8,9.9,36.4
6/15/2025 17:00,17.8,56.3,56.6,148.2,161.5,77.4,3.7,13.1,34.9
6/15/2025 18:00,23,62.9,53.5,153.1,155,69.7,0,2.4,37.4
6/15/2025 19:00,23.9,61.5,62.5,144,152.1,63,1.7,2.5,32.9
6/15/2025 20:00,22.8,77.4,71.8,148.3,155.1,79.7,0,7.3,49.3
6/15/2025 21:00,30.5,78,65.5,150,160.8,73.8,8.8,12.1,50.1
6/15/2025 22:00,21.4,68.6,60.5,148.5,149.5,72.2,0,10.8,49.4
6/15/2025 23:00,22.7,78.1,60.6,150.6,149.8,66.7,9,3.7,43
6/16/2025 0:00,29.6,54.1,52.7,133.4,158,52.7,8.1,0.7,52.8
6/16/2025 1:00,28,89.6,65.8,126.1,132.2,52.5,2.8,0,50.3
6/16/2025 2:00,22,31.5,70,144.1,142.7,62,7.4,21.5,36.6
6/16/2025 3:00,16.3,67.9,72.8,149.5,151.8,72.1,0,8.4,52.6
6/16/2025 4:00,41.9,52.9,64.2,160,142.3,45.8,19.7,5,35.8
6/16/2025 5:00,25,57.2,90.8,173.7,136.6,66.5,0,0,37.7
6/16/2025 6:00,54.7,68.3,74.5,180.4,145.5,66.2,11.4,0,34.9
6/16/2025 7:00,115.7,67.1,65.8,200.9,146.9,70.1,9,2.7,39.5
6/16/2025 8:00,93.7,94.6,92.7,232.3,181.3,104.7,1.9,12.5,45.8
6/16/2025 9:00,112.4,146.8,124.8,251.3,193.8,132.6,10.5,10.8,70.4
6/16/2025 10:00,99,149.8,145.6,289,213.3,152.5,5.7,2.6,58.3
6/16/2025 11:00,111.9,136.7,130.2,316.9,232.9,154.9,6,22.3,66.9
6/16/2025 12:00,117.8,159.4,132.8,275.1,229.3,171,5,14.5,65.4
6/16/2025 13:00,111,127.5,150.1,300.7,224.7,165.5,9.8,15.9,58.8
6/16/2025 14:00,121.9,129.4,146.7,294.7,220,158.4,0,7.5,61.6
6/16/2025 15:00,100.4,105,129.7,276.1,205.8,164.2,2.2,5.6,34.7
6/16/2025 16:00,65.5,93.3,102.8,256.3,193.4,171.3,8.2,0,30.1
6/16/2025 17:00,60.2,87.2,83.4,231.7,188.9,141.2,0,1.5,27.3
6/16/2025 18:00,53.9,69.1,73.4,182.8,186.9,157.7,0,22.7,39.9
6/16/2025 19:00,50.8,67.8,51.5,165.9,156.6,139.9,8.3,0,50
6/16/2025 20:00,66.5,69.9,73.1,141.3,149.4,88.2,2.2,19.5,44.6
6/16/2025 21:00,43,62.7,52.2,139.1,162.6,69.3,0,12,35.1
6/16/2025 22:00,30.4,82.7,68.9,145,160.6,78.6,12.1,8,48.4
6/16/2025 23:00,51.9,62,62.7,139.1,148,82.4,6.2,11.9,47.3
6/17/2025 0:00,38.3,87.6,57.6,143.4,138.8,67.6,15,0.9,52.7
6/17/2025 1:00,36.3,75.6,56.2,158.3,163.7,72.4,11,6.3,39.3
6/17/2025 2:00,33.2,57.5,51.2,153,150.6,59,11,11.9,41.6
6/17/2025 3:00,12.4,59.5,72.1,163,152.7,68.8,19.6,19.9,40.2
6/17/2025 4:00,17.2,70.7,48.4,150.8,149.7,63.7,5.4,7.7,47.1
6/17/2025 5:00,24.2,58.9,80.5,162.1,129.2,75.8,0.6,15.1,55.1
6/17/2025 6:00,50.9,49.8,63.3,175,155.7,54.7,0.1,18.4,42.1
6/17/2025 7:00,91,106.6,62.9,188.1,141.5,60.9,9.6,0,47.4
6/17/2025 8:00,94.4,122.6,93.6,243.8,181.6,116.2,21.1,5.3,51.2
6/17/2025 9:00,83.5,128,115.7,284.4,204.9,127.1,13.7,19.2,54.3
6/17/2025 10:00,103.1,160.5,141.9,319,210.4,159.1,22.2,0.3,56.8
6/17/2025 11:00,106,164.5,151.2,325.5,221.8,145.8,4.5,11.1,57.4
6/17/2025 12:00,116.1,129.1,156.4,326.7,222.7,151.8,10.9,21.3,46.5
6/17/2025 13:00,121.2,111.4,133.8,309.4,208.2,167.6,15.3,11.5,57.1
6/17/2025 14:00,117.4,145.4,129.7,314.8,185.2,175.1,9.4,15.8,58.9
6/17/2025 15:00,131.6,132,122.7,304.8,199.4,169.4,4,5.1,53.6
6/17/2025 16:00,103.1,139.4,105.6,287.7,207.1,150.2,0,13.5,43.6
6/17/2025 17:00,71.6,121.9,101.5,238.7,211.4,154.5,24.2,0,36.5
6/17/2025 18:00,70.6,85.5,97.7,216.4,179.9,143.1,8.8,10.1,55
6/17/2025 19:00,51.8,98.2,68.9,173.6,154.2,128.1,10.6,0,32.6
6/17/2025 20:00,18.9,64.8,63,170.8,178.1,106.7,11.7,14.6,48.4
6/17/2025 21:00,39.4,84.7,71.2,170.7,174.4,104.5,0,16.9,51.6
6/17/2025 22:00,39.9,88.1,69.2,164,171,118.2,19.7,14.7,42.8
6/17/2025 23:00,28.5,64.5,73.6,161.8,164.4,98.7,0,14.6,38.1
6/18/2025 0:00,25.6,66.5,67.7,152.3,137,121.4,11.2,17.1,55.4
6/18/2025 1:00,35.4,66.5,68.1,138.9,141,106.4,12.3,8.8,52.1
6/18/2025 2:00,39.4,54.4,74.6,143.5,148.4,113.6,0,12.1,48.8
6/18/2025 3:00,25.4,44.2,60.6,150.1,164.3,119.9,7.1,14.2,45.7
6/18/2025 4:00,33.6,41.9,58.2,170.2,132.1,102.7,8.3,26.6,45
6/18/2025 5:00,15.5,52.6,67,165.1,155,98.1,0,2,40.5
6/18/2025 6:00,50,86.4,69.2,166.7,146.4,103.4,0,20.4,37.3
6/18/2025 7:00,113,84.3,71.1,197.6,159.7,118.7,0,13,55.1
6/18/2025 8:00,123.3,80.6,82.2,229.2,179.8,107.6,3,12.9,58.6
6/18/2025 9:00,98.6,167.2,131.1,295.7,213.3,156.5,31.5,17,56
6/18/2025 10:00,100.5,127.7,152.1,310.5,227.5,176.4,17.6,8.4,60.3
6/18/2025 11:00,107.5,147,154,339.9,235.5,183.4,7.1,13.5,68.8
6/18/2025 12:00,99.8,185.9,168.3,326.1,236.5,185.7,32.4,20.8,84.9
6/18/2025 13:00,120.8,153,160.3,314.3,240,198.5,19.5,19.7,58.2
6/18/2025 14:00,100.2,107.3,150.2,303.8,230.5,178.2,32.6,9.6,41.7
6/18/2025 15:00,86.9,111.7,145.4,292.4,231,195,22.9,22.6,56.7
6/18/2025 16:00,88.2,154.3,157.4,311.6,234.7,183.6,0,17.3,39
6/18/2025 17:00,103.6,99.9,108.7,249.8,206.8,183.3,0,8.1,42.8
6/18/2025 18:00,93.8,110,99.6,215.1,210,157.4,13.3,6.8,43.4
6/18/2025 19:00,66.5,81.4,85.3,173.7,194.5,154,25.3,8.3,22.2
6/18/2025 20:00,46.3,73.6,64.3,164.9,176.9,130.2,0,0,57.4
6/18/2025 21:00,44.2,76.9,86.5,173.3,177.1,145.9,10.1,9.2,47.7
6/18/2025 22:00,39.1,52.5,62.3,164.5,183.1,130.8,0.5,16.4,42.1
6/18/2025 23:00,23.1,96.3,72.8,157.8,181.4,124.6,6.1,25,63.2
6/19/2025 0:00,22.9,85.4,72.4,158.8,161.3,111.5,1,18,59.7
6/19/2025 1:00,37.5,98.8,49,164,167.7,102.7,2.2,14.5,52.3
6/19/2025 2:00,21.7,60.1,66.3,151,153.3,118,10.4,8.5,36.2
6/19/2025 3:00,45.3,58.6,63.6,154.1,174,87.5,10.5,0,35
6/19/2025 4:00,22.3,69,57.5,162.9,140,59.8,14.5,4.8,64.1
6/19/2025 5:00,38.6,81.4,64.1,156.7,156.8,67.9,21.1,17.6,47.4
6/19/2025 6:00,56.4,63.3,49.8,160,122.6,45.7,0.5,2.2,48.1
6/19/2025 7:00,107.9,64.1,51.7,167,142.3,62.6,16.1,6.1,57.5
6/19/2025 8:00,109.4,63.1,118.8,206.5,173.6,88.7,23.7,0.7,61.4
6/19/2025 9:00,100.7,43.4,115.2,247.8,181.9,118,22,26.3,42.5
6/19/2025 10:00,135.3,70.1,164.8,282.8,207.3,146.1,28.6,7.1,69
6/19/2025 11:00,84.8,70.4,174.7,289.7,219.6,135.1,25.8,7.2,59.7
6/19/2025 12:00,104.7,67.3,152.6,289.4,234.2,159.2,8.1,15.6,40.3
6/19/2025 13:00,114.2,69.4,163.3,276.3,238.4,148.6,15.1,28.1,54.2
6/19/2025 14:00,134.8,78.3,166.4,292,262.6,163.9,16.6,39.7,66.6
6/19/2025 15:00,90.9,78.6,152.7,264.2,218,161.6,23.9,0,50.8
6/19/2025 16:00,109.9,62.8,132.7,228.7,204.7,150.7,5.6,29.7,58.7
6/19/2025 17:00,75.4,42.2,122.7,212.2,214,117.8,17.4,18,28.1
6/19/2025 18:00,77,99.7,96.7,164,196.8,97.8,2.9,10.4,40.6
6/19/2025 19:00,49.6,52.6,64.3,174.6,182.9,94.5,9.3,7.4,49.7
6/19/2025 20:00,25.8,86,82.2,144.3,157.5,70.7,3.7,7,40.9
6/19/2025 21:00,19.2,68.7,74.4,136.7,157.1,54.6,18.5,34.5,50.1
6/19/2025 22:00,35.6,39.5,62.8,164,163.8,49.1,0,21.1,48.5
6/19/2025 23:00,18.4,70.4,65.8,144.8,153,54.1,0,20.5,42.2
6/20/2025 0:00,48.6,63.4,68.8,149.2,161.6,58.7,4.9,24.6,46.9
6/20/2025 1:00,44.9,68.4,71.7,136.7,157.7,43.8,0,0,47.7
6/20/2025 2:00,46.3,90,70,160.7,173.1,41,15.9,27.7,45.5
6/20/2025 3:00,10.2,81.3,77.3,149.3,166,37.2,4.2,16.6,46.6
6/20/2025 4:00,6.7,64.1,92.3,144,155.1,54,0.9,30.3,60.4
6/20/2025 5:00,13.9,74.3,67.8,181.2,157.5,53.2,23.3,17.2,43.6
6/20/2025 6:00,45.2,52.9,75.6,179.2,144.3,49.3,30.7,13.6,49.9
6/20/2025 7:00,114.2,74.4,69.3,212.6,177.7,69.9,33,14.1,42.6
6/20/2025 8:00,112.7,61.4,86.1,233.7,152.4,104.9,19.2,6.1,58.8
6/20/2025 9:00,95.4,64.8,142.7,264.2,194.4,113.7,10,0,70.1
6/20/2025 10:00,117.1,72.4,176,315.4,209.2,145.6,21.7,10.9,66
6/20/2025 11:00,120.1,86.2,163,277.1,210,123.7,6.1,0.6,37
6/20/2025 12:00,109.8,110.2,162.5,314,221.6,166.8,0,0,40.9
6/20/2025 13:00,115.7,89.4,157.8,318.6,221.5,115.2,4.2,5.5,59.4
6/20/2025 14:00,89.2,70.7,147.4,297.2,195.1,130.9,17.4,19.8,39
6/20/2025 15:00,102.6,89.2,121.7,297.9,210.3,115.6,11.6,0.9,58.5
6/20/2025 16:00,82.2,77.8,102.9,258.1,192.1,103.5,21.7,18.5,34.2
6/20/2025 17:00,84.4,57.9,68.7,225.4,171,102.3,15.7,6.6,40.4
6/20/2025 18:00,62.5,54.3,67.8,184.7,174.2,87.5,21.7,3.2,28.1
6/20/2025 19:00,48.9,76.7,49.7,155.8,173.1,75.2,9.8,7.6,68.4
6/20/2025 20:00,38,88.9,69.1,145.5,158.7,58.3,2.1,24.5,57
6/20/2025 21:00,17.4,68.5,41.3,182.5,184.5,65.4,6.9,28,47.6
6/20/2025 22:00,17.6,78.3,48.9,150.6,181.4,57.7,17,24.1,64.5
6/20/2025 23:00,74.2,76.8,58.6,162.2,183.5,56.4,21.2,15.2,40.9
6/21/2025 0:00,71,73.9,51.8,172,153.1,61.5,0,9.3,49.8
6/21/2025 1:00,46.1,63.8,58.6,163.9,156.8,48.8,6.7,6.7,37.9
6/21/2025 2:00,54.1,76.4,58,165,164.8,45.6,1.4,13.2,57.1
6/21/2025 3:00,60.4,68,58,159.1,164.7,53.1,10.9,11.7,51
6/21/2025 4:00,48.4,77.5,59.7,151,164.5,51.6,4.2,17.5,39.9
6/21/2025 5:00,44.8,58.5,69.3,147.8,165.4,44.8,13.4,11.7,51.9
6/21/2025 6:00,50.8,41.5,48.4,144,151.1,52.9,13,9.6,38.7
6/21/2025 7:00,59.7,51.3,45.1,144.4,166.9,42.1,16.8,4.4,25.6
6/21/2025 8:00,55,59.1,58.8,142.2,164.1,70,5,14.9,34.5
6/21/2025 9:00,56,49.8,57,162.3,175,85.6,8.3,11.5,39.8
6/21/2025 10:00,67.4,60.7,59.8,162.9,199.8,99.7,8.7,0,27.5
6/21/2025 11:00,67.6,59.1,52.5,169.4,193.6,112.1,11.1,23.3,19.9
6/21/2025 12:00,60.6,59.6,59.1,170.9,215.2,92.1,12.5,5.1,36.3
6/21/2025 13:00,68,46.5,67.2,170.4,205.3,85.7,18.3,13.3,39.8
6/21/2025 14:00,65.4,67.3,61.3,170.4,209.1,93.3,18.9,18.7,38.2
6/21/2025 15:00,73.6,57.9,63.5,176.7,193.7,96.1,22.1,11.7,46.3
6/21/2025 16:00,52.8,55,56.2,179.2,203.2,80.9,0.6,0,32
6/21/2025 17:00,58.5,60.1,67.5,175.1,175.8,81.7,4.4,21.7,34.4
6/21/2025 18:00,59.4,65.7,62.2,153.9,162.1,82.7,6.8,17.2,39
6/21/2025 19:00,51,70,58.4,155.6,159.9,76.4,1.5,4.6,30
6/21/2025 20:00,59.6,83.5,63.1,155,173.3,62.1,2,6.4,53.3
6/21/2025 21:00,59.5,78.4,55.7,154.9,162.4,71.5,9.5,13.4,44.7
6/21/2025 22:00,53.6,72.4,68,163.4,161.8,71.5,1.8,19.7,44.4
6/21/2025 23:00,35.6,83.5,43.3,160,165,57.9,6.9,7.6,40.7
6/22/2025 0:00,27.7,65.6,53.9,145.3,164.3,57.5,9.8,23,41.9
6/22/2025 1:00,25.6,71.6,55.5,152.1,156.2,61.2,6.3,18.5,44.7
6/22/2025 2:00,25.2,53,57,152.7,161.2,56.6,8.7,14.2,41.7
6/22/2025 3:00,28.8,77.6,60.1,144,139.1,58,10.4,12.4,42.9
6/22/2025 4:00,20.7,62.6,66.2,134.3,139.4,62.2,14.6,13.7,48.3
6/22/2025 5:00,18.4,69,53.7,139,141.4,51.5,9.7,14.2,41.6
6/22/2025 6:00,20.3,59.8,58.2,125.5,131.3,65.4,14.2,2.6,29.7
6/22/2025 7:00,19.9,54.1,47,137.5,141.7,67,11.3,0,22.7
6/22/2025 8:00,15.7,54.1,48.1,130,139.1,70.8,9.3,8.8,18.3
6/22/2025 9:00,37,63.9,50.1,148.9,141.5,83.6,14.1,15.5,28.6
6/22/2025 10:00,29.8,49.6,54.7,130.4,156.1,61.8,10,2.1,47
6/22/2025 11:00,38,41.6,54.1,143.7,147,87.4,12.7,11.8,36.7
6/22/2025 12:00,35.7,63.1,66.7,147.4,169.5,92.2,12.1,0,34.9
6/22/2025 13:00,21.8,51.9,63.9,141.8,146.6,89.4,7.6,4.3,41.5
6/22/2025 14:00,32.2,60.2,63.5,153.1,159.6,76.5,5.6,2.1,41
6/22/2025 15:00,22.6,56.1,52.1,143.5,161.7,68.6,10.3,2.2,31.9
6/22/2025 16:00,14.6,53.3,51.9,147.2,154.9,63.4,6.4,11.2,33.9
6/22/2025 17:00,22.6,57,56,152.6,165.3,80.6,2,17.9,33.4
6/22/2025 18:00,21.9,63.3,53.3,157,156.5,68.4,0.8,0,35.2
6/22/2025 19:00,26.8,63.7,59.5,147.5,151.8,64.7,0,0,36.5
6/22/2025 20:00,21.2,81.8,72.9,145.8,155.5,84.5,2.6,9.2,51
6/22/2025 21:00,34.9,82.1,63.6,151.4,164.3,74.6,8.8,7.7,52.8
6/22/2025 22:00,23.9,65.4,62.7,149,148.8,75.2,0.1,7.2,46
6/22/2025 23:00,19.7,81.9,62.9,146.9,153.6,69,9,7.2,38.9
6/23/2025 0:00,29.8,47.6,59.9,129.5,162.6,56.5,4.3,0,48.2
6/23/2025 1:00,28,98,75.3,126.8,137.5,43,0,0,60.2
6/23/2025 2:00,12.9,41.4,62.6,144.2,140,61.5,16.3,18.4,30.5
6/23/2025 3:00,9,65.8,70.2,142.9,149.8,81.4,0.1,16.1,54.3
6/23/2025 4:00,38.6,52.8,65.4,168.8,143.7,51.5,29,7.1,27.4
6/23/2025 5:00,24.5,65.9,87.2,166.8,130.5,72,0,5.8,32.1
6/23/2025 6:00,53.8,77.5,73.8,183.6,146.6,67.8,8.5,2.8,34.4
6/23/2025 7:00,117.8,75.6,61.1,205.3,138.4,74.5,0,4.9,36.6
6/23/2025 8:00,94,102.1,87.7,234.4,181.4,106.4,1.8,5.9,52
6/23/2025 9:00,109,137,116.7,258.2,199.1,126,18.1,20.2,73.1
6/23/2025 10:00,101.3,151.2,141.4,290.3,208.9,155.1,8.8,9.7,56.8
6/23/2025 11:00,105.2,128.8,127.9,323.4,242.7,157.3,5.4,14,76.2
6/23/2025 12:00,127.6,169.1,135.1,265.7,232.9,177.8,5.7,21.6,57.4
6/23/2025 13:00,115.8,123.2,145.1,291.6,217.1,158.5,16.7,15.7,54
6/23/2025 14:00,117.9,139.2,154,297.5,229.5,162,0,17.4,57.6
6/23/2025 15:00,97.1,105.9,122.9,277.6,203.7,154.8,9.8,7.4,30.9
6/23/2025 16:00,72.1,93.2,99.3,259.3,199.3,180.3,12.8,6.7,31.4
6/23/2025 17:00,60.8,96,85,237,185.7,133.4,5.3,0,30.9
6/23/2025 18:00,58.1,76.1,69.7,181.1,195.7,148.1,0,27.3,36.3
6/23/2025 19:00,46.8,67.2,56.8,168.7,161.7,136.2,6.3,4.7,51.6
6/23/2025 20:00,72.8,63.8,73.1,141.3,143.4,81.2,3.6,14.4,48.3
6/23/2025 21:00,40.4,55,52.5,141.6,162.8,73.1,0,8.5,29.1
6/23/2025 22:00,33.9,75.9,68.9,140.8,160.6,76.8,13.2,9.6,41.1
6/23/2025 23:00,61.5,61.2,58.9,148.2,138.9,87.9,0,19.7,48.4
6/24/2025 0:00,40,82.7,48.1,143.1,131.5,76,15.1,2.7,48.7
6/24/2025 1:00,42.2,69.3,65.1,164.4,160.4,79.9,16.3,0,31
6/24/2025 2:00,37.7,62.2,51.3,156.7,150.1,63.7,6.6,13.4,42.9
6/24/2025 3:00,16.2,65.3,81.4,158.9,151.8,60,29.4,10,42.8
6/24/2025 4:00,7.7,72.1,42.7,142.3,151.8,56.5,9,17.3,48
6/24/2025 5:00,23.7,64,77.6,153.3,129.5,69.9,0,5.9,52.6
6/24/2025 6:00,60.2,43.3,54.3,173.8,152.3,51.2,9.6,17.8,49.6
6/24/2025 7:00,96.7,113.7,62.8,187.8,143.8,64.1,7.5,5.4,46.1
6/24/2025 8:00,99.9,130.5,101.2,237.9,174.9,116.7,27,0,44
6/24/2025 9:00,85.1,134.5,118.8,286.5,214.7,123.4,10.5,19.8,53.1
6/24/2025 10:00,107.5,160.8,141.3,315.3,215.2,152.6,31,0,53.1
6/24/2025 11:00,107.7,156.2,151.9,329.9,217.8,154,9.6,17.1,66.1
6/24/2025 12:00,109.5,132.5,163.3,331.4,219.4,148.6,4.9,27.7,50.8
6/24/2025 13:00,123.8,105.1,132.4,316.6,214.8,164.7,15.5,10.5,56.5
6/24/2025 14:00,119.8,138.2,137.3,324.3,185.8,180.5,9.4,10.6,57.5
6/24/2025 15:00,138.4,128.5,127.3,297.4,203.6,173.8,0,6.3,52
6/24/2025 16:00,96.1,134.4,110.9,285.1,203.1,153.1,0,3.7,41.8
6/24/2025 17:00,75.2,117.1,98.8,239.9,217.7,158.4,20.9,4.6,27.1
6/24/2025 18:00,61.2,80.2,95.7,212.8,177.3,145.3,8.3,19.1,56.2
6/24/2025 19:00,60.8,103.3,70.3,172.9,157.7,121.9,9.7,0,41.7
6/24/2025 20:00,11.1,73.9,56.9,166.1,187.7,101.6,13.8,10.5,46.8
6/24/2025 21:00,29.8,80.7,72.3,165.7,176.1,105.7,0.3,19.9,56.7
6/24/2025 22:00,36.2,92.6,60.7,155.9,176.9,112.7,16.3,6.5,45.1
6/24/2025 23:00,21.5,54.7,73.7,157.6,168.9,108.2,2.3,14.2,34.1
6/25/2025 0:00,29.4,69.6,73,150,140.8,117.4,4.5,13.2,50.3
6/25/2025 1:00,33.6,70.4,63.7,141.2,131.5,102.2,22.1,12.9,52.3
6/25/2025 2:00,44.9,45.6,84.4,138.5,147.9,107.7,4.8,19.3,41.3
6/25/2025 3:00,35.6,89.2,66.7,172.7,196,93.99,3.77,14.69,49.78
6/25/2025 4:00,35.7,86.2,64.6,171.9,196.8,93.59,3.75,14.5,50.67
6/25/2025 5:00,34.3,86.9,75.2,185.7,189.9,90.41,3.73,13.63,48.7
6/25/2025 6:00,44.4,80.8,76,203.3,182.9,97.53,3.09,8.97,45.97
6/25/2025 7:00,134.8,93.3,85.5,254.8,202.1,150.34,7.92,10.3,52.56
6/25/2025 8:00,186.2,151.5,138.9,324.6,238.6,176.54,5,15.84,76.04
6/25/2025 9:00,157.9,218.4,240,418.3,290.4,206.88,7.66,21.68,77.33
6/25/2025 10:00,187.7,276.6,280,500.9,332.4,221.29,5.58,25.13,84.9
6/25/2025 11:00,270.9,338.9,278.9,555.7,350.6,242.67,5.33,30.68,89.53
6/25/2025 12:00,216.4,355.5,300.2,561.1,362.8,252.73,5.65,31.6,95
6/25/2025 13:00,238.2,332.7,315.2,550.4,372.3,228.02,6.3,21.31,97.45
6/25/2025 14:00,224.6,320.4,285.9,532.4,380,231.8,10.11,18.37,90.08
6/25/2025 15:00,224.5,325.7,270.4,507.2,378.8,234.39,9.9,16.54,77.87
6/25/2025 16:00,246.2,316.9,259.3,487.6,370.8,232.72,9.08,15.03,66.29
6/25/2025 17:00,294.5,279.4,226.1,442,357,228.35,9.35,14.15,59.53
6/25/2025 18:00,209.4,238.2,169.5,326.3,311.3,198.3,10.4,13.21,52.15
6/25/2025 19:00,178.5,189.9,126.1,263.3,281.4,178.31,9,11.63,50.95
6/25/2025 20:00,81.9,138,92.5,207.1,254.6,149.3,11.89,10.44,52.19
6/25/2025 21:00,43.5,120.7,90.1,197.3,238,91.88,12.68,15.46,54.15
6/25/2025 22:00,40.6,110.7,81.2,187.9,221.7,89.92,13.75,15.52,52.56
6/25/2025 23:00,40,105.7,77.5,185,218.7,86.29,12.56,15.53,51.29
6/26/2025 0:00,38.8,100,75.5,179.8,209.4,85.45,2.62,15.15,50.21
6/26/2025 1:00,38.4,96.5,75.9,174.7,198.7,84.77,3.53,15.14,49.19
6/26/2025 2:00,38.2,96.9,69.9,178.3,199.1,83.46,3.52,15.62,49.98
6/26/2025 3:00,53.7,51,67.2,161.4,183.3,91.6,6.5,4.9,35.9
6/26/2025 4:00,29.8,65.1,49.9,156.1,145.7,56.1,11.2,0,65.4
6/26/2025 5:00,43.3,79.5,73.6,153.2,162.3,64.9,27.7,16.7,43.3
6/26/2025 6:00,47.6,63.4,47.7,161.6,124.2,54.4,1.1,7.6,53.2
6/26/2025 7:00,100.7,72,57.6,163.3,146.7,68.5,20.3,13.6,55.4
6/26/2025 8:00,103.5,67.2,115.6,211.8,175.3,84.2,19.7,0,59.5
6/26/2025 9:00,97.2,39.6,124,247.8,175.3,110.4,28.3,32.1,32.6
6/26/2025 10:00,138.5,62.4,169.9,283.1,209.9,149.6,26,4.5,75.1
6/26/2025 11:00,85.3,78.7,168.7,289.7,222,132.7,29.3,6.5,67.2
6/26/2025 12:00,101,63.2,152.8,285.6,241,168.8,17.7,18.3,39.5
6/26/2025 13:00,107.7,71.7,163.3,266.8,231.4,155,16.8,35.3,45.3
6/26/2025 14:00,143,72.7,157.3,300.9,266.2,173,22.5,31.1,57.7
6/26/2025 15:00,87.7,71.3,145.4,264.3,208.6,167.7,28.4,7.9,57.4
6/26/2025 16:00,107,55.9,129.4,238,213.7,146.5,9.4,26.4,61.7
6/26/2025 17:00,80.8,47.2,122.2,206.5,206.2,113.6,7.9,8.7,24.8
6/26/2025 18:00,81.4,101.8,95.8,161.1,187.2,102.1,2.4,8.9,32.5
6/26/2025 19:00,52.5,50.9,66.4,165.6,179.2,91.4,18.6,2.8,45.5
6/26/2025 20:00,29.7,87,82.5,144.2,150.5,69.5,9.4,15.9,40.5
6/26/2025 21:00,21.4,68.1,71,144.3,160.9,49.7,24,35.3,46.7
6/26/2025 22:00,29.4,40.3,65.1,167.1,162,48.7,1.6,27,39.7
6/26/2025 23:00,13.3,73.7,59.1,144.2,158.5,48.1,4.4,26.3,47
6/27/2025 0:00,49.8,57.8,78.6,149.9,170,59.5,6.6,16.2,50.4
6/27/2025 1:00,39.4,63.3,76.5,143.6,165.2,52.5,0,7.6,52.5
6/27/2025 2:00,55.8,95.1,66,159.3,177.8,44.9,18.5,32.4,36.6
6/27/2025 3:00,6.2,88.8,74,156.9,157.2,29.9,6.6,7.7,40.7
6/27/2025 4:00,2.5,55.7,98.9,148.6,147.9,56.3,7.7,39.2,53.3
6/27/2025 5:00,8,73.2,68.4,186.5,151.6,54.9,16.3,20.7,48.4
6/27/2025 6:00,49.3,57,79.8,176.5,140.8,44.1,34.3,21.4,49.8
6/27/2025 7:00,110.5,66,65.3,210.6,180.9,73.3,23.6,6.3,37.1
6/27/2025 8:00,109.7,62.7,92.4,235.1,152.9,105.5,28.2,3.4,62.3
6/27/2025 9:00,104.1,56,140.1,258.1,190.7,116.5,2.2,2.4,77.1
6/27/2025 10:00,123,73.4,179.5,316.5,202.7,136.6,12.1,8.2,62
6/27/2025 11:00,115.6,86.3,172.6,268.6,218.2,122,2.4,0,33.2
6/27/2025 12:00,102.2,111.7,164.2,314.1,218.4,171.1,0,1.2,50.7
6/27/2025 13:00,119.2,82.4,163.7,323.9,218.6,107.2,8,0,49.5
6/27/2025 14:00,86.8,67.3,151.9,292.8,200.5,136.3,15.6,24,38.7
6/27/2025 15:00,112.2,89.6,125.5,307.7,214.7,105.7,17.1,0,62.3
6/27/2025 16:00,88.6,70.1,93.4,261.7,195,104.5,30.1,28.1,26.5
6/27/2025 17:00,93.5,52,68.2,217.8,174.9,110.9,23.2,1.4,30.4
6/27/2025 18:00,68.6,56,77.1,194.2,176.4,85.6,26.4,0,30.2
6/27/2025 19:00,44.7,68.5,55.4,153.7,166.9,83.9,1,7.2,60.8
6/27/2025 20:00,33.8,89.1,74.6,151.4,153.6,65.9,0,33.3,48.9
6/27/2025 21:00,21.7,74.7,42.9,179.3,185.7,64.9,1,29.6,41.7
6/27/2025 22:00,14.5,77.4,53.3,159.4,175.9,51.7,13.5,33.3,64
6/27/2025 23:00,73,77.1,60.3,167.3,193,65.7,24.4,9.4,47.6
6/28/2025 0:00,68.6,73.5,48.5,169,151.1,59.7,0.3,11.8,49.2
6/28/2025 1:00,45.9,59.4,59.9,164,154.7,50.3,4.8,4,33.5
6/28/2025 2:00,51.1,76,59.2,165,161.9,49.7,0,11.7,53.3
6/28/2025 3:00,60.8,71.1,61.4,154.6,166.7,49,15,9.4,50
6/28/2025 4:00,52.7,79.7,56.2,147.4,162.7,52.3,2.6,19.3,44.7
6/28/2025 5:00,46.8,57.5,71.1,146.1,163.9,45.2,11.9,9.5,55.1
6/28/2025 6:00,47.2,44.7,43.7,143.7,155.4,55.1,15.7,5.2,42.1
6/28/2025 7:00,60.9,53.8,49.6,144,169.9,46.5,19,2.9,26.1
6/28/2025 8:00,55.9,59.9,54.9,143.3,161.8,74.1,6.4,14.8,37.7
6/28/2025 9:00,53.4,45.3,52.2,162.5,171.2,82.4,10.2,11.8,41.6
6/28/2025 10:00,69.1,59.1,57.9,161.2,201.6,103.5,9.8,0,31.1
6/28/2025 11:00,67.9,54.7,49,170.5,192.4,108.9,8,25.4,21.1
6/28/2025 12:00,62,64.5,61,167.5,220,96.3,10,6.9,35.6
6/28/2025 13:00,63.5,50.8,66.3,175.3,208.5,90.7,18.9,13.6,41.2
6/28/2025 14:00,64.5,63,64,172.8,213.6,92.3,16.1,16.6,35
6/28/2025 15:00,75.8,62.2,67.7,174.7,196.7,96.1,26.8,12.9,49.5
6/28/2025 16:00,48.8,50.3,59.9,177.6,201.1,85.3,0,3,33.6
6/28/2025 17:00,61.2,59.2,69.9,178.4,173.7,86.3,2.3,26.2,31.1
6/28/2025 18:00,54.5,68.4,57.8,154.2,164.2,87,3.9,20.3,41.4
6/28/2025 19:00,51.5,72.7,54.8,157.7,158.4,80.2,3.5,9,30.5
6/28/2025 20:00,63.9,88.3,60.2,153,172.7,57.2,0.2,2.1,53.1
6/28/2025 21:00,58.6,79.9,54,158.1,160,72.2,8,17.3,42.6
6/28/2025 22:00,58,71.6,69.6,162.1,161.6,67.6,6.1,19.3,46.1
6/28/2025 23:00,39.4,88.4,43.6,161.7,162,62.7,9.9,3.4,45.3
6/29/2025 0:00,27.5,64.4,52,150.1,164.7,55.3,7.5,27,41.8
6/29/2025 1:00,22.6,75.3,52.2,152.9,160.5,66.1,2.5,16.4,46.4
6/29/2025 2:00,29.8,57.1,61.1,155.7,163.2,57,10.5,18.8,40.6
6/29/2025 3:00,27,76.4,58.5,146.3,135.5,57.9,9.2,8.5,44.9
6/29/2025 4:00,22.2,64.4,64.7,136.2,140.6,66.6,19.4,11.5,44.4
6/29/2025 5:00,22.5,70.6,56.4,134.3,142.3,55,12.9,16.2,40.8
6/29/2025 6:00,16.2,60.2,60.4,125.2,128.7,65.1,18.7,2.6,28.9
6/29/2025 7:00,20.6,55.6,48.4,142.2,143.4,63.9,14.3,3.7,18
6/29/2025 8:00,16.1,52.6,50,132.8,139.4,66.9,7.2,9,17.9
6/29/2025 9:00,39.2,60.7,51.2,151.7,142.9,80.2,12,16.8,29.2
6/29/2025 10:00,34.2,50,51.6,131.2,151.6,61.4,12.1,0,42.1
6/29/2025 11:00,42.1,41.9,51.6,145.9,146.1,85,11.2,16.5,34.7
6/29/2025 12:00,32.5,65.4,67.3,148.2,171.7,89.1,11.5,0.4,36.4
6/29/2025 13:00,25.6,49.1,61.1,138.5,142.6,91.8,5.2,0.6,45.4
6/29/2025 14:00,29,55.2,68.2,154.4,162.3,79.4,5.4,0.6,42.2
6/29/2025 15:00,26.8,51.3,50.1,144.7,156.8,69.3,7.3,1.6,27.3
6/29/2025 16:00,19.6,51.3,49.8,150.6,155.4,66,6.8,12.6,38
6/29/2025 17:00,21.6,58.7,53.1,149.1,169.6,77.4,6.3,15.8,38
6/29/2025 18:00,21.9,63.7,55.3,158.8,155.6,72,2.8,0,34.9
6/29/2025 19:00,31.2,64,57.7,142.8,156.2,68.7,0,3.7,38.7
6/29/2025 20:00,25.8,85,71.4,150.3,159.3,87.8,3.8,6.5,48.8
6/29/2025 21:00,39.2,79.6,67.9,147.5,164.1,74.8,9.7,12.2,57.6
6/29/2025 22:00,27.7,63.9,65.7,144.2,145.8,71.1,0,8.6,44.6
6/29/2025 23:00,14.8,79.7,60.6,145,158.2,70.7,10.7,6.3,42.5
6/30/2025 0:00,31.2,56.3,52.3,122.5,159,50.2,4.9,0,48.3
6/30/2025 1:00,20.1,102.5,78.8,130.6,140.4,35.8,2.8,2.9,57.2
6/30/2025 2:00,22.6,33.7,60.2,142.4,148.2,58,7.3,14.9,34.6
6/30/2025 3:00,4.7,72,79.8,148.4,141.6,76.4,0,18,52.1
6/30/2025 4:00,48.4,51.2,71.8,177.2,145.2,46.7,33.3,11,18.7
6/30/2025 5:00,25.4,71.2,96.3,174.3,131.2,66.7,0,12.6,35.2
6/30/2025 6:00,53.7,85.2,79.9,188.3,151.1,72.9,13.9,1.7,31.4
6/30/2025 7:00,126.6,65.9,56.9,196.5,147.1,83.6,0,1,41
6/30/2025 8:00,101,96.2,83.5,227.2,189.7,102.4,2.8,0,48.8
6/30/2025 9:00,108.4,129,121,252.3,192.6,130.5,26.7,26,77.4
6/30/2025 10:00,95.2,141.9,138.3,286.8,216.5,145.3,6.9,3.1,62.5
6/30/2025 11:00,97.5,130.8,126.7,326.6,236.2,160.4,14.1,9.2,71.8
6/30/2025 12:00,120.8,173.2,130.2,266.2,241.3,181.7,13.3,21.3,62.7
6/30/2025 13:00,115,114.2,144.7,287.9,227,149.7,16.2,25.1,50.1
6/30/2025 14:00,113,144,148,291,227.4,154.4,0,22.8,55.5
6/30/2025 15:00,90.8,103.9,123.7,285.8,203.6,150.9,19.1,0,39.2
6/30/2025 16:00,76.8,87.9,108,256.1,208,178.4,9.2,3.8,34.3
6/30/2025 17:00,66.6,90.3,88.9,234.1,194.9,133.5,8.2,0,28.4
6/30/2025 18:00,59.5,83.4,62.4,186.5,204.2,156,8.2,20.6,35.7
6/30/2025 19:00,51.9,58.3,59.1,173.1,169.2,140.3,0,13.2,54.8
6/30/2025 20:00,66.3,63.9,74.8,144.2,133.6,77.4,5.1,18.6,49.8
6/30/2025 21:00,47.5,50.8,47.3,145.5,164.2,65.4,0.7,4.2,37.6
6/30/2025 22:00,41.8,82.2,72.3,143,152.7,85.1,17.7,19.1,46.6
6/30/2025 23:00,68,65.8,59.5,142,148.6,83.8,8.7,26.5,48.9
7/1/2025 0:00,40.3,79.1,50.9,138,127.2,78.3,23.4,6.6,41.3
7/1/2025 1:00,33.9,71.3,56.1,165.6,170.2,74.3,9.8,3.3,27.5
7/1/2025 2:00,41.1,65.7,49.6,151.2,151,56.4,14.2,6.5,52
7/1/2025 3:00,9.9,61.7,85.7,168.4,151.7,53.1,22.9,4.8,39.8
7/1/2025 4:00,0.5,68.1,34.7,138.3,160.6,61.5,17.4,8.1,50.3
7/1/2025 5:00,20.2,56.9,83,149.1,136.5,72,9.9,2.2,50.7
7/1/2025 6:00,55.2,46.5,44.4,167.9,151.7,49.5,7.5,10.3,40.5
7/1/2025 7:00,91.9,108.1,63.8,191.9,137.7,65.1,7.4,0.6,53.1
7/1/2025 8:00,94.6,126.5,109.8,234.2,167.2,116.1,35.7,0,37.2
7/1/2025 9:00,90.2,125.7,116.9,283.5,207.9,124.2,19.7,21,45
7/1/2025 10:00,116.6,169.8,150,324,214.4,155.9,39.5,0,45.2
7/1/2025 11:00,103.7,163.8,159.5,335.8,212.9,148.4,17.1,13.4,74.8
7/1/2025 12:00,114,140.7,162.8,326.9,213.1,143.5,0,24.6,50.3
7/1/2025 13:00,114,107.6,126.4,309,219.5,169.8,16.9,8,61.7
7/1/2025 14:00,122.9,136.7,146.6,327.8,191.6,188,1.5,11.4,67.1
7/1/2025 15:00,142.3,128.4,123.7,295,205,165.4,9.7,0,58.2
7/1/2025 16:00,87.3,143.8,113.8,294.7,208.2,152,0,0,46.5
7/1/2025 17:00,67.6,125.9,107,246.3,211.2,162.5,30.7,13,21.8
7/1/2025 18:00,57.3,83.6,87.5,221.9,184.4,136.9,9.2,17.2,64.2
7/1/2025 19:00,58.9,109,71.8,179,165.6,123.2,9.6,0,35.2
7/1/2025 20:00,11.2,70.3,57.6,161.9,194.2,92.8,22.6,3.4,54.6
7/1/2025 21:00,37.7,79,76.8,161.5,176.4,106.7,7.3,19.1,61.8
7/1/2025 22:00,40.3,85.6,69.4,160.2,168.6,112.8,15.7,2.9,43.5
7/1/2025 23:00,17.7,52.2,82,154.5,172.3,109.7,0,4.3,25.4
7/2/2025 0:00,21.7,74.7,66.5,148.8,134.5,110.4,0,18,52.5
7/2/2025 1:00,41.9,69.9,71.3,136.3,124.3,98.8,15.3,22.4,44.6
7/2/2025 2:00,40.8,52.6,77.9,138.1,144.4,108.1,4,15.9,48.2
7/2/2025 3:00,37.9,85.2,75.1,166.7,191,86.3,0,18.8,41.2
7/2/2025 4:00,30.1,90.4,74.5,172.7,192,87.7,0,14,55.9
7/2/2025 5:00,27,93,73.1,194.4,184.6,92.1,8.5,9.4,50.8
7/2/2025 6:00,37.5,89.1,75.9,207.2,188,89.3,8.9,17.9,52.8
7/2/2025 7:00,139.8,94.5,94.2,247.5,211.2,150.5,9.3,19.9,61
7/2/2025 8:00,188.3,160.9,148.1,326.9,234.6,182.7,10.1,17.3,72.5
7/2/2025 9:00,156.2,219.5,248.5,420,294.9,205.9,1.2,14.6,81.3
7/2/2025 10:00,188.7,269.3,287.5,495.7,322.6,221.6,12.7,26.4,82.5
7/2/2025 11:00,270.3,333.8,269.1,559.1,353.7,241.8,13.3,38.8,99.3
7/2/2025 12:00,217.2,349.6,301.6,561.7,366.7,243.9,12.2,30.4,96.5
7/2/2025 13:00,241.5,335.6,307.3,553.2,363.5,227.3,6.6,25.1,91.4
7/2/2025 14:00,219,328.8,295.6,523.4,372.4,237.9,1.8,23,85.1
7/2/2025 15:00,219.4,332.6,266.1,505.5,374.9,238.9,13.3,24.5,76.6
7/2/2025 16:00,251.3,308.7,269.1,491.9,368.9,230.6,2.8,7.8,62
7/2/2025 17:00,302,283.9,227,434,357.1,234.7,2.2,15.2,53.6
7/2/2025 18:00,201,232,169.4,331.7,319.2,203.2,6.9,9.4,45.4
7/2/2025 19:00,177.4,185.3,134.9,253.4,285.5,179.9,4,9.7,57.2
7/2/2025 20:00,86,141.5,99.5,208.1,250.8,140.2,7.1,17.3,58.4
7/2/2025 21:00,35.1,122.8,89.5,205.9,230.3,88.8,7.4,14.4,48
7/2/2025 22:00,41.9,118.2,75.1,186,230,81.2,18.8,7.4,54.2
7/2/2025 23:00,31.2,99.5,69.8,193.7,214.6,96.2,21.6,6.6,53.9
7/3/2025 0:00,39.8,105.2,68.7,187.4,211.7,94.1,0,18,53.6
7/3/2025 1:00,38.5,101,75.1,174.2,193.1,76.2,8,16.8,43.3
7/3/2025 2:00,39.7,98.1,65,172.3,191.8,92.1,0,10.1,56.2
7/3/2025 3:00,46.7,50.6,60.9,170.7,176.4,82.2,9.6,13.6,43.8
7/3/2025 4:00,26.4,72.5,54.6,152.5,150.7,54.3,15.1,0,62.6
7/3/2025 5:00,43.7,76.2,79.4,156.1,164.4,70.3,18.9,7.2,41.5
7/3/2025 6:00,39.9,72.5,49.1,169.8,122.5,59.7,0,8.4,54.1
7/3/2025 7:00,94.8,62.3,62.7,155.1,147.7,78.1,16.4,12.5,46.8
7/3/2025 8:00,105.2,75.9,109.1,213.3,174.7,87.1,17.8,3.4,53.2
7/3/2025 9:00,89,48.8,131.1,248.5,176.1,108.8,28.4,23.8,37.2
7/3/2025 10:00,138.7,54.7,177.8,287.6,213.2,159.5,33.9,4.7,83.3
7/3/2025 11:00,91.5,88.7,175.2,298.4,216.4,130.3,33.4,0.4,70
7/3/2025 12:00,100.1,62.8,153.1,293.9,235.9,176.2,13.9,14.7,39.4
7/3/2025 13:00,108,66.6,155,260.3,236.5,163.1,9.1,37.4,51.9
7/3/2025 14:00,142.1,74.8,160.7,308.5,273.7,170.5,30.8,40,59.1
7/3/2025 15:00,78.9,65.4,139.1,257.8,200.2,171.4,24.3,16.1,56.9
7/3/2025 16:00,106.2,64.2,122.2,246.4,212.6,149.7,11.7,23.6,58.7
7/3/2025 17:00,86.9,48.2,118.7,216.4,210.3,114.4,2.3,1.7,27.2
7/3/2025 18:00,85.9,107.3,90.8,159,178.8,105.2,0,16,33.7
7/3/2025 19:00,50.4,48.5,61.6,165.5,180.5,88.4,11.7,0.2,38.3
7/3/2025 20:00,36,87.7,77.2,152.9,141.7,63.1,14.4,13.4,31.8
7/3/2025 21:00,26.3,65.3,76.1,153.5,161.9,50.4,26.1,31,45.3
7/3/2025 22:00,31,35.5,74.2,175.6,162.1,49.3,0,24,37.2
7/3/2025 23:00,4.2,74,55.1,151.7,160,52.7,5.4,35.9,38.4
7/4/2025 0:00,46.7,57.7,83.1,140.1,163,54,6,23.7,42
7/4/2025 1:00,30.7,55.3,66.7,145,161.8,42.6,0.8,0,58.1
7/4/2025 2:00,65.7,104.7,69.1,151.4,178.2,35.4,21.8,37,32.6
7/4/2025 3:00,14.9,88.2,77.9,166.6,149.5,25.9,1,6.6,33.1
7/4/2025 4:00,0,62.5,90.1,144.3,142,59.8,2.6,49.1,47.9
7/4/2025 5:00,16.7,81.5,60.8,196.3,153.3,55.8,21.4,26.8,50.4
7/4/2025 6:00,39.9,54.4,75.9,177.4,132.6,44.7,41.8,17.2,46.4
7/4/2025 7:00,108.7,64.3,63.4,210.5,181.1,79.8,15.2,12.4,31.6
7/4/2025 8:00,115.1,64,92.5,243.9,159.1,100.5,27.1,12.8,71.1
7/4/2025 9:00,109.4,50.4,148,265.1,189.8,113.4,6.3,0.9,85.5
7/4/2025 10:00,132.6,66.3,183.6,315.9,203,132.1,3.7,16.1,57
7/4/2025 11:00,118.5,81.5,168.8,262.5,217.3,130.7,3.7,0,37.3
7/4/2025 12:00,100.6,120.4,156.5,306.4,209.6,175.6,0,2.9,42.1
7/4/2025 13:00,129.1,84,172,317.1,217.8,99.5,9,0,56.9
7/4/2025 14:00,84.4,65.7,147.8,292,206.6,142.5,15.7,18.2,48.1
7/4/2025 15:00,119.6,82.6,127.8,302.8,219.2,104.1,18.6,0,53.8
7/4/2025 16:00,96.7,66.7,87.8,255.4,192.9,109.8,23.1,35.5,28
7/4/2025 17:00,91,49.6,60.9,222.5,181.2,118.6,19.8,11.1,37.5
7/4/2025 18:00,72.3,62.7,70.2,200,181.3,75.9,26.8,0,38.8
7/4/2025 19:00,47.9,68.5,60.4,155.1,168.5,78,0,16.4,60.8
7/4/2025 20:00,34.6,92.2,76.7,156.5,144.5,57.9,0,38.4,46.9
7/4/2025 21:00,24.8,78.4,41.2,172.8,182.6,55.6,2.7,21.4,32.8
7/4/2025 22:00,11.5,72.5,54.3,166.5,167.2,53.7,5.3,31.5,68
7/4/2025 23:00,66.6,83.5,59.7,175.2,202.9,69.8,24.6,17.7,39.8
7/5/2025 0:00,69,78.2,48.9,172.3,155.4,55.2,3.4,10.9,48.9
7/5/2025 1:00,46.2,60.8,61.5,164.2,150.4,52.7,4.3,4.6,37.7
7/5/2025 2:00,53.4,75.9,56.4,160.9,166.2,48.7,0.1,13.8,50.9
7/5/2025 3:00,58,67.8,58.9,156.3,162,46.3,14.6,12,45.3
7/5/2025 4:00,47.7,82.6,58.7,144.2,161.8,49.5,0,15.7,43.1
7/5/2025 5:00,42,54.2,74.8,142.5,166.6,48.8,11.5,6.4,52.7
7/5/2025 6:00,45.2,46.9,39.5,141.9,158.1,50.7,18.8,4,40.4
7/5/2025 7:00,62.6,53.7,49.1,141.5,174.7,46.5,21.2,3.4,28.7
7/5/2025 8:00,56.3,64.1,56.9,140.9,163.3,72,5.4,10.2,34.1
7/5/2025 9:00,53.7,45.7,48,159.9,170.4,85.6,13.4,15.1,42.1
7/5/2025 10:00,72.3,60.5,58.5,163.7,206.5,105.8,12.3,3.3,33.4
7/5/2025 11:00,65.4,50.3,44.6,175,191.2,107.1,8.8,23.4,25.3
7/5/2025 12:00,60.5,59.8,61.5,165.5,223.7,97.3,5.5,7.5,37.2
7/5/2025 13:00,61.3,54.3,66.4,177.5,212.6,92.4,17.3,13.2,45
7/5/2025 14:00,68.9,67.5,64.7,167.9,212.4,90.5,11.7,11.9,32.4
7/5/2025 15:00,78.1,63.9,64.2,176.2,198.5,94.1,31.7,7.9,45.2
7/5/2025 16:00,44.9,52.9,58.2,179.5,202.7,81.7,4.3,0.6,38.1
7/5/2025 17:00,64.3,58.3,70.1,174,174.1,87.9,0,30.8,35.1
7/5/2025 18:00,53.7,71.8,54,150.4,165.7,84.2,8.2,23.6,43.4
7/5/2025 19:00,54.2,70,51.9,155.8,156.9,78.2,0,8.7,33.2
7/5/2025 20:00,67.7,90.4,61,152.1,169.5,52.8,0,3.6,48.5
7/5/2025 21:00,53.8,75,49.9,158.1,160.4,76.7,10.7,21.2,47.4
7/5/2025 22:00,55.1,71.7,69.7,166.1,161.9,71.4,8.8,18.5,50.6
7/5/2025 23:00,35.4,87.1,46.7,163.7,164.3,66.8,14.7,3.3,46.3
7/6/2025 0:00,22.8,65.6,51.5,148.2,161.9,56.6,9,28.9,42.9
7/6/2025 1:00,23.6,77,52.3,149.1,155.5,65.4,1.7,13.8,42.2
7/6/2025 2:00,31.8,58.3,60.7,159.9,158.4,57,15.4,15,41.1
7/6/2025 3:00,22.5,76.2,54.1,144.3,133.5,62.6,8,6.3,49.4
7/6/2025 4:00,24.6,64.3,64.3,137.3,142.3,71,23.1,16.4,42.1
7/6/2025 5:00,21.5,65.7,59.5,131.5,142.7,56.7,17,11.9,36.2
7/6/2025 6:00,13.5,60.7,62.6,121.5,129,68,17.5,5.1,24.3
7/6/2025 7:00,17.8,50.7,47.4,138.7,146.6,62.1,16.1,4.5,18.1
7/6/2025 8:00,19.7,52.9,53.2,135.3,136.9,66.1,8.8,9.7,19.4
7/6/2025 9:00,34.8,58.4,53.7,152.8,141.4,76.7,12.4,20.5,28.5
7/6/2025 10:00,34.2,54.8,52.4,130.4,149.4,60.2,13.6,1.3,40.1
7/6/2025 11:00,40,37.1,47.1,146.4,150.5,87.5,9.7,16.3,38.2
7/6/2025 12:00,35.7,68.5,65.7,147.9,174,88.8,8.3,2.3,41.1
7/6/2025 13:00,27.9,50.8,56.7,138.9,138.7,95.3,5.6,0,40.6
7/6/2025 14:00,27.2,58.3,73.1,156,165.4,77.4,5.7,0.7,37.8
7/6/2025 15:00,27.8,55.4,54.4,141.9,156,71.4,9.6,2.4,30
7/6/2025 16:00,21.3,47.4,45.5,148.1,158.1,69.1,4,16.1,41.1
7/6/2025 17:00,19.8,54.7,57.4,151.6,173.4,81.5,1.3,12.4,38.3
7/6/2025 18:00,19.9,60.2,50.6,162.5,150.8,72.6,0,0,38.5
7/6/2025 19:00,27.6,60.9,56.8,138.6,153.3,73.4,0,1.9,40.5
7/6/2025 20:00,27.4,85.3,74.1,149.8,155.3,88.4,5.5,10.3,51.2
7/6/2025 21:00,36.4,82.8,70.6,149.5,159.4,71.1,10.1,8.6,58.1
7/6/2025 22:00,25.7,61.6,70.5,140,146.8,68.5,0.3,5.2,40.1
7/6/2025 23:00,10.4,78.7,62.1,145.6,160.2,67.7,13.9,4,45.2
7/7/2025 0:00,40.2,53.8,50.7,113.7,150,53.1,0,0,52.2
7/7/2025 1:00,27.7,100.6,88.7,131.6,145.2,44.2,0,11.1,55.8
7/7/2025 2:00,30.8,35,57.8,142.5,146.2,64.9,2.8,12,33.1
7/7/2025 3:00,7.2,81.8,87.2,149.9,136.3,68.2,8.7,13.8,44.9
7/7/2025 4:00,46.9,45.7,79.9,170.2,139.5,51.2,37.8,11.6,17.5
7/7/2025 5:00,25.3,74.9,93.8,170.9,138.5,60.5,0,21.3,43.1
7/7/2025 6:00,63.1,92.2,83.6,188.7,142.2,68.3,20.1,2,41.1
7/7/2025 7:00,135.4,69,60.1,188.8,147.2,87.1,0,6.3,38.4
7/7/2025 8:00,104.4,103.4,84.3,221.3,185.5,104.5,8.1,0,42.7
7/7/2025 9:00,114.1,134.2,124.1,254,198.9,138,34.4,17.9,76.1
7/7/2025 10:00,91.6,133.8,135.3,278.6,221.1,139.1,0,8.2,53.7
7/7/2025 11:00,95.8,128.4,120.3,326.8,232.6,165.6,8.2,10.1,66.4
7/7/2025 12:00,113.8,174.3,130.9,272.4,243.3,186.2,5.3,28.7,64.5
7/7/2025 13:00,112.5,105.3,145.3,287,230.5,150.9,6.9,31.6,44.6
7/7/2025 14:00,118.1,134.2,152.6,291.3,223.8,154,2,26.5,60.4
7/7/2025 15:00,90.3,97.3,118.2,284.9,199.6,158.3,23.2,0,47
7/7/2025 16:00,83.8,87.9,98.1,247.3,200.9,175.1,0.2,7.5,40.2
7/7/2025 17:00,62.6,89,79.4,233.3,198.1,142.6,13,3.8,29.8
7/7/2025 18:00,63.7,89.1,58.4,192.6,198.6,146.3,6.2,12.5,45.5
7/7/2025 19:00,58,59.6,62.6,177.6,165.2,149,0,14.8,45.1
7/7/2025 20:00,74.6,71.1,75.7,142.1,124.8,86.6,0,25.1,54.2
7/7/2025 21:00,48.7,42.7,47.9,151.8,173.2,57.7,8,0,43.9
7/7/2025 22:00,51.2,82.8,78.8,147.9,160.3,95.1,8.8,19.5,38.1
7/7/2025 23:00,69.1,56.7,54.5,143.6,156.8,83.4,8.8,24,41.4
7/8/2025 0:00,33,73.3,47.8,128.9,129.7,73.2,19.2,6.3,34.9
7/8/2025 1:00,28.8,78.7,51.6,162.5,168.7,76.4,16.1,0.1,18.4
7/8/2025 2:00,35.2,73.5,58.3,142.5,150.9,50.5,18.8,14.7,49
7/8/2025 3:00,12.8,61.2,90.2,178.3,161.1,61.4,19.3,0,42.9
7/8/2025 4:00,8.9,59,27,147,169.4,62.5,19.4,1.2,45.2
7/8/2025 5:00,27.1,48.4,89.2,140.5,139.9,77.5,13.4,0,46.5
7/8/2025 6:00,47,55,42.8,176.6,157.4,47.1,3.9,4.1,42.6
7/8/2025 7:00,96.4,116.1,69.1,182.5,134.1,65.8,3.4,8.5,52.7
7/8/2025 8:00,88.4,127.8,117.5,232.4,165.5,113.3,28.6,2.3,29.6
7/8/2025 9:00,85.6,116.4,107.2,288.9,200.9,119.4,22.9,27.6,36.5
7/8/2025 10:00,120.1,178.4,144.1,329.3,211.9,156.2,33.9,0.5,40.2
7/8/2025 11:00,105.8,160.1,151.5,345.4,218,148.3,13.1,14,75.7
7/8/2025 12:00,121.5,149.9,153.5,329.8,212.6,135.5,0,25.6,50.2
7/8/2025 13:00,107.8,109.3,128.4,307.4,226.5,179.4,25.9,13.1,66.4
7/8/2025 14:00,128.1,141.7,150.7,337.7,187.6,187.4,9.1,3.7,64.2
7/8/2025 15:00,146.8,132.7,114.7,292.6,209.2,172.2,17.9,0,66.5
7/8/2025 16:00,88.5,141.8,118.6,302.1,214.3,160.3,2.5,0,40.9
7/8/2025 17:00,67.2,117.4,105,254.4,219.5,159.9,29.2,19.4,26.1
7/8/2025 18:00,64.7,76.8,82.2,219.4,185.6,135.2,9.1,25.7,73
7/8/2025 19:00,55.6,103.8,66.1,182.7,175,124.5,19,0,40.8
7/8/2025 20:00,20.3,77,64.9,165.1,195.3,87.2,31.4,0,50.5
7/8/2025 21:00,28,76.8,67.9,162.3,169.1,99.6,10.7,16.4,64.9
7/8/2025 22:00,49,93.5,69.5,163.3,163.5,108,21.4,9.2,44
7/8/2025 23:00,26.9,48.8,77.8,151.5,166.4,118.4,0,12.1,20.8
7/9/2025 0:00,14,79.8,72.8,142.4,137.4,112,0,20,56.5
7/9/2025 1:00,51.9,62.7,75.9,137,132.7,97.2,8.3,27.7,44.7
7/9/2025 2:00,40.4,62.4,74.3,138.7,151.3,101.1,1.5,12.7,39.3
7/9/2025 3:00,32.8,89.7,77.1,171.3,182.8,82.9,5.1,23,49.2
7/9/2025 4:00,32.2,90.4,78,167.2,196.5,85.3,0,4.6,60
7/9/2025 5:00,21.1,102.5,69.5,184.5,178.4,98.8,15.5,15.7,53.2
7/9/2025 6:00,45.8,80.2,71.9,197.7,183.4,89.3,4.9,12.3,48.4
7/9/2025 7:00,140.8,93.2,87.1,243.5,214.7,153.6,13.5,27,55.1
7/9/2025 8:00,193.8,167.7,151.3,330.4,236.7,186.4,16.2,10.1,65.2
7/9/2025 9:00,153.8,216.3,242.9,420.9,302.4,201,9.5,9.1,90.8
7/9/2025 10:00,189.4,274.7,283.5,496.3,316.4,228,13.9,18.9,77.1
7/9/2025 11:00,267.5,342.9,260.3,565.6,358.9,251.1,22.7,31.4,104.1
7/9/2025 12:00,212.4,347.5,310.6,556.7,371.2,246.7,13.3,22,90.7
7/9/2025 13:00,241.8,341.1,314.9,550.1,364.7,227.1,0,28.9,88.8
7/9/2025 14:00,218.9,319.4,303.8,518.9,372,231.3,0,28.7,91.4
7/9/2025 15:00,211.4,328.1,268.6,514.2,382.3,244.8,7.4,16.1,69.4
7/9/2025 16:00,260.9,318.6,267.6,496.4,365.6,224,5.7,13.3,71.6
7/9/2025 17:00,301.4,283.7,226.9,426.3,366.2,239.1,10.6,20.3,57.6
7/9/2025 18:00,207.8,229.1,178.8,337.9,309.5,203,13.8,0.3,48.4
7/9/2025 19:00,185.7,194.1,143.7,251.8,294.2,188.2,0,1.9,56.3
7/9/2025 20:00,83.4,140.1,102.9,213.4,260,141,11.6,23.2,50.7
7/9/2025 21:00,33.4,126.4,95.2,213.6,222.6,91.6,1.2,14.7,48
7/9/2025 22:00,43.2,121.4,71.5,176.3,240,72.4,14.2,0,44.9
7/9/2025 23:00,25.6,91.2,68.1,187.8,214.2,86.9,25.1,0,49.5
7/10/2025 0:00,32.7,107.6,61.7,179.4,206.6,101,2.1,13.1,51.3
7/10/2025 1:00,33.7,107,72.6,164.9,195.2,85.1,15.5,8.1,49.8
7/10/2025 2:00,48.4,102.4,70.1,174.3,185.9,95.5,0,13.5,47.9
7/10/2025 3:00,48.3,42.2,60.4,174.8,184.7,87.5,14.8,18.7,39.4
7/10/2025 4:00,24.8,65.6,61.6,143.5,151.7,52.5,19.6,5.6,64.8
7/10/2025 5:00,36.7,80.4,75.4,160.9,169.9,77.2,20.1,15.6,41.4
7/10/2025 6:00,36.5,75.2,53.3,167.8,120.1,54.3,0,2.5,61.4
7/10/2025 7:00,92.4,67.1,68.8,149.8,148.4,82.2,23.8,20.5,44.5
7/10/2025 8:00,111.9,72.2,117.4,207.6,171.9,77.3,14.5,0,44.1
7/10/2025 9:00,89,40.9,132.3,255.8,171.3,108.9,37.5,20.8,31.3
7/10/2025 10:00,141.8,44.8,187.2,278.7,213.5,157,24.2,0,77
7/10/2025 11:00,95.2,84.9,176.3,298.5,216.3,132.7,42.1,7.3,68.6
7/10/2025 12:00,95.2,60,145.8,289.7,227.9,179.5,23.1,23.5,30.4
7/10/2025 13:00,114.4,62,149.9,266.6,246.1,165.4,1.4,46.4,48
7/10/2025 14:00,151.4,67.5,154.8,313.1,273.1,170.2,40.8,37,59.9
7/10/2025 15:00,81.7,59.1,142,254.2,207,171.2,23.9,9.3,53.9
7/10/2025 16:00,106,63.2,130.6,248.4,220.9,139.8,6.6,23.6,49.2
7/10/2025 17:00,80.3,49.3,125.6,219.9,207.7,115.4,4.4,6.3,29.4
7/10/2025 18:00,91.8,105.5,82.6,155.4,177.1,95.4,0,10.8,41.6
7/10/2025 19:00,43.8,39,66.1,161.5,181.8,89,20,1.6,46.8
7/10/2025 20:00,40.4,84.8,71,145.8,136.1,58.6,15.4,5.4,39.9
7/10/2025 21:00,26.1,57.2,71.5,156.7,154.8,59.9,31.6,32.6,51.5
7/10/2025 22:00,39.3,37.5,77.7,170,157.3,39.6,0,14.3,39
7/10/2025 23:00,5,70.5,57.2,147.7,168.7,59,6.1,30.2,43.5
7/11/2025 0:00,49.5,55.4,90.6,131.3,164.6,57.5,3.2,17.5,38.8
7/11/2025 1:00,21.9,51.1,60.5,154,160.2,48.7,0,0,64.7
7/11/2025 2:00,56.4,102.5,74.3,159,171.2,43.6,22.1,45,31.3
7/11/2025 3:00,21.8,79.9,82.4,174.8,146.1,18,0.9,7.3,31.7
7/11/2025 4:00,8.9,70.5,91.3,146.8,139.6,51.7,0,58.6,52.5
7/11/2025 5:00,20.1,89.6,60.4,194.8,160,48.8,31,18.8,55.1
7/11/2025 6:00,45.2,64,83.3,177.3,132.6,38.5,41.2,11.5,37.5
7/11/2025 7:00,106.9,65.7,60.1,219.9,184.2,80.3,22,12.5,23.8
7/11/2025 8:00,122,57.4,101.6,252.7,162.8,106.8,35.4,17,68.9
7/11/2025 9:00,104,48,138.3,268.5,184.9,108.7,3.7,0,89.9
7/11/2025 10:00,136.7,59.1,192.3,321.6,209.4,130,2,17.9,60.6
7/11/2025 11:00,108.7,77.5,178,258.9,226.6,128.2,5,0,44.5
7/11/2025 12:00,100.7,120.3,148.8,304.7,212.4,173.7,0,12.1,50.9
7/11/2025 13:00,126.6,75.3,182,310.1,217.6,100.8,1.9,0,56.2
7/11/2025 14:00,86.8,64.4,147.4,289.5,200,152.3,10.9,15.3,49.6
7/11/2025 15:00,122.9,81,122.7,307.9,225.1,98.6,27.3,0,55.2
7/11/2025 16:00,99,66.4,89.9,254.9,186.3,113.5,24.7,29.8,28.4
7/11/2025 17:00,90.7,41.1,55,229.5,185.6,125.6,18.2,5.7,30.8
7/11/2025 18:00,72.1,57.7,78.5,196,181.1,79,19.8,0,36.4
7/11/2025 19:00,38,63.4,61.4,159.3,176.8,85.2,0,26.1,65.7
7/11/2025 20:00,35.6,94.7,82.2,162.6,145.3,63.1,0,30.9,55.4
7/11/2025 21:00,15,80.3,38.8,181.1,185.4,47.5,9.4,13.6,25.4
7/11/2025 22:00,12.1,66.4,55,167.7,158.4,51.3,5.3,24.2,58.3
7/11/2025 23:00,62.1,75.6,56.9,184.6,193.6,70.9,27.7,22.9,45.8
7/12/2025 0:00,73.8,76.2,46.5,172.9,158.9,50.8,5.2,12.9,53.4
7/12/2025 1:00,41.4,65.3,61.6,160.5,154.9,47.8,1.9,5.2,33.6
7/12/2025 2:00,56.5,74.2,56.4,158.3,167.9,45.4,3.3,9.2,48.4
7/12/2025 3:00,59.7,69,54.9,153.3,164.6,46.3,19.3,10.3,45.7
7/12/2025 4:00,50.8,85.6,63.5,145.7,160.9,48.8,1.4,11.9,41.5
7/12/2025 5:00,46.1,52.5,74.5,146.7,170,51.6,11.4,4.2,51.6
7/12/2025 6:00,41.3,45.2,42.9,145.4,155.4,51.4,15.5,5,41.6
7/12/2025 7:00,58.6,56.9,53.2,137.4,176.8,50.1,24.1,1.5,27.3
7/12/2025 8:00,52.8,67.7,55.6,143.1,158.4,68,2.1,15,35.7
7/12/2025 9:00,50.6,50.4,47.1,156.8,170.5,85.9,15.6,14.5,44.9
7/12/2025 10:00,72.6,56.9,59.1,161.4,205.2,101.2,12.2,3.8,36.5
7/12/2025 11:00,68.6,48.5,41.8,176.7,192.4,104.2,13,21.3,26.4
7/12/2025 12:00,58.2,64.3,58,166.5,225.4,101,5.9,11.1,33.4
7/12/2025 13:00,60.3,51.3,64,181.2,213.8,96.3,18.7,10.1,45.7
7/12/2025 14:00,67.6,65.6,69,164.8,212.2,90.3,7.3,7.6,30.6
7/12/2025 15:00,77.2,68.5,65,178.8,198.4,89.6,27,11.3,42.8
7/12/2025 16:00,45.6,57.6,57.4,181.7,197.8,77.4,7.8,0.4,34.9
7/12/2025 17:00,69.2,56.2,66.6,174.6,174.6,92.2,4.5,32.6,34.7
7/12/2025 18:00,51,73.7,52.3,150.2,160.8,88.2,9.9,20.4,42.8
7/12/2025 19:00,56,69.9,50.7,159.5,157.2,78.8,2.6,13.7,32.9
7/12/2025 20:00,71.2,91.2,64.3,150.4,167.2,48.1,0,3.5,53.2
7/12/2025 21:00,55.3,72.4,49.9,162.7,165.2,81,14.1,17.3,47.2
7/12/2025 22:00,58.7,70.5,71.2,161.3,157.1,69.5,6.1,17.9,54
7/12/2025 23:00,38,90.3,48.5,168.1,167.4,71.4,16.8,4.9,43.5
7/13/2025 0:00,18.7,64.5,49.1,152.8,163.6,57.5,4.1,24.8,38.5
7/13/2025 1:00,22.4,73.1,55.5,145.3,158.6,67.9,1.8,10.2,46.6
7/13/2025 2:00,32.3,58.9,65.4,164.9,162.5,59.1,14.1,14,38.9
7/13/2025 3:00,18.1,77.1,55.5,144.1,129.6,61.6,9.2,7.2,50.5
7/13/2025 4:00,19.7,64.8,64.2,134.7,138.3,66.8,24.8,12.4,40.2
7/13/2025 5:00,18.2,67.5,56.2,132.5,139.2,53.3,18.2,16.2,31.8
7/13/2025 6:00,13.5,61.2,65.5,118.5,125.9,65.4,17.3,9.9,21.1
7/13/2025 7:00,17.1,55.2,44.1,142.9,146.9,65.4,16,0.1,20.8
7/13/2025 8:00,22.5,52.5,55.4,135.8,140.1,65,3.9,14.5,17.2
7/13/2025 9:00,35.5,60.5,53.6,155.6,139.1,80.7,12.9,18.9,32.2
7/13/2025 10:00,37.8,54.2,56.6,129.2,148.4,58.5,8.7,2.2,36.4
7/13/2025 11:00,36,35,47.5,146.7,149.2,90.1,10,21.2,39.5
7/13/2025 12:00,36,70.4,67.1,146.5,173.1,85.2,6,0,37.6
7/13/2025 13:00,23.3,54,52.3,136.5,139.4,100.2,10.4,3.4,41.8
7/13/2025 14:00,24.3,61.3,68.4,156.1,170.3,79.6,0.9,3,33.3
7/13/2025 15:00,31.5,54.5,57.9,141.9,153.3,71.4,12.7,0.2,26.1
7/13/2025 16:00,25.2,47.4,50,144.1,159.9,73.8,5.7,18.2,36.5
7/13/2025 17:00,19.6,56,59.1,156.4,176.9,77,4.4,13.2,40.1
7/13/2025 18:00,15.4,57.6,53.2,162.2,152.3,72,4.1,0,42.1
7/13/2025 19:00,23.3,62.5,55.9,142,156.9,76.8,0,4.8,41.3
7/13/2025 20:00,31.7,87.5,77.5,153.9,157.9,86.8,1.5,11.7,46.6
7/13/2025 21:00,40.4,85.7,67.9,148.2,155.3,73.8,6.6,7.6,60.3
7/13/2025 22:00,26.3,57.3,72.6,139.1,145.6,73,0,5,35.7
7/13/2025 23:00,5.7,83.6,57.2,146.2,160.7,66.7,14.2,5,47.3
7/14/2025 0:00,48.8,53.4,50.8,108.1,141.1,58.6,6.3,0,47.4
7/14/2025 1:00,24,98.6,86.2,124.5,135.4,34.8,0,10.8,50.9
7/14/2025 2:00,40,35.1,60.2,137.7,139.6,60.4,0.7,7.6,36.7
7/14/2025 3:00,8.9,90.2,90.5,158.6,136.3,78.1,6.2,19.2,52
7/14/2025 4:00,51.9,49.5,82.2,171.8,138.2,51,35.9,3.8,14.6
7/14/2025 5:00,29.6,75.8,93.5,169.3,144.2,57.6,1.3,16.3,47.5
7/14/2025 6:00,61.1,98,83.4,181.7,143.5,77.1,29.9,1.9,43.1
7/14/2025 7:00,126.9,66.2,50.2,185.4,154.4,85.7,0,8.9,35.4
7/14/2025 8:00,97.6,111.3,85.3,218.9,177.4,108.1,11.8,0,34.2
7/14/2025 9:00,108.9,134.9,114.3,260.7,199.5,141.2,41.4,9.9,75
7/14/2025 10:00,98.3,136.6,135.9,278.6,212,130.8,3.1,0,53.9
7/14/2025 11:00,93.6,120.1,115.8,329.9,226.8,168,15.4,1.5,61.1
7/14/2025 12:00,121.7,179.7,140.4,276.1,250.7,192.2,10.5,32.3,61
7/14/2025 13:00,109.1,108.5,135.6,282.1,238.3,155.2,0,41,42
7/14/2025 14:00,123.2,131.3,158.9,297.7,223.3,145.6,0,24.2,66.9
7/14/2025 15:00,83.1,100.2,121.7,294.2,190.5,151.4,24.3,3.6,45.3
7/14/2025 16:00,93.6,78.8,104.2,250.1,192.4,179.3,0,0.6,43
7/14/2025 17:00,67.1,98.7,87.6,233.1,206.6,145.3,3.2,6.2,37.3
7/14/2025 18:00,63.7,92.6,50.5,186,206.6,151.1,0,4.4,38.4
7/14/2025 19:00,67.5,57.6,54.5,183.5,166.5,145.3,0,6.3,41.6
7/14/2025 20:00,65.7,76.2,68.7,135.5,115.5,78.7,0,30.1,60
7/14/2025 21:00,47.4,52,41.7,156.2,181.8,47.8,13.7,5.4,40.6
7/14/2025 22:00,58,81.4,79.3,147.7,156.6,91.3,10.1,25.4,36.3
7/14/2025 23:00,65.9,46.9,60.8,151.9,166,80.6,16,18,44.4
7/15/2025 0:00,38.4,68.5,43.1,129.7,131.4,68.6,11.1,9.5,34.3
7/15/2025 1:00,37.9,78.9,49.5,165.3,173.7,69.1,16.7,0,27.9
7/15/2025 2:00,33.1,73.9,55.8,133.7,155.2,44.2,9.7,9.9,51.4
7/15/2025 3:00,18.3,62.8,88.3,169,159.1,60.4,13.5,0,36.1
7/15/2025 4:00,0,60.5,28.3,153.9,160.9,63.6,26.8,8.4,36.1
7/15/2025 5:00,22.6,47.3,99,149.4,133.1,75.7,21.2,0.9,55.1
7/15/2025 6:00,56.9,52.8,37.3,180,152.2,37.6,3.4,13.2,50.8
7/15/2025 7:00,96.2,121.5,72.8,187.8,140.8,62.9,0,0,43.2
7/15/2025 8:00,85.5,129.6,124.5,230.6,163.3,105.2,20.1,0.9,31.8
7/15/2025 9:00,94.4,116.4,110.3,295.8,208.8,121.4,31.4,35.9,42.7
7/15/2025 10:00,118.7,175.3,151.3,323.9,208.5,152.7,41.9,0,40.4
7/15/2025 11:00,109.4,150.6,156.7,349.5,223.1,146,14.4,10.3,81.3
7/15/2025 12:00,124.7,142,145.4,320,205.4,131.3,0,23.1,50.4
7/15/2025 13:00,99.5,107.6,126,307.5,236.3,177.2,34.5,12.3,68
7/15/2025 14:00,130.5,150.9,151.8,335.2,192.1,179.1,5.4,0,61.1
7/15/2025 15:00,152.8,125,105.8,295,209.2,180.2,27.1,1.1,60.8
7/15/2025 16:00,92.8,150.6,108.8,305.4,223.8,168.4,4.2,7.2,47.5
7/15/2025 17:00,58.8,110.2,98.4,256.7,210.6,169.5,34.2,15.5,16.8
7/15/2025 18:00,57.8,73,82.2,219.1,184.3,136.6,13.4,29.8,77.5
7/15/2025 19:00,59.8,102.9,64.8,182.5,181.8,117.9,17,0,38.4
7/15/2025 20:00,23,71.1,70.6,155.2,192.1,84.8,22.9,0,60.5
7/15/2025 21:00,32.8,76.5,69.2,163.3,174.5,92.4,3.9,20.7,56.5
7/15/2025 22:00,45.3,93,76.7,153.5,172.6,104,16.2,8.9,35.5
7/15/2025 23:00,19,47.6,69.7,152.1,164.3,118.3,6.7,4.3,29.5
7/16/2025 0:00,4.1,83.7,73.4,137.9,142.9,103.3,0,23.5,51
7/16/2025 1:00,48.1,59.1,66.8,146.5,123.3,95.9,16.2,30.9,44.8
7/16/2025 2:00,37.6,58.4,68.5,129,146.8,99.5,0,16.4,40.8
7/16/2025 3:00,28.2,95.9,84.5,177.6,192.7,82.6,10.2,24.4,50.2
7/16/2025 4:00,24.9,82.7,85.8,170.7,196.3,76.8,0,4.1,58.4
7/16/2025 5:00,14.8,109.5,69,190.6,175.5,93.8,25.3,22.8,57.9
7/16/2025 6:00,44.8,83.2,62.8,205.9,192.2,84.2,9.4,12.4,55.4
7/16/2025 7:00,141.9,96.7,78.6,235.6,213.3,156.1,13.5,24.8,55.7
7/16/2025 8:00,192,161,159.8,322.3,240.3,188.3,25.7,10,56.2
7/16/2025 9:00,144.3,226,250.9,413.9,305.6,194.9,0.6,18.5,90.2
7/16/2025 10:00,186.5,269.6,284.8,490.1,308.1,220.1,12.6,21.2,77.6
7/16/2025 11:00,259.4,336.4,251,566.1,361.3,247.2,29.5,28.5,102.9
7/16/2025 12:00,214.4,340.7,319.2,563,377.2,255.7,10.1,31.6,86.1
7/16/2025 13:00,238.3,342.3,311.2,545.4,369,223.7,5.4,25.3,95.5
7/16/2025 14:00,216.6,328.6,313,516.8,363.6,233.7,9.1,19.3,87.3
7/16/2025 15:00,207.2,322.7,270.3,511.7,375.4,250.9,5.3,7,64.3
7/16/2025 16:00,258.7,316.7,272.6,494.5,369.8,220.6,11.2,20,66.5
7/16/2025 17:00,293.1,277.4,231.2,427.6,368.9,235.8,1.2,17.3,63
7/16/2025 18:00,215.8,231.9,176.8,347.7,314.3,209.3,9.3,5.1,45.6
7/16/2025 19:00,193.8,192.7,135.2,246.3,290.5,195.4,9.9,0,55.4
7/16/2025 20:00,93,130.7,96.1,217.1,252.1,150.5,11.4,31,55.7
7/16/2025 21:00,34.8,128.7,90,220.6,212.7,84.3,0,11.5,40.3
7/16/2025 22:00,36.6,115.3,78.2,179.4,236.2,68.8,23,0,39.7
7/16/2025 23:00,23.2,93,65.9,195,211.4,95.8,23.7,0,54.2
7/17/2025 0:00,25.5,105.4,69.6,184.6,202,95,5.7,10.2,58.9
7/17/2025 1:00,29.7,111.1,69.2,156.8,187.9,81.4,18.7,5.1,47
7/17/2025 2:00,48.3,96.5,75.2,171.9,179.6,104.8,0,16.7,44.9
7/17/2025 3:00,39.6,47.2,53.2,175.9,183.7,96.9,17.2,13.7,39.5
7/17/2025 4:00,23.5,71.8,71.4,134.6,152.8,48.3,25.6,8.6,73.1
7/17/2025 5:00,35.1,71.7,79.9,151.1,168.1,81.1,24.4,17.5,44.5
7/17/2025 6:00,36.2,67.2,53.3,161.2,110.6,54.1,0,10.7,63.5
7/17/2025 7:00,83.9,74.5,78.3,149.8,145.5,83.7,16.9,11.8,43.5
7/17/2025 8:00,106.9,65.9,108.5,206.3,163.8,72.1,18.7,0,42.5
7/17/2025 9:00,83.9,37.4,131,261.5,173.3,106.4,40.2,17.6,32.7
7/17/2025 10:00,144.3,44,194,280,210,163.3,29,0,83.5
7/17/2025 11:00,97.1,80.1,173.1,305.7,214,130.6,38.4,3.8,61.1
7/17/2025 12:00,89.1,67.3,151.2,281.6,223.7,171.8,15.2,22.7,31.2
7/17/2025 13:00,106.5,62.6,159,267.2,243.9,166.7,0,53.7,53.5
7/17/2025 14:00,147.5,70.3,152.7,304,264.8,172,37,38.4,58.1
7/17/2025 15:00,90.7,61,147.5,248.4,215,172.1,21.1,17.3,55.6
7/17/2025 16:00,102.6,65.4,121.2,255.8,229,143.4,2,18.9,42
7/17/2025 17:00,82.7,51,121.1,227.7,217.3,116.4,0,10.2,24.6
7/17/2025 18:00,97.9,102.5,92.5,154.9,178.5,104.5,0,12.6,37.3
7/17/2025 19:00,40.4,45.9,65.9,152.4,175.2,88.2,19,11.3,43.1
7/17/2025 20:00,37.1,87.1,68.1,137.3,133.7,62.8,16.5,3,31.5
7/17/2025 21:00,32.4,63.5,80.3,165.2,147.6,58.7,29.8,30.4,49.9
7/17/2025 22:00,46.5,41.6,76.3,178,153.3,35.4,0,15.8,48.7
7/17/2025 23:00,14.5,66.4,60.8,149,168.6,62.9,3.2,36.4,45
7/18/2025 0:00,42.2,57.7,93.8,122,155.9,63.9,0,9.5,41.5
7/18/2025 1:00,18.3,42.8,52.2,162.6,158.9,54.6,2,3.5,70.2
7/18/2025 2:00,65.3,95.2,76.7,155.3,169.6,41.8,18.6,41.7,39.3
7/18/2025 3:00,15.8,72.3,88.4,184,145.8,18,0,7.4,39.2
7/18/2025 4:00,5.2,66.6,95.6,148.5,131.1,54.4,0,63.9,42.8
7/18/2025 5:00,29.4,83.3,52,199.8,155,43.6,28.8,15.6,47.5
7/18/2025 6:00,54.6,67.9,76.4,181.6,127.5,41.7,32.9,13.8,32.8
7/18/2025 7:00,102.7,65.9,64.3,217.9,186.7,84.6,30,9.8,24.9
7/18/2025 8:00,125.9,55.8,104.3,244.2,164.7,112.6,43.5,15.7,77.5
7/18/2025 9:00,103.8,40.8,143.1,261.7,178.8,100.2,13.3,0,94.8
7/18/2025 10:00,138.2,56.8,188.6,316.4,201.5,139.8,3.4,24.8,53.1
7/18/2025 11:00,103.5,71.2,170.1,265.6,222.7,127.8,0,5.7,35.2
7/18/2025 12:00,98.2,123,138.9,302.5,221.4,171.7,0,18.9,49.5
7/18/2025 13:00,132.9,79.2,178.2,318,214.2,100.9,0,0.7,60
7/18/2025 14:00,84.7,67.3,144.6,286.1,202.4,160.7,6.9,11,59.4
7/18/2025 15:00,115.2,91,118.1,313,231.2,102.4,27.2,0,47.8
7/18/2025 16:00,100.3,67.5,82.6,247.7,182.9,114.4,16,39.7,35.7
7/18/2025 17:00,92.5,40.9,48.7,239.3,182.3,131.4,16.9,3.7,39.2
7/18/2025 18:00,73,50.5,77.5,200.5,187.4,76.2,18.2,0,44.5
7/18/2025 19:00,41.6,59.7,62.5,159.3,184,93.1,0,31,62.8
7/18/2025 20:00,36.6,93.7,80.4,172.1,154.8,63.8,0,22.7,53.4
7/18/2025 21:00,24.1,71.4,29.3,172.2,178.1,50.3,4.4,20.5,26.5
7/18/2025 22:00,11.3,63.6,52.1,166.4,154.8,43,0.2,16.1,62.5
7/18/2025 23:00,66.3,65.8,48.8,191.4,202.5,76.3,30.2,19.6,38.2
7/19/2025 0:00,73.2,72.6,47.5,171.3,155.9,52.4,6.1,8.6,57.4
7/19/2025 1:00,39.3,68.5,59.8,163.2,153,46.4,0,8.2,37.6
7/19/2025 2:00,58.4,78.8,55.3,162.8,172.5,46.9,0,9,49.3
7/19/2025 3:00,62.9,69.1,52.8,152.3,169.3,41.7,17.3,7.4,46.9
7/19/2025 4:00,53.8,85.5,62.4,148.4,158.8,53.6,5.9,14.9,46.4
7/19/2025 5:00,45.2,54.3,70.3,142,171.9,53.4,9.7,5.7,47.1
7/19/2025 6:00,41.3,44.4,46.9,143.1,155.3,50.4,16.7,3,44
7/19/2025 7:00,59.9,60.3,57.3,142.3,177.6,52.6,27.1,4.5,25.8
7/19/2025 8:00,50.2,67.6,60.4,143,155.8,72.7,0.4,14.3,35.2
7/19/2025 9:00,52.2,46.2,47.8,155.4,169.3,85.2,13.9,14.9,44
7/19/2025 10:00,74.8,52.2,55.8,165.8,208.4,96.3,15.4,0.8,36
7/19/2025 11:00,71.5,51.1,40.6,176,191.3,101.8,16.6,20.3,29.7
7/19/2025 12:00,53.9,62.2,54.4,168.3,221.5,101.1,10.6,12.3,31.3
7/19/2025 13:00,65.2,49,62,182.8,214.4,96.5,15.1,9.6,45.5
7/19/2025 14:00,67.4,66,68.9,160.7,213.1,91.1,5.5,10.2,26.9
7/19/2025 15:00,76.2,65.2,60.6,180,198.9,90.4,31.5,8.1,39.6
7/19/2025 16:00,45.7,57.2,56.7,184.7,199.6,76.9,4.8,0,37.6
7/19/2025 17:00,73.4,58.6,65.8,176.7,175.1,91.1,2.6,34.6,38.9
7/19/2025 18:00,52.9,76.4,52.1,146,165.3,90.9,14.5,24,47.2
7/19/2025 19:00,56.4,70.4,46.5,156,156.8,79.7,7.3,14.5,28.7
7/19/2025 20:00,74.1,87.3,61.8,152.5,169.3,48.1,0,0.6,57.2
7/19/2025 21:00,53.9,68.5,47.4,164,164.6,79.4,16,21.9,48.1
7/19/2025 22:00,62.7,73.3,72.5,163.7,155,64.7,6,20.3,52.7
7/19/2025 23:00,38.4,93.5,49.4,166.3,169.3,67.4,17.6,4.6,45
7/20/2025 0:00,20.1,63.2,46.1,148.9,166.8,56.7,1.5,29.2,37.3
7/20/2025 1:00,18.2,76.3,51.6,140.4,161.6,72.5,0.6,10.5,46
7/20/2025 2:00,35,54.3,63.4,163,161.6,55.3,17.3,15.1,39
7/20/2025 3:00,19.7,79.3,60,142.7,129.6,66,8.1,9.9,51.4
7/20/2025 4:00,18.3,65.3,62.5,132.4,139.6,63.2,20.9,11.7,44.6
7/20/2025 5:00,19.7,72.4,57.4,128.8,136.6,51.4,18.8,16.9,27.8
7/20/2025 6:00,8.9,57.2,68.5,115.4,127.5,65,18.2,11.2,19.1
7/20/2025 7:00,21.9,58.5,42.4,142.4,149.1,62.5,16.5,0.3,19.2
7/20/2025 8:00,24.3,55,53.7,136.3,143,64.8,5.7,13.1,17.8
7/20/2025 9:00,34.5,58.5,56.8,154.7,134.8,80.5,13.4,15.4,36.2
7/20/2025 10:00,40.3,59.2,60.2,124.5,153.3,57.9,13.2,0,37.2
7/20/2025 11:00,40.7,34.5,52.2,145.2,149,92.1,9.6,23.1,42.9
7/20/2025 12:00,35.3,68.9,63.5,142.4,172.1,83.4,8.1,0,36.9
7/20/2025 13:00,18.4,57.2,50.5,137.5,139.5,98.2,9.8,2.8,40
7/20/2025 14:00,21.9,60.7,72.9,154.3,174.5,82.7,0,1.2,31.5
7/20/2025 15:00,31.6,59.4,54.9,140.8,155.2,67.6,14.6,3.5,22.9
7/20/2025 16:00,25.4,50.2,48.1,142,160.3,77.3,8.9,13.8,32.9
7/20/2025 17:00,20.4,53.4,63.7,155.3,179.8,78.5,7.4,10.2,43.2
7/20/2025 18:00,16.2,60.7,57.9,158,150.9,73.8,3.2,0,44.4
7/20/2025 19:00,22.8,63.4,53.8,146,160.9,73.4,0,8,46.2
7/20/2025 20:00,30.6,86,79.4,158,158.3,91.6,2.8,13.2,43.7
7/20/2025 21:00,43.1,87.8,67.8,153,156.7,71.2,4,5.2,60.5
7/20/2025 22:00,27.2,58.6,73.4,139.8,141.4,69.7,1.6,6,36.5
7/20/2025 23:00,5.7,80.3,54.6,142.9,163.4,63.3,16.4,4.1,48.5
7/21/2025 0:00,45.7,46.2,48.3,105.7,144.3,59.8,12.1,0,39.4
7/21/2025 1:00,14.5,92.7,92.5,117.3,132.5,44,0,4.6,46.6
7/21/2025 2:00,32.1,29.2,58.1,133.7,142.5,55,10.5,2.5,29.1
7/21/2025 3:00,7.2,81.4,82.8,158.5,127.2,76.2,5.8,25.7,47.5
7/21/2025 4:00,61.1,46.5,83.5,163.1,147.9,44.7,33.9,3.1,13.4
7/21/2025 5:00,21.9,71.4,95.3,168,147.7,60.4,1.4,17.5,55.2
7/21/2025 6:00,69.9,98.8,84.3,180.1,141.5,75.7,38.3,0.6,38.9
7/21/2025 7:00,119.7,62.7,53.8,185.1,159.5,76.3,3.8,11.8,43.8
7/21/2025 8:00,93.8,115.4,86.3,210.4,186.7,110.4,12.7,0,44
7/21/2025 9:00,108,130.7,123.4,255.7,198.1,135.1,47.2,3.1,80.1
7/21/2025 10:00,92.4,131.9,135.1,273.5,202.2,132.6,0.3,0,62.4
7/21/2025 11:00,93.3,127.3,120,332.4,222,165.8,23.3,0,64.4
7/21/2025 12:00,121.2,189.4,139.2,278,250.9,196.3,11.2,38.4,53.8
7/21/2025 13:00,107.9,112.1,131.4,276,238.7,149.3,2.8,44.2,36.1
7/21/2025 14:00,127.1,123.2,162.8,289.8,224.9,150.6,0,17.7,73.7
7/21/2025 15:00,79.5,109.5,128.1,290.3,192,157.6,29.7,10.7,50.4
7/21/2025 16:00,89.6,84.5,110.1,259.1,191.3,170.6,3.2,9.9,33.5
7/21/2025 17:00,73.3,107.1,85.8,229.7,204.4,137.3,0.3,5.9,45.4
7/21/2025 18:00,56,102.4,50.5,188.4,212,158.5,2.9,0,47.6
7/21/2025 19:00,74.5,64.9,57.2,189.6,168.3,139,0,13.5,42.4
7/21/2025 20:00,68.7,68.7,63.5,132.1,115.5,75.2,9.7,21.8,66
7/21/2025 21:00,50.9,59.3,44.9,152.9,178.7,47,17.2,7.4,30.7
7/21/2025 22:00,51.3,76.4,83.6,154,147.1,86.5,8.1,32.7,43
7/21/2025 23:00,75.6,51.1,66.6,159.1,158.1,87.9,21.1,26,34.9
7/22/2025 0:00,33.3,75.1,34.6,139.2,129.7,69.2,20.4,7.6,28.4
7/22/2025 1:00,31.4,84.1,59.3,158,182.9,71.9,15.3,0,36.7
7/22/2025 2:00,26.3,77.4,55.4,130.1,147.5,46.1,0,13,52.8
7/22/2025 3:00,19.5,62.6,86.3,177.9,167.9,62.6,8.7,0,40.7
7/22/2025 4:00,9.2,62,28.4,147.9,153.7,65.3,27,17.3,36.5
7/22/2025 5:00,17.2,42.7,107.4,145.7,129.3,72.7,21.6,5.4,61.7
7/22/2025 6:00,55,51.1,41.1,189.3,151.3,44.5,5,6,46.7
7/22/2025 7:00,89.9,120.5,73.7,197.2,134.9,65.2,1.5,0,35.4
7/22/2025 8:00,88.3,132.3,130.3,226.4,163,111.5,19,5.6,35.9
7/22/2025 9:00,93,124,107.5,299.7,208.3,125.5,29.2,44.6,49.6
7/22/2025 10:00,109.3,167.2,159.2,323.7,207.3,148.6,47.3,0.4,39.3
7/22/2025 11:00,111.7,150.9,157.4,351,227,148.3,16.2,16.9,79.9
7/22/2025 12:00,118.6,137.6,148.2,314.8,201.8,123,0,32.1,45.7
7/22/2025 13:00,101.3,116.3,117.7,305,232.3,169.9,31.4,20.9,75.3
7/22/2025 14:00,128.3,148.3,157.2,341.5,198.3,171.5,0,0,71
7/22/2025 15:00,156.9,134,109,292.9,201.5,176.3,19.2,8.8,65.4
7/22/2025 16:00,86.9,147.1,105.9,297.7,230.8,162.1,2.5,2,39.8
7/22/2025 17:00,63.8,100.2,101.3,258,213.6,173.4,43.4,7.9,13.9
7/22/2025 18:00,64,78.5,73.1,220.9,187.8,136.8,5.7,35.9,69.1
7/22/2025 19:00,51.1,107.6,74.5,183.4,175.1,116.3,25.8,0,44.3
7/22/2025 20:00,15,75.7,74.1,158.8,201.8,77.6,15.7,1.7,65
7/22/2025 21:00,40.2,75.7,67.2,164.3,169.4,90.1,0.1,18.5,53
7/22/2025 22:00,39,96.3,81.8,162.6,166.1,97.7,15.3,13.9,35.6
7/22/2025 23:00,15.5,44.8,79,151.3,157.5,121,0.8,0,25
7/23/2025 0:00,3.3,75,72,142.1,144.1,107.2,0,22,53.6
7/23/2025 1:00,43.3,59.8,57,145.3,132.5,98.8,15.7,23.8,45.1
7/23/2025 2:00,44.9,52.8,63.7,124.8,141.4,109.5,0,9.9,46.3
7/23/2025 3:00,28.8,94.5,84.7,181.5,190.8,83.7,14.1,33.8,54.3
7/23/2025 4:00,27.7,76.9,86.2,177.1,190,76.6,0,2.9,54.7
7/23/2025 5:00,16.7,104.9,70.6,196.5,178.3,86.6,21.3,17.9,66.4
7/23/2025 6:00,47,89.8,64.3,204.1,190.8,80.5,15.6,14.2,54.1
7/23/2025 7:00,143.6,93.5,77.5,235.6,203.9,155.1,5.8,24.6,64.3
7/23/2025 8:00,189,162.6,157.6,325,242.6,179.4,32.7,7.5,62.1
7/23/2025 9:00,151.2,227.3,256.3,408.7,299.5,192.1,3.6,27.5,86.6
7/23/2025 10:00,188.8,269.3,286.6,493.3,309.9,210.3,16.1,17.5,84.4
7/23/2025 11:00,265.7,333.3,251,570.4,359.1,239.9,22.8,27,106.1
7/23/2025 12:00,218.5,344.4,316.1,568.8,381.3,262,19.8,35.3,93.7
7/23/2025 13:00,234.2,333.3,301.7,536.9,363.1,233,0.3,34.6,86.2
7/23/2025 14:00,218.9,320.6,305.1,526.6,368.6,233.8,2.6,26.9,90
7/23/2025 15:00,198.9,328.4,268.6,511.3,381.6,250.8,0,15.7,54.5
7/23/2025 16:00,251.4,315.9,281.8,492.5,361.1,224.3,12.4,17.3,59.2
7/23/2025 17:00,285.5,269.9,223.5,427.7,360.9,234.1,10.4,21.6,60.5
7/23/2025 18:00,211.9,239.1,185.6,356.1,321.7,216.1,3.9,11.5,54.5
7/23/2025 19:00,187.5,191.5,128,250.1,284.2,195.2,8,0,58.9
7/23/2025 20:00,96.9,120.7,92.3,218,248.6,142.2,5.1,40.3,51
7/23/2025 21:00,35,137.9,89.1,226.4,211.9,74.9,2.8,13.6,33.3
7/23/2025 22:00,35,109.3,72.3,176.6,231.4,74,21.6,6.8,46
7/23/2025 23:00,16,96.8,65.6,202.9,218.7,91.6,14.3,3.2,58.9
7/24/2025 0:00,23.2,98,69.1,185.3,202.6,90.5,8,19,54.6
7/24/2025 1:00,23.4,114.1,68,159.6,190.7,82.2,12.6,8.9,41
7/24/2025 2:00,51,89.7,79.1,163.6,181.5,98.2,1.8,22.5,52.4
7/24/2025 3:00,43.5,55.9,49.6,181.3,185.9,96,15,8.5,48.5
7/24/2025 4:00,26.4,67.3,67.4,137.8,154.5,53.2,29.7,9.7,80.2
7/24/2025 5:00,45.1,74.8,86.1,148.2,165.1,86.4,18.5,13.7,49.5
7/24/2025 6:00,37.3,62.2,45.6,164.1,117.5,55.1,5,19.9,53.6
7/24/2025 7:00,83.7,71.9,85.3,140.7,147.8,76,23.1,9.1,34.8
7/24/2025 8:00,99.7,74,111.5,216,170.1,64.4,10,6.2,43.7
7/24/2025 9:00,80.2,30.7,134.5,265,177.4,111.9,32.2,10,26.9
7/24/2025 10:00,143.3,41.9,187.3,278,205.9,169.8,36.4,7.3,77.1
7/24/2025 11:00,88.2,76.2,182.8,310.8,216.3,127.9,32.1,11,59.5
7/24/2025 12:00,86.3,71.3,146.1,290.9,215.4,178.3,11.7,20.5,26.5
7/24/2025 13:00,96.7,57.3,152.5,265.8,236.6,157.5,0,61.9,51.1
7/24/2025 14:00,140.2,73.4,145.9,294.2,257.2,176.4,32.2,36.3,59.8
7/24/2025 15:00,97,65.1,148.7,243.6,211.1,173,28.4,26.9,58.4
7/24/2025 16:00,111.9,55.4,130.4,256,222.7,153.2,2.6,14,41.7
7/24/2025 17:00,82.8,50.5,115.7,228.1,221.2,108.4,2.8,2,27.7
7/24/2025 18:00,97.8,95.2,90.6,156.5,178.7,111.1,1.9,19.1,30.9
7/24/2025 19:00,44.1,40.4,59.6,153.9,173.6,93.2,21.2,6,39.1
7/24/2025 20:00,35.4,90.7,70.9,136.2,126.5,58.8,18.2,0,26.1
7/24/2025 21:00,39.2,53.7,78.9,163,145.3,68.7,26.8,38.2,45.7
7/24/2025 22:00,46.3,45.5,66.9,183.4,147,34.4,6.9,24.1,48.4
7/24/2025 23:00,6.2,72.7,63.1,150.8,171.3,59.9,5.5,39,50.9
7/25/2025 0:00,32.8,67.5,87.7,122,159.8,70.2,6.3,17.1,39.3
7/25/2025 1:00,23.5,41.2,54,159.5,161.8,53.4,6.1,8.8,67.3
7/25/2025 2:00,61.1,87.8,74.5,145.8,179.6,51.7,14.5,39.8,38.9
7/25/2025 3:00,11.3,63.7,92.5,176.1,146.9,23.5,2.3,0,31.1
7/25/2025 4:00,6,64.3,89.7,146.8,130.9,49.1,0,71.2,35
7/25/2025 5:00,22.8,87.9,57,209,147.8,49.8,21.5,22.1,55.1
7/25/2025 6:00,53.7,59.9,82.6,173.9,123.8,43.5,25.3,22.6,37.9
7/25/2025 7:00,107.6,62.2,55.6,226.7,185.7,81.6,26.1,9.2,20.6
7/25/2025 8:00,131.2,63.4,96.3,237,155.8,116.8,37.2,14,86.9
7/25/2025 9:00,104.8,33.5,150.5,257.9,176,102.9,17.2,6.8,91.3
7/25/2025 10:00,130.5,62.3,182.3,315.5,191.7,133.1,3.6,29.1,56.3
7/25/2025 11:00,95.8,76.3,166.6,259.7,215.4,120.6,0,13.2,27.5
7/25/2025 12:00,103.7,115.7,138.1,302.2,227.7,165.8,0,25.3,48.8
7/25/2025 13:00,139.4,89.1,173.4,317.5,223.5,95,0,7.2,56.4
7/25/2025 14:00,82,60.2,151.9,284.9,202.5,151.9,0.6,15,51.7
7/25/2025 15:00,121.7,91.6,118.7,316.9,231.1,99.4,29.9,0.1,51.7
7/25/2025 16:00,91.1,57.7,85.4,244.1,186.6,110,19.9,36.7,39.8
7/25/2025 17:00,96.9,43.9,50.6,235.3,180.6,132.2,19.8,5.7,44.7
7/25/2025 18:00,73.9,49.3,79.7,206.7,194.2,72.7,28.2,6.3,44.2
7/25/2025 19:00,51.4,64.1,64.2,151.6,183.8,97.2,1.1,35.8,68.9
7/25/2025 20:00,28.6,96.3,77.4,179.1,146.5,59.6,0,21.8,53.2
7/25/2025 21:00,30.7,64.4,36.2,175.2,168.7,45.6,0,11,24.7
7/25/2025 22:00,16.3,61.8,54.4,169.9,160,50.2,0,7.1,57.2
7/25/2025 23:00,62.3,69.5,55.1,184.7,198.3,86,29.2,22.4,34
7/26/2025 0:00,78.2,76.2,49.6,176.1,153.6,54.2,1.6,9.9,57.5
7/26/2025 1:00,38.8,64.4,57.8,160.6,153.4,42.4,0,11.1,41.5
7/26/2025 2:00,56.9,74.8,56.4,159.5,169.2,51.5,0,5.4,52.1
7/26/2025 3:00,66.1,71.6,48.6,148.9,168.9,44.6,13.7,6.4,42.5
7/26/2025 4:00,53.2,86.4,58.7,149,161.2,57.8,9.1,16.2,49.1
7/26/2025 5:00,50.1,53.1,66.5,146.6,174.6,58.3,14.3,3.8,44.7
7/26/2025 6:00,44.1,49,45,140.4,155.8,54.1,16.8,0,42.2
7/26/2025 7:00,57.3,58.4,54.1,141.4,173.7,48.9,27,1.1,24.7
7/26/2025 8:00,53.3,64,62.3,139.8,151.9,76.4,2.2,14.5,34.6
7/26/2025 9:00,53.1,44,47.9,156.8,172.1,82.7,13.1,19.6,43
7/26/2025 10:00,73.3,48,55,165.1,211.6,98.4,18.8,4.1,40.1
7/26/2025 11:00,73.6,51.6,37,171.3,190,105.1,16.5,22.9,27.4
7/26/2025 12:00,55.2,63.2,53.2,169.4,224.7,103.7,6.4,15.8,33.6
7/26/2025 13:00,61.9,50.1,58.9,179.8,209.8,98.3,10.4,11.5,43.9
7/26/2025 14:00,63.8,68.8,70.3,161.6,215.3,91,8.1,13.1,30.1
7/26/2025 15:00,73.3,67.1,62.5,178.9,199.4,91.2,29.4,6.3,37.7
7/26/2025 16:00,42.8,60.7,58.2,186.7,204.5,74.6,2.5,0,36.7
7/26/2025 17:00,69,60.2,70.8,173.8,171.1,90.2,3,37,39.6
7/26/2025 18:00,51.4,74.4,52.6,148.5,168.6,90.4,11.2,21.6,43.9
7/26/2025 19:00,54.2,70.6,46.4,159.1,159.3,81,6.9,16.4,25.8
7/26/2025 20:00,74.5,87.4,58.2,148.1,167.3,51.9,2.4,3.9,58.5
7/26/2025 21:00,52.1,71,45.5,160,169.6,75.3,18.7,24.9,52.6
7/26/2025 22:00,64.7,71.3,72,167.4,154.5,64.9,6.5,17.3,53.8
7/26/2025 23:00,36.3,89,44.9,163.2,167.8,65.2,13.7,3.7,43.3
7/27/2025 0:00,17.8,67.2,44.7,147.2,170,61.1,0,26,38.3
7/27/2025 1:00,21.8,80.8,46.7,140,161,71.2,3.4,14.3,41.2
7/27/2025 2:00,39.9,54.2,59.8,160.6,166.5,59.8,20.5,19.5,41.2
7/27/2025 3:00,21.5,75.4,63.2,146.3,132.4,64.3,6.8,13.7,54.4
7/27/2025 4:00,14.3,65.3,67.1,132.7,137,58.2,24.1,8.9,40.5
7/27/2025 5:00,24.3,73.3,57.5,130.2,139.7,54.1,14.2,21.4,29.8
7/27/2025 6:00,11.8,57.5,68.4,116.4,128.4,67.3,20.4,15.4,23.2
7/27/2025 7:00,26.1,63.3,44.2,143.5,147.6,64.8,17,1.8,21.9
7/27/2025 8:00,29.2,59.9,52.9,137.2,145.1,64.4,10.6,14.4,18.3
7/27/2025 9:00,38.2,62.8,60.2,153.2,136.1,82.1,9.4,19.5,37.7
7/27/2025 10:00,36.6,55.5,60.1,128,150,56.5,16.5,4.7,37.4
7/27/2025 11:00,44.4,38.1,48,146.4,145.4,87.7,12.1,20.1,41.5
7/27/2025 12:00,32.8,69.6,58.8,145.5,169.2,83.7,6.1,2,33.9
7/27/2025 13:00,20.5,55.9,53.1,139.6,136.6,95.4,14.8,0,36.6
7/27/2025 14:00,25.2,62.5,70.8,152.3,170.1,82,0,0.2,31.9
7/27/2025 15:00,34.2,62,52.6,141.9,153.7,64.7,13.1,2.8,26.5
7/27/2025 16:00,27.2,54.7,48.5,137.8,158.1,75,12.1,11.4,30.2
7/27/2025 17:00,20.3,56.1,60.4,151.6,180.2,81.8,6.8,6.1,46.2
7/27/2025 18:00,17,55.9,57.5,154.2,149.1,72.2,8.1,0,48.5
7/27/2025 19:00,20.5,59.1,56.2,144.1,162.9,74.2,2.8,12.5,44.5
7/27/2025 20:00,29.7,83.6,82.1,154.8,156.2,92.3,0.2,9.4,40.9
7/27/2025 21:00,42.6,83.2,68.3,154.9,154.4,71.1,7.1,7.4,62.8
7/27/2025 22:00,28.5,54.2,69.5,139.9,145,68.1,2.5,5.4,40.9
7/27/2025 23:00,9.5,83.2,50.7,142.1,168.3,65.1,14.9,8.3,43.9
7/28/2025 0:00,37.6,46.3,53.8,98.5,147.9,50.8,16.3,0,29.8
7/28/2025 1:00,14.8,95.3,99,115,124.4,36,2.7,8.1,55.4
7/28/2025 2:00,27.7,29.2,55.4,127.4,151.8,60.7,3.8,0,21.2
7/28/2025 3:00,15.9,79.7,89.3,161.2,132.9,75.4,0,30,45.5
7/28/2025 4:00,58.5,50.5,74.3,167,156.3,37.2,28,0,13.1
7/28/2025 5:00,30.9,63,99.7,170.9,157.5,67.6,0,24.7,48.3
7/28/2025 6:00,66.4,99.5,85.2,190.1,148.8,74.5,29.5,6.2,34.9
7/28/2025 7:00,109.7,65,63.6,186.2,152,66.3,0.8,7.6,38.4
7/28/2025 8:00,99.3,110.9,78.3,210.2,194,119.6,8.3,0,49.4
7/28/2025 9:00,112.7,126.9,130,248.5,193.1,129.1,48,0,75
7/28/2025 10:00,97,132.1,140.1,269.8,206.4,136.4,0,7.1,57.8
7/28/2025 11:00,92.5,121.4,116,331.4,228.6,158.4,27.4,2,56.9
7/28/2025 12:00,124.5,195.6,149.2,269.1,256.1,199.3,7,48.3,59.5
7/28/2025 13:00,105.1,112.8,130.4,273.2,242.2,142.5,0,39.9,39.2
7/28/2025 14:00,118.4,121,159.8,280,224.7,159.3,7.2,21.2,66.3
7/28/2025 15:00,80.2,112.2,134.4,283,193.5,153.1,39.4,9.1,55.2
7/28/2025 16:00,84,91.2,108.9,265.4,186.7,173.7,6.8,8.1,28.9
7/28/2025 17:00,71.9,110.7,95.7,239,202.7,132.3,0,0,37.1
7/28/2025 18:00,50.2,93.7,56,188.5,211,155.9,12.2,0,39.1
7/28/2025 19:00,69.9,68.9,51.9,189.5,171,147.1,5.7,8.7,46.8
7/28/2025 20:00,75.3,73.3,69.7,135.8,123.1,68.5,18.1,24.2,71.2
7/28/2025 21:00,47.7,66.2,46.7,151.2,170.6,44.9,27,15.5,29
7/28/2025 22:00,52.9,67.6,80.6,160.8,147.4,82.6,15.4,30.1,33.3
7/28/2025 23:00,76.9,42.8,70.8,158.9,153.7,91.9,13.6,29.7,41.5
7/29/2025 0:00,33,73.8,37.3,130.9,138.4,63.9,27.7,6.8,30.5
7/29/2025 1:00,28.3,83.2,52.6,148.6,180.3,75,10.3,0,29.7
7/29/2025 2:00,30,79.6,48.2,135.3,156.5,50.2,4.2,5.7,57.5
7/29/2025 3:00,10.5,58.8,80.4,173.7,164.4,52.6,15.3,0,46.6
7/29/2025 4:00,1.2,66.8,22.5,143.4,143.7,64.8,32.2,21.2,30.4
7/29/2025 5:00,22.9,47.5,98.6,146.5,134.8,65.4,25.1,9.1,63.8
7/29/2025 6:00,54.2,43.5,38.1,182.7,156,39,4.8,10.3,42.9
7/29/2025 7:00,82.4,124.7,69.3,196.3,139.5,68.8,3,4.2,31.9
7/29/2025 8:00,95.5,136.3,131.1,231.3,162.2,101.7,14.4,10.3,36.1
7/29/2025 9:00,91.8,117.3,104,305,211.6,129.4,27.5,39.7,40.1
7/29/2025 10:00,99.3,176.3,163.3,324.7,204.5,154.9,46.3,0,34.8
7/29/2025 11:00,120.9,151.4,153.2,343.3,218.3,158.1,18.9,8.1,74
7/29/2025 12:00,112.6,143.3,143.5,307.1,202.5,121.4,7.6,28.8,41
7/29/2025 13:00,105.1,120.7,124.9,310.5,226.7,162.5,23.3,15.6,78.4
7/29/2025 14:00,120.9,141.6,166.9,348,196.9,162.9,0.3,8.2,70.4
7/29/2025 15:00,159.9,126.5,112.6,290.2,195.7,174,14.8,18.7,61.2
7/29/2025 16:00,80.1,152.7,97.8,304.2,226.2,166.7,11.2,10.8,31.7
7/29/2025 17:00,72.5,95.6,110.6,248.8,220.2,165.4,40.8,17.2,23.2
7/29/2025 18:00,59.5,86.2,78.8,225.3,184.6,133.1,14.7,37.9,70.3
7/29/2025 19:00,54.2,113,82.9,184.3,176.7,123.9,22.3,5,44
7/29/2025 20:00,10,66.3,83.9,168.6,203.1,70.3,5.7,0,73.2
7/29/2025 21:00,37.6,81.8,74.5,156.3,169.1,95.6,5.6,13.6,53.7
7/29/2025 22:00,47.1,91.7,74.3,169.2,163,102.8,20,16.3,30.5
7/29/2025 23:00,8.8,36.1,86.3,156.3,161.2,113.7,5.4,0,15.3
7/30/2025 0:00,1.2,79.2,67,138.1,135.1,117.1,0,19.9,53.5
7/30/2025 1:00,39.4,61.3,61.2,155.3,124.5,91.7,19,21.2,43
7/30/2025 2:00,48.9,44.3,70.3,123.8,147.1,110.1,0,19.3,43.8
7/30/2025 3:00,23.5,93.6,89.9,178.5,190,73.9,5.4,35,55.2
7/30/2025 4:00,30.8,74.1,89.7,183.4,182.5,79.6,0.7,4.5,46.9
7/30/2025 5:00,20.8,104.9,70.4,195.3,185.5,85.4,15.7,13.1,60.9
7/30/2025 6:00,37,91.1,65.8,214,189.6,84.9,14.2,14.3,63.6
7/30/2025 7:00,143.1,90.9,72.9,241.1,193.9,157.7,0,33.2,62.2
7/30/2025 8:00,181.7,157.7,155.9,319.7,251.8,172.4,28.1,15.1,56.7
7/30/2025 9:00,145.7,219.4,255.3,414.9,293.5,190.3,10.2,20.1,84
7/30/2025 10:00,192.4,270.8,289.3,495.1,313.7,214,12.9,13.8,85.7
7/30/2025 11:00,255.9,337.8,258.6,567.4,351.7,247.1,24.4,27.6,109
7/30/2025 12:00,222.4,339,308,573,384.3,253.7,21.1,28.1,90.3
7/30/2025 13:00,240.5,333.5,302,539.6,356.3,225,0,26.9,92.4
7/30/2025 14:00,228.7,311.5,300.7,519.9,377.3,238.8,0,17.8,99.5
7/30/2025 15:00,197.3,335.7,277.3,504.1,377.1,252.6,3.7,8.3,46.4
7/30/2025 16:00,244,310.8,279.2,486.6,364.2,222,3.4,24.7,52.6
7/30/2025 17:00,276.9,269.3,232.5,421.8,355.9,243.4,2.4,28.3,67.8
7/30/2025 18:00,209.6,236.8,182.1,347.3,319.1,212.4,9.6,16.5,54.3
7/30/2025 19:00,192.1,184.5,118,247.1,292.3,188,7.2,8.5,53.9
7/30/2025 20:00,88.9,129.3,97.8,213.6,241.9,137.7,0,36,43.8
7/30/2025 21:00,31.3,145,93.8,227.2,209.8,66.6,10,21.1,35.6
7/30/2025 22:00,42.6,110.4,76.9,173.1,227.5,75.1,20.4,9.1,45.5
7/30/2025 23:00,8.7,105.1,64.8,207,222.7,93.6,4.3,8.4,63.4
7/31/2025 0:00,28.7,102.8,72.4,181.1,197.3,92.7,17.2,14.3,55.9
7/31/2025 1:00,28.5,112.5,65.2,154.9,193.8,87.8,6.6,5.2,35.6
7/31/2025 2:00,43.7,86.1,70.4,170.8,185.6,102,5.6,30.4,57.7
7/31/2025 3:00,53.4,54.2,50.3,191,175.9,103,7.6,4.8,43.5
7/31/2025 4:00,19.3,71.7,61.8,141.4,154,56.4,32.7,19.6,76.4
7/31/2025 5:00,45.7,70.2,84.7,140.1,157.8,82.4,11.7,19,46.3
7/31/2025 6:00,27.5,53.8,39.8,173.4,112,55.5,13.7,12.9,46.6
7/31/2025 7:00,86.7,69.4,80.7,146.4,151.4,76.2,18.6,16.2,31.2
7/31/2025 8:00,98.5,74,118.1,224.4,160.3,69.4,13.1,9.3,45
7/31/2025 9:00,84.6,38.7,131.3,274.8,181.3,107.8,27.2,16,25
7/31/2025 10:00,145.9,35.5,188.9,285.3,212.2,160.9,33.8,0,67.2
7/31/2025 11:00,81.2,82.3,184.1,303.3,226.1,135.9,40.2,4,63.3
7/31/2025 12:00,84.5,80.9,145.8,298.2,213.8,187.4,5,15.1,31.6
7/31/2025 13:00,100.4,66.4,149.4,260.8,229.2,157.4,0,52.6,57
7/31/2025 14:00,147.4,64.8,149.6,298.4,248.6,168.7,28.3,31.5,60.7
7/31/2025 15:00,88.7,64.4,139.7,250.2,208.8,173,32.4,31,54.7
7/31/2025 16:00,103.9,51,122.4,261.2,227.3,155.1,0,12.7,44.7
7/31/2025 17:00,87.8,57.4,121.4,231.6,213.2,109,5.9,11.9,24.1
7/31/2025 18:00,99.6,91.7,89.8,156.3,175,120.7,6,27.6,35.1
7/31/2025 19:00,41.8,41.5,52.1,155.4,181.2,102.9,11.2,0,39.4
7/31/2025 20:00,44.7,80.9,78.1,131.6,119.2,67.5,17.7,0,33.3
7/31/2025 21:00,35.5,47.7,77.7,161.3,150.8,61.3,19.5,42.4,55.6
7/31/2025 22:00,39.1,46.8,56.9,182.4,152.1,41.6,1.4,23.8,40
7/31/2025 23:00,1.7,68.8,72.3,153.5,164,61.3,9.1,38.9,43
8/1/2025 0:00,24.5,70,81.7,129.6,169.7,67.5,0,24,43.3
8/1/2025 1:00,24.6,40.5,57.8,151.4,154.7,57.1,10,16.1,64.8
8/1/2025 2:00,63.1,89.6,67.1,146.1,180.2,57,20.8,32.3,44
8/1/2025 3:00,13.5,63.6,95.5,171.7,137.1,32.6,12.1,0,24.3
8/1/2025 4:00,11.6,69.8,82.9,155.5,133.9,54.5,0,78.6,40
8/1/2025 5:00,26.6,81.8,65.7,206.4,146.6,40.1,14.1,15.7,48.4
8/1/2025 6:00,60.7,67.9,78.1,182.9,128.2,34.9,16.7,16,36.7
8/1/2025 7:00,110.8,67.4,58.7,223.2,188.3,76.8,23.8,9.4,30
8/1/2025 8:00,127.2,58.3,91.3,227,148.8,107.6,41.8,9.5,77.7
8/1/2025 9:00,105.2,23.6,147.9,263.4,174.2,94.1,9.2,14.6,89.8
8/1/2025 10:00,130.7,60.5,190.4,320.2,195.4,138.9,0,30.8,49.7
8/1/2025 11:00,100.8,71,159.9,264.3,222.6,120.7,7.6,14.9,33.6
8/1/2025 12:00,99.6,112.6,136,301.4,219.4,168.4,0,34.7,48.5
8/1/2025 13:00,130.5,95.9,169.5,320.8,215.5,95,5.5,7.7,61.4
8/1/2025 14:00,90,67.7,155.9,282.1,207.5,150.2,5.7,16.4,52.6
8/1/2025 15:00,130.8,100.6,113.4,308.2,232.9,103.4,22.6,0,49.7
8/1/2025 16:00,91,47.7,88.5,244.8,184.3,101.6,29.8,28.2,35.7
8/1/2025 17:00,89.2,47,54.7,229.7,189.9,132.9,12.7,11.1,43.4
8/1/2025 18:00,73.9,56.3,69.7,205.3,190.5,75,28.8,9.8,40.1
8/1/2025 19:00,53.3,68.6,63.7,145.8,176.6,92.7,0,43.5,77.3
8/1/2025 20:00,29.2,88.4,70.1,174.5,142,55.8,3,12.3,56.7
8/1/2025 21:00,40.3,65,30.7,181.8,160.4,45.8,0,14.6,25.1
8/1/2025 22:00,26,56.6,58,166.7,161.1,44.3,4.4,10.7,59.5
8/1/2025 23:00,71,69.3,45.3,186.3,200.3,92.2,31.8,20.3,31.4
8/2/2025 0:00,74.5,71.8,51.6,176.8,154.7,54.6,0,10.8,59
8/2/2025 1:00,42.4,69.4,61,160.5,156.2,41.3,0,15.6,37.9
8/2/2025 2:00,57.6,76.9,61.3,157.9,171.1,52.8,1.9,8.8,52.3
8/2/2025 3:00,64.8,67.5,47.8,150.7,172.4,47.9,17.3,2.9,39.5
8/2/2025 4:00,55,90.6,55,144.5,162.8,59.6,5,12,50.2
8/2/2025 5:00,52.7,57.1,62.2,142.6,172.6,54,10.3,7.1,46.8
8/2/2025 6:00,48.6,49.2,43.8,143.2,156,56.1,19.3,1.6,42.4
8/2/2025 7:00,60,60.4,56.4,141,173.8,51.2,27.9,0.6,22.2
8/2/2025 8:00,48.5,62.7,58.3,136,154.4,79.9,1,19.1,34.2
8/2/2025 9:00,48.8,48.7,46,160.4,170.1,78.3,17.7,20.5,47.4
8/2/2025 10:00,70.9,43.8,58.8,164.5,207.1,94.3,16.9,0,44.4
8/2/2025 11:00,69,47.6,33.4,166.3,194,104.4,12.9,27.6,29.6
8/2/2025 12:00,50.8,59.5,55.9,174,229.2,103.2,4.2,17.4,37.1
8/2/2025 13:00,64.8,53.3,61.4,176.8,209.7,99.4,6.2,16,40.3
8/2/2025 14:00,63.9,64.5,66.6,163.5,211.4,89.1,8.6,11.3,30.3
8/2/2025 15:00,74.6,67.8,67.4,175.2,199.4,93.6,30.4,8.6,41
8/2/2025 16:00,42.8,60,54.6,188.2,205.4,77,3.6,2.3,31.8
8/2/2025 17:00,68.2,64.8,71.1,170.4,171.4,86.4,5.8,41.6,38.8
8/2/2025 18:00,53.4,71.8,47.7,152.8,173.4,92.5,13.1,22.3,40.4
8/2/2025 19:00,50,68.2,47.9,156.8,164.2,83,10.4,13.5,21.5
8/2/2025 20:00,74.9,85.6,57.6,149.6,171.6,48.5,4,0,63.3
8/2/2025 21:00,53.3,74,47.7,157.5,165.9,79.8,16.7,26.3,50.7
8/2/2025 22:00,62.5,73.3,73.3,166.1,158.1,65.1,6.7,15.5,50.7
8/2/2025 23:00,34.4,91.4,41.4,167.2,168.5,68,13.8,0,45.2
8/3/2025 0:00,17.9,65.4,43.8,143.9,168.7,63.3,2.5,21.7,38.7
8/3/2025 1:00,18.8,78.5,48.6,139,162.8,67.9,1.4,18.8,39.5
8/3/2025 2:00,43,49.9,63.4,158.7,169.1,56.1,16,18.3,36.8
8/3/2025 3:00,21.9,72.4,59.1,148.3,136.9,67.1,10.8,12.7,54.1
8/3/2025 4:00,13.2,68.1,63.1,130,139.7,55.9,28.6,5.7,37.1
8/3/2025 5:00,25.6,74.1,60,131.8,134.9,58,14.1,26.1,28.3
8/3/2025 6:00,15.1,54.1,69.3,118.4,124.1,70,16.5,19.1,23.8
8/3/2025 7:00,27.9,59.9,43,138.5,145.2,60.1,17,0,19.2
8/3/2025 8:00,24.9,59.6,57.5,137,140.5,67.5,11.5,17.9,19.6
8/3/2025 9:00,40.2,61.9,58.3,149.5,131.7,79.8,9.7,16.1,42
8/3/2025 10:00,38.9,55.9,56.5,125.3,152.9,52.1,21.3,7.5,35.1
8/3/2025 11:00,47.9,42.7,45.8,148.2,145.5,89.8,17,17.9,44.7
8/3/2025 12:00,28.4,66.7,54.6,140.6,170.5,84.5,10.4,4.5,37.6
8/3/2025 13:00,16.4,54,53.6,141.6,136.6,91.2,11.1,1.5,37.4
8/3/2025 14:00,24.5,60.2,71.8,155.5,169.3,81.6,3.6,0,30
8/3/2025 15:00,33.7,58.2,53.7,146.8,155.7,63.3,13.8,2.7,27.7
8/3/2025 16:00,28.3,51.3,51.3,137,153.9,75,10.8,10.7,29.2
8/3/2025 17:00,18.4,58,62.3,147.9,180.6,82.5,8.6,9.2,43.7
8/3/2025 18:00,19.4,59.2,61,149.9,150.3,70.9,10.7,0,48.9
8/3/2025 19:00,22.9,61.1,57.8,142.9,160.7,71.8,7.3,14.3,46.1
8/3/2025 20:00,25.9,79,80.1,157.1,154.3,88.3,2.9,5.7,36.7
8/3/2025 21:00,44.7,86.6,68.5,150.9,154.5,71.8,2.3,9.1,59.3
8/3/2025 22:00,30.5,52.5,69.6,138,142,70.3,0,8.7,43.2
8/3/2025 23:00,6.1,79.1,53.2,145.9,171.4,62.4,12.5,8.4,41.7
8/4/2025 0:00,46.7,41.3,49.7,91.2,148.6,51,7.1,0,25.1
8/4/2025 1:00,15.3,92.4,90.1,120.5,122.2,26.9,0,15.8,47.4
8/4/2025 2:00,33.4,29.5,63.4,132.5,154.5,68,9.6,0,27.1
8/4/2025 3:00,20.3,83.2,98.4,153.9,139.6,70.3,0.1,31.3,47.2
8/4/2025 4:00,51.8,45.7,74.2,176.9,159.9,36.6,30.6,0,18.4
8/4/2025 5:00,23.4,72.8,92,163.8,148.8,65.3,0,29.8,44.9
8/4/2025 6:00,72,90.1,85.2,190.7,152.8,67.5,27.8,12.4,40.3
8/4/2025 7:00,105.1,63.1,65.5,176.4,156.6,74.9,4.8,9.9,40.2
8/4/2025 8:00,107,109.9,78.9,213.2,200.9,126.7,0,0,44.9
8/4/2025 9:00,118.1,131.9,139.6,247.3,184.3,130.2,48.7,0,81.1
8/4/2025 10:00,87.6,127.1,149.8,274.2,198.1,144.7,2.3,0,65.2
8/4/2025 11:00,98.6,120.6,124.7,334,227.3,163.2,22.9,0,60.3
8/4/2025 12:00,119.9,201.7,141.8,262.1,255.2,197.7,3.2,47.6,59
8/4/2025 13:00,96.4,105.6,137.6,271.4,244.4,138.9,0.2,34.4,32.6
8/4/2025 14:00,122.6,111.2,161.2,283.7,220.9,157.6,1.3,24.9,72
8/4/2025 15:00,81.7,118.8,131.7,290.2,198.3,157.5,45.6,2.2,65
8/4/2025 16:00,75.5,100.9,112.6,257.1,191.5,169.1,7.5,8,20.7
8/4/2025 17:00,71,103.3,101,231,195.1,123.9,0,2.6,43.2
8/4/2025 18:00,47.4,100.2,65.1,193.5,215.2,153.4,14.9,0.5,32
8/4/2025 19:00,69.9,66.3,57.3,191.3,175,147.1,12.4,4.5,40.1
8/4/2025 20:00,76.6,75.9,60,133.5,116.4,76.5,21.7,22.9,78.7
8/4/2025 21:00,45.1,69.1,38.1,160.5,179.7,38.5,18.3,23.6,25.5
8/4/2025 22:00,48,69.2,75.8,157.1,147.9,88.7,19.4,29.7,41.2
8/4/2025 23:00,69,38,61.6,151.7,159.4,101.5,18.2,22.7,32.5
8/5/2025 0:00,34.5,80.1,28.5,126.4,142.8,73,34.6,0,30.7
8/5/2025 1:00,32.8,73.6,58.4,140.3,173.6,66.4,1.5,8.1,28.5
8/5/2025 2:00,24.6,70.9,48.3,136.4,149,49.5,0,12.5,60.8
8/5/2025 3:00,10.7,66.8,83,175.7,170,48.2,14,0.5,43.1
8/5/2025 4:00,0,65.7,22.5,145.6,139.1,71.7,31.3,17.1,30.4
8/5/2025 5:00,30.2,40.1,96.9,152.1,142.5,61.9,27.3,0.1,56.1
8/5/2025 6:00,49.1,51.6,42.1,186.5,161.4,40.1,1,1.8,44.1
8/5/2025 7:00,81.8,131.3,60.9,203.3,130.1,59,7.8,0,29.4
8/5/2025 8:00,93.2,132.9,131.8,234.5,168.3,95.7,19.2,2.5,33.8
8/5/2025 9:00,84.8,108.2,106.3,301,207,130.7,19.9,38.2,39.6
8/5/2025 10:00,107.9,175.5,158.8,325.1,195.8,151,50.5,0,31
8/5/2025 11:00,128,144.8,149.4,343.5,222.5,160.6,22.9,11.3,74.4
8/5/2025 12:00,113.7,144.8,143.7,312.1,204,120.7,0.9,30.2,41.6
8/5/2025 13:00,113.4,127.1,119,306.4,218.2,164.3,32.4,10.7,86.1
8/5/2025 14:00,125.7,139.5,173.1,339.1,196,162.8,0.8,3.3,77.2
8/5/2025 15:00,158.3,117.1,113.3,298.2,192.9,179.5,20.5,10.3,70.3
8/5/2025 16:00,76.5,156.4,95.6,313.3,226.2,160.6,15.6,10.9,40.6
8/5/2025 17:00,70.8,89.1,113.3,248.7,221.5,173.4,34.1,9.5,29.9
8/5/2025 18:00,63.9,80.5,85.5,217.6,182,138.3,7.2,41.1,74.5
8/5/2025 19:00,49.6,106.7,86.5,184.3,171.8,118.8,27.9,0,50.8
8/5/2025 20:00,1.6,61.9,75.2,170.5,195.2,60.4,1.1,0,74.4
8/5/2025 21:00,35.1,89.5,78.5,156.9,170.6,93.8,13.3,11.5,53.5
8/5/2025 22:00,47.1,82.4,78.9,178.8,167.5,97.5,25.4,8,36.3
8/5/2025 23:00,16.8,38.5,93.2,166,155.8,110.6,0,7.5,19
8/6/2025 0:00,0,74.1,58.2,146.8,135.3,123.9,6.1,15.9,54.7
8/6/2025 1:00,45.5,57.2,52.9,147.9,115.4,99.2,14.4,22.9,41.7
8/6/2025 2:00,58.5,42.5,69,131,154.4,119.1,0,18.4,40.8
8/6/2025 3:00,32.6,94.6,89,179.9,184.9,63.9,9.6,38.4,45.7
8/6/2025 4:00,22.2,65.3,91.9,180.7,181.9,82.7,2.2,7,44.2
8/6/2025 5:00,20.1,100.5,66.6,199,183.2,92.4,7.2,8.4,60.2
8/6/2025 6:00,32.6,83.8,70.6,219.3,182.6,89.4,13.3,23.6,67
8/6/2025 7:00,150,84.9,77.7,250.2,202.5,149.8,0,40.6,66.8
8/6/2025 8:00,178.2,165.4,148.3,325.1,258.9,173,28.1,8.8,51
8/6/2025 9:00,146.8,219.9,259.5,405.2,294.6,185.1,11.5,13.8,85.2
8/6/2025 10:00,182.6,273.4,293.3,486.5,322,213.8,10.3,18.7,95.7
8/6/2025 11:00,249.9,343.8,251.9,562.6,356.5,238.3,19.5,29.7,117.8
8/6/2025 12:00,223.7,344.9,317.1,563.8,382.7,263.6,13.2,35.5,87.9
8/6/2025 13:00,236.6,343.3,302.5,530.8,352.7,229.2,1.5,19,86
8/6/2025 14:00,231.2,317.1,306.4,525.7,375.6,230.7,4.5,18.5,104.5
8/6/2025 15:00,196.6,332.9,281.7,504.2,381.5,261,0,0,36.6
8/6/2025 16:00,245.8,311.7,272.5,489.2,359.6,229.9,3.6,17,51.4
8/6/2025 17:00,276.8,269,225,421.8,347.5,243.8,0,21.7,68.3
8/6/2025 18:00,215.1,245.1,187.7,345.6,316.6,216.4,16.9,16,44.4
8/6/2025 19:00,186,184.5,113.4,251.1,292.3,185.4,2.1,12.3,50.1
8/6/2025 20:00,96.9,127.1,105.5,205.2,249.9,147.2,0,43.4,35.7
8/6/2025 21:00,36.5,138.6,99.2,227.9,203.4,58.3,7.7,30.4,33
8/6/2025 22:00,37.5,106.8,67.5,175.4,233.6,67,13.4,11.1,40.6
8/6/2025 23:00,0,99.5,70.9,202.5,232.3,86.3,12.9,8.1,71.8
8/7/2025 0:00,26.9,110.7,67.8,177.3,206.4,99.1,24.3,16.7,58
8/7/2025 1:00,23.2,118.1,56.5,155.1,185.2,79.3,7.7,14.7,26.3
8/7/2025 2:00,40.6,77.3,74.6,164.9,184.9,103.4,13.9,27.6,53.2
8/7/2025 3:00,60.2,64,51.8,197.2,171.5,101.7,12.4,8.3,43.1
8/7/2025 4:00,26.8,72.3,53.3,142.1,160.9,65.7,31.1,23.4,67.3
8/7/2025 5:00,54.7,75.5,83.8,137.9,154.3,77.1,8.1,16.9,50.2
8/7/2025 6:00,17.5,63.8,37,176.1,113.1,50.7,12,9,41.7
8/7/2025 7:00,89.8,78.9,80.7,153.1,141.6,72.5,23,8.7,33.7
8/7/2025 8:00,105.5,66,119.4,228,154.3,75.4,8.5,0,54.4
8/7/2025 9:00,89.1,41.8,128.7,266.1,182.6,111.8,18.8,8.2,31.5
8/7/2025 10:00,138,30.8,184,289.3,208.3,165.6,31.3,0,74.5
8/7/2025 11:00,81.8,88.6,176.2,307.9,228.6,132.3,40.2,13.4,71.9
8/7/2025 12:00,79.3,89.2,147.3,305.1,213.1,182.8,13,22.3,41.5
8/7/2025 13:00,100.2,57.5,153.9,252,231,148.9,0,46.8,59.6
8/7/2025 14:00,138.6,74.7,144.2,290.1,248.5,162.8,34.4,34.5,60.5
8/7/2025 15:00,98.6,58.8,139.9,248.9,214.3,178.6,42,34,54.2
8/7/2025 16:00,108.1,57.9,113.3,260.3,221.2,156.8,9.1,11.4,52.2
8/7/2025 17:00,79.7,63.3,128.7,233.8,221.2,102.1,0,14.4,29.1
8/7/2025 18:00,108,88.8,84.7,152.5,180.2,114,5.3,33.4,41.2
8/7/2025 19:00,49.7,48.3,51.5,160.2,176.1,102.2,6.8,0,30.2
8/7/2025 20:00,45.1,87.8,75.8,136.4,109.3,65.6,24.6,0,23.9
8/7/2025 21:00,39.5,41.2,70.7,153.7,149,62,16,41.7,63.5
8/7/2025 22:00,36.5,48.7,65.5,186.6,146.8,50.9,2.5,23.3,33.1
8/7/2025 23:00,11.2,74.9,79.4,157.5,160.9,55.5,0,29.3,47.7
8/8/2025 0:00,16.2,74,82.8,122.9,176.5,63.7,0,17.3,50.7
8/8/2025 1:00,16.5,48.8,66.1,160.5,162.2,52.4,11.3,9.1,57.4
8/8/2025 2:00,55.8,80.2,71.9,146.6,189.2,49.4,16.9,36.4,42.4
8/8/2025 3:00,19.9,67.6,93.9,177.4,127.1,25.8,14.6,9.3,31.2
8/8/2025 4:00,3.1,78.8,79.3,159.9,137,58.2,0,78,31.1
8/8/2025 5:00,28,83.1,64,199.7,153.6,46.6,15.9,22.9,51.1
8/8/2025 6:00,59.4,69.2,82.5,175.4,132.7,38.8,16.6,17.7,27.9
8/8/2025 7:00,120.1,61.2,54.1,228.8,180.4,67.6,29.3,3.4,21.9
8/8/2025 8:00,121.9,68.1,82.9,222.4,149.4,114.3,35.7,10.9,78.6
8/8/2025 9:00,100.4,31.2,145.4,271.1,169,90.7,17.2,21.3,99.5
8/8/2025 10:00,127,60.3,190.4,325.6,195.2,130.7,5.2,21.8,43.6
8/8/2025 11:00,106.8,67.2,167.9,254.9,213.8,115.7,2.5,5.1,35.9
8/8/2025 12:00,103.6,112.4,129.6,307.5,229.3,165.5,0,37.3,38.8
8/8/2025 13:00,135.2,87.7,175.6,316.2,219.7,95.3,3.7,12,68.1
8/8/2025 14:00,86.4,62.4,165.5,273.4,199.4,153.7,0.4,26,59.6
8/8/2025 15:00,126.2,95,122.5,312.4,241.3,98.6,19.5,7,46
8/8/2025 16:00,82.5,48.2,79.9,246.3,192.2,111.4,36.6,32.9,39.9
8/8/2025 17:00,83.3,37,54,221.2,190.3,123.5,20.2,13,51.5
8/8/2025 18:00,79.5,64.7,65.3,204.4,194.5,73.1,37.8,10.9,41.8
8/8/2025 19:00,55,62.6,70.6,143,174,91.7,0,39.3,86.2
8/8/2025 20:00,22.3,81,66.6,174.5,151.5,60.8,6.1,12,57
8/8/2025 21:00,33.6,69.3,31.8,183.1,152.1,40.8,7,14.3,33.9
8/8/2025 22:00,25.3,65,48.2,164.1,153,43.5,8.9,12.5,57.6
8/8/2025 23:00,69.1,76.2,39.3,181.4,193,98.3,23.9,22.5,38.2
8/9/2025 0:00,74.9,70,52.2,172.8,157.9,51,0.3,12.6,60.7
8/9/2025 1:00,47,64.6,59,161.2,151.9,36.4,0,18.8,33.5
8/9/2025 2:00,54.7,77.8,62.5,160.1,171.8,56.1,1.8,8.7,55.6
8/9/2025 3:00,62.9,71.7,47.4,148,171.7,52.7,12.9,5,39.5
8/9/2025 4:00,52.7,93.3,55.9,144.6,167.4,55.9,10,12.3,52.5
8/9/2025 5:00,48.9,60.6,62.1,138,170,57.2,12.4,6.3,42.6
8/9/2025 6:00,45.2,52.8,46.5,146.8,153.6,54.8,15.2,0,41.8
8/9/2025 7:00,61.9,65,53.4,138.4,172,52.5,32.1,0,20
8/9/2025 8:00,51.8,61.4,62.3,135.7,157.4,81.3,5,23,31.2
8/9/2025 9:00,50.8,53.1,48.6,159.2,172.1,79.1,17.9,19.7,47.5
8/9/2025 10:00,66.3,42.8,56.3,161,209.5,91.9,18.9,0,41.1
8/9/2025 11:00,72.4,43.6,28.5,170.6,192.2,107.5,11.6,27.5,32.1
8/9/2025 12:00,49.1,57.5,55,177.6,226.9,98.4,8.9,21.8,40.5
8/9/2025 13:00,60.7,49.7,58.7,177.3,205.4,95,2,14.5,35.3
8/9/2025 14:00,61.4,61.1,65.1,167.6,208.4,93.1,4.6,13.3,28
8/9/2025 15:00,73.2,72.3,70.8,177.6,202.2,93,26.7,3.8,39.5
8/9/2025 16:00,42.9,62.9,58.4,187.4,206.2,73.3,6.8,0.2,30.2
8/9/2025 17:00,70,69.4,75.6,168.6,168,90.5,1.5,38.5,39.5
8/9/2025 18:00,51,73.3,42.7,152,170,95.8,13.8,20.7,42.4
8/9/2025 19:00,54.9,64.9,49.5,159,163.9,81.3,9.7,10.8,22.2
8/9/2025 20:00,70.2,90.3,61.1,147.3,170.7,43.9,8.6,0,62.9
8/9/2025 21:00,52.3,75.9,50,153.3,166.3,79.4,14.1,30.4,46.9
8/9/2025 22:00,62,77.6,69.3,164.8,162.7,61.8,4.3,13.9,46.6
8/9/2025 23:00,36.9,94.3,41.7,167.2,165.6,68.7,12,1,47.5
8/10/2025 0:00,15.4,62.6,41.2,147.9,166.8,66.5,5.5,25.1,35.6
8/10/2025 1:00,18.4,79.4,48.5,135.8,160.5,66.8,3.4,20.4,40.4
8/10/2025 2:00,46,46.7,59,161.7,165.3,51.4,18.4,14.6,41.5
8/10/2025 3:00,18.3,70.5,64.1,153.1,133.5,68.9,9,10.6,56.8
8/10/2025 4:00,8.3,70,65.2,134.5,141.6,52.6,26.3,7.8,40
8/10/2025 5:00,28.9,70.4,55.9,127.5,138.2,55.1,9.8,30.7,25.5
8/10/2025 6:00,19.9,56.4,73.5,118.1,126.1,66.9,13.5,22.4,22.5
8/10/2025 7:00,24.2,64.4,47,136.3,140.6,57.9,19.8,1.7,15
8/10/2025 8:00,28.1,64.1,57.7,140.4,143.9,71.3,12.3,20.2,21.8
8/10/2025 9:00,38.9,60.8,60.3,147.8,130,75.1,6.3,19.1,39.5
8/10/2025 10:00,40.2,60.8,55.2,125.8,148.8,53.3,17.9,10.5,38.5
8/10/2025 11:00,49.3,47.4,50.5,143.3,143,87.3,16.7,21.3,46.1
8/10/2025 12:00,29.2,62,50.4,137.6,169.1,82.5,9.5,5.7,41.6
8/10/2025 13:00,14,55,49.6,142.2,136.7,90.3,11.5,0,34.3
8/10/2025 14:00,27.6,64.4,68.1,153.5,171.1,82.1,8.2,2.5,32.6
8/10/2025 15:00,28.9,62.9,56.9,148,153.3,58.9,10.9,4.4,24
8/10/2025 16:00,23.9,48.5,47,136.6,158.8,72.8,8.9,7,24.7
8/10/2025 17:00,22.4,58.7,63,148.8,175.9,78.9,6.3,6.2,45.8
8/10/2025 18:00,18.8,63.6,60.3,149.8,149.3,67.9,6.9,1.1,45.7
8/10/2025 19:00,19.2,57.5,62.4,145.6,160.2,75.6,3.9,10.3,42.5
8/10/2025 20:00,30,81.5,77.5,154.1,156.8,88.6,4.8,4.9,34.9
8/10/2025 21:00,48,84,66.1,154.9,152,73.1,5.6,14,56.6
8/10/2025 22:00,28.8,57.3,67.8,140.6,141.6,73.3,2,6.7,40.1
8/10/2025 23:00,1.5,75.8,56.2,143.4,174.4,65.3,7.9,5.5,45.5
8/11/2025 0:00,45.9,49,53.7,81.3,141.4,60.8,13.8,0,18.6
8/11/2025 1:00,8.7,84.2,94.8,118.7,112.4,32.5,0,6.2,43.3
8/11/2025 2:00,34.9,33.7,59.8,127.2,161.1,65.2,1.4,7.6,31.1
8/11/2025 3:00,26.7,86,93.8,150.8,149.3,71.2,0,28.4,42.5
8/11/2025 4:00,49.7,53.4,65.7,183.7,152.5,36.3,27.7,0,18.2
8/11/2025 5:00,14,71.7,86.1,171.3,155.3,73.6,0.3,36.4,46.5
8/11/2025 6:00,75.7,85.4,90.8,199.7,150.2,67.5,31.3,20.3,37.3
8/11/2025 7:00,98.6,58.1,67.2,166.4,159.2,72.7,0,0.5,43
8/11/2025 8:00,101.3,101.3,72,216.3,203.8,120.3,9.8,0,43.9
8/11/2025 9:00,111.8,127,132.9,254.3,185.9,126.6,39.3,0,83.7
8/11/2025 10:00,83.2,119.3,149.1,278.7,193.3,139.1,0.4,2.4,71.8
8/11/2025 11:00,106.3,110.6,122.8,326.1,233.6,171.1,21.9,0,51
8/11/2025 12:00,110.6,199.4,142.5,262.7,245.6,203.3,8.2,42.1,65.7
8/11/2025 13:00,98.8,110.3,146.9,266.2,235.7,130.1,0,29.6,30.3
8/11/2025 14:00,117.5,120.6,155.4,283.5,228.9,167.4,0.5,21.7,72.8
8/11/2025 15:00,77.6,126.5,127.9,281.4,197.2,158.1,51.7,0,59.2
8/11/2025 16:00,73.7,100.8,107.9,267,184.1,174.4,0.3,0,24.7
8/11/2025 17:00,72,100.9,93.4,235.2,203.2,133.9,0,10.2,40.1
8/11/2025 18:00,38.6,101.1,58.3,185.4,221.8,162.9,21.5,0,38.2
8/11/2025 19:00,65.5,58.3,61,199.7,171.6,139.1,22.1,0,46
8/11/2025 20:00,69.3,75.5,66.5,141.4,107.3,79.6,14.3,26.7,72.8
8/11/2025 21:00,39.1,76.4,42,160.9,178.9,33.8,24.8,23.9,29.5
8/11/2025 22:00,55.7,72.2,66.6,161.1,141.3,95,16.8,33.1,41.3
8/11/2025 23:00,69.5,41.7,68.3,149.1,160.9,109.8,20.8,26.8,39.1
8/12/2025 0:00,37.1,73.4,25.1,135.9,149.2,64.1,37.5,8.5,36.6
8/12/2025 1:00,38.8,65.1,50.2,132,171.5,76.3,3.1,6.9,20.3
8/12/2025 2:00,30.5,77.8,43.3,128.3,139.6,43.9,0,11.6,66.3
8/12/2025 3:00,20.5,62.7,80.1,168.4,173.7,55.1,20.3,7.3,38.3
8/12/2025 4:00,5.6,62.1,22.8,152,132.6,77.6,21.7,9.3,29.8
8/12/2025 5:00,27.4,49.1,100.4,143.6,136.8,59,18.6,0,46.7
8/12/2025 6:00,50,43.1,37.3,187.9,155.1,46.9,9,4,36.4
8/12/2025 7:00,81.5,124.7,70.7,202,125.7,65.9,6.7,5.6,32.6
8/12/2025 8:00,101.5,130.4,122.4,243.8,176,89.2,11.8,11.4,27.5
8/12/2025 9:00,84.8,112.8,104.4,295.7,197.7,132.6,28,44.7,32.4
8/12/2025 10:00,105.7,176.4,157.8,320.3,198.2,157.1,57.1,0,32.7
8/12/2025 11:00,121.6,152.8,154.4,339.8,217.4,164.6,19.5,3.4,71.8
8/12/2025 12:00,110.1,136.7,138.7,318.1,199.9,129,0,32.8,39.2
8/12/2025 13:00,107.8,129,118.2,310.4,216.4,154.9,31.6,18.1,87.9
8/12/2025 14:00,133.6,141.8,179.2,343.8,197,166.8,0,11.5,67.9
8/12/2025 15:00,163.9,116.8,106.1,294.6,184.1,188.5,22,3.4,74.3
8/12/2025 16:00,67.7,147,85.8,308.7,221.8,161.9,22,6.7,43.2
8/12/2025 17:00,80.6,97.9,119.9,240.2,214.2,174.7,32,8.3,37.3
8/12/2025 18:00,64.5,73.8,95.2,211.7,176,132.1,0,41.2,64.7
8/12/2025 19:00,54.9,114.5,79.1,189.9,179.5,128.6,31.6,4.7,49.2
8/12/2025 20:00,11.6,55,81.7,172.2,195.7,68,0,0,71.1
8/12/2025 21:00,44.6,81.5,75.9,150,173.2,93.6,7.6,14.4,56.5
8/12/2025 22:00,39.1,76.5,81.5,172.1,173.5,93.7,19.1,4.7,28.3
8/12/2025 23:00,19.9,32.3,96.1,165.3,161.7,110.4,0,0.3,27.3
8/13/2025 0:00,0,78,59.8,144.9,145.1,115.7,13.8,22.9,50.8
8/13/2025 1:00,51.8,61.6,48.1,148.6,121,93.9,5.1,21.7,41
8/13/2025 2:00,66.8,47.1,75.3,140.3,151.6,113.5,2.4,16.7,34.5
8/13/2025 3:00,23.7,89.9,79.4,174.1,185.8,64.4,4.5,43.8,36.1
8/13/2025 4:00,32.1,60.9,83.2,176.9,181.6,72.7,0,1.9,50.4
8/13/2025 5:00,14.5,95.3,74.6,194.3,191.5,100.8,5.4,14.6,59.3
8/13/2025 6:00,39.5,74.8,69.5,211.7,182.6,83.4,14.3,20.4,68.5
8/13/2025 7:00,155.9,86.3,70.3,243.4,200.3,142.4,0,40.7,65.5
8/13/2025 8:00,175.3,172.2,156.4,328.8,252.5,177.3,23.7,0.5,49
8/13/2025 9:00,153.6,213,266.1,411.7,291,193.5,4.2,11.2,91.9
8/13/2025 10:00,189.5,270.6,289.9,490.4,316.4,220.7,4.3,23.8,90.8
8/13/2025 11:00,243.4,342.4,242.8,553.4,364.4,234.8,27.2,26.9,115.3
8/13/2025 12:00,225.6,340.8,316.3,570.5,388.3,254,13.7,38.8,84.7
8/13/2025 13:00,242.7,346.5,295.9,527.4,343.9,230.9,4.1,12,89.6
8/13/2025 14:00,235.2,319.1,307.9,517.5,385.4,239,10.5,23.6,100.5
8/13/2025 15:00,204.9,326.9,288.1,499.2,382.1,266.5,5.9,0,46
8/13/2025 16:00,236.4,302.2,270.4,486.3,364.9,236.8,13.4,11.6,58.9
8/13/2025 17:00,280.8,262.4,215.6,422.1,357.5,251,5.6,27.7,73.6
8/13/2025 18:00,224.1,240.9,191.4,349.1,326.1,225.6,14.1,14.3,52.4
8/13/2025 19:00,187.3,176.1,106.9,246.3,284.3,182.9,3,10.5,50.2
8/13/2025 20:00,98.2,134,99.8,215,253,156,0,42.6,34.1
8/13/2025 21:00,30.3,134.8,92.9,218.5,198.7,56.2,16,37.4,38.5
8/13/2025 22:00,47.3,104.7,63.1,173.5,239.9,59,13.4,17,49.7
8/13/2025 23:00,7.6,99.3,78.6,201.5,240.6,82.3,10.7,5.3,69.8
8/14/2025 0:00,26.7,113.9,58.5,182.3,197.5,91.8,17.9,7.3,48.6
8/14/2025 1:00,19.4,109.9,58.9,150.1,195.1,72.5,4.1,7.6,26.5
8/14/2025 2:00,40.4,78.2,69.5,164.1,179.3,112.4,8.3,17.8,61.6
8/14/2025 3:00,52,57.7,47.7,203.3,178.4,107.5,20.3,14.4,50.8
8/14/2025 4:00,21.5,80,51.5,134.9,166.8,74.9,36.7,32.3,76.6
8/14/2025 5:00,49.1,72.9,84.8,128.1,151.4,80.1,0,8.6,59.1
8/14/2025 6:00,18,62.7,28.2,182.7,119.9,44.2,21.8,5.3,35.7
8/14/2025 7:00,79.8,74.2,76.3,162.8,148.5,81.9,23.6,18.3,43.1
8/14/2025 8:00,113.9,65.3,112.1,220.6,147.8,79.3,13.8,0,59.4
8/14/2025 9:00,83.1,36.3,122.7,272.6,184.5,120.4,28.8,0,24.1
8/14/2025 10:00,130.6,26.2,191.7,286.7,214.4,171.3,40.8,5.2,71.2
8/14/2025 11:00,86.1,79.8,176.7,310.5,232.6,126.8,32.2,16.6,81.1
8/14/2025 12:00,87.7,94.2,149.9,308,221.4,184.6,16.1,25.1,50.9
8/14/2025 13:00,107.1,60.8,159.9,253.6,221.6,142.4,0,54.9,55.8
8/14/2025 14:00,135.1,66.4,150.1,285.3,252.5,158.9,40.7,25.7,65.8
8/14/2025 15:00,89,55.7,149.7,255.2,223.3,182.4,50.3,36.6,60.2
8/14/2025 16:00,109.8,58.7,118.9,250.7,222.5,149.3,0.2,15.7,51.4
8/14/2025 17:00,88,72.7,125.9,225.1,222.5,106.7,9.9,17.6,22.4
8/14/2025 18:00,113.5,90.6,85.6,160.5,174,123,0,33.8,31.2
8/14/2025 19:00,56.6,49.4,51.2,159.1,185.9,111.2,13.7,0,23.1
8/14/2025 20:00,52.3,94.6,84.1,129,116.9,63.4,30.5,0,31.6
8/14/2025 21:00,48.7,47.6,70.7,161.8,148.8,71.9,13.1,45.3,59.5
8/14/2025 22:00,34,47.1,63.3,193.2,143,60.2,9.3,24.4,24.7
8/14/2025 23:00,20,75.6,73,154.1,160.7,46.1,6.9,25.4,42.4
8/15/2025 0:00,14.1,81.3,79.2,113.8,168.3,65.7,0,22.2,44.8
8/15/2025 1:00,8.5,48.3,60.5,159.7,156.9,60.8,13.2,17.3,49.2
8/15/2025 2:00,51.8,87.8,79.8,140,183.6,58.8,23,26.6,37.3
8/15/2025 3:00,12.6,67.1,99.5,178.9,127.6,20.2,18.6,4.9,34.9
8/15/2025 4:00,0,70.4,70.5,166.3,127,59.5,8.3,78.6,38
8/15/2025 5:00,37,91.2,73.8,197.6,162,55.3,6.5,31.3,48.6
8/15/2025 6:00,65.2,73.5,83.1,166,126.7,31.6,20.6,21.7,27.4
8/15/2025 7:00,129.3,61.2,59.4,232.5,173,72.5,38.3,2.3,18.8
8/15/2025 8:00,124.9,76.1,92.9,215.9,153.7,109.1,37,5,78
8/15/2025 9:00,93.9,37.2,154.9,265.4,177.4,100.3,18.5,22.2,103.2
8/15/2025 10:00,136.4,63.9,182.4,319.3,202.1,124.1,0,27.6,47.6
8/15/2025 11:00,110.7,69.6,171,250.5,210.3,123.4,12.3,8.1,44.2
8/15/2025 12:00,112.2,104.8,124.9,315.2,219.7,157.3,7.6,41.2,42.2
8/15/2025 13:00,140.9,92.8,181.9,306.9,221.4,99.5,3.5,19.8,74.7
8/15/2025 14:00,80.9,55.9,173.8,275.8,207.7,156.5,0,31.6,63.7
8/15/2025 15:00,128,104.7,113.6,307.3,246.8,106.3,19.3,5.1,51.3
8/15/2025 16:00,76,57.6,89.8,242.2,199.1,110.3,28.4,26.8,31.8
8/15/2025 17:00,79.4,43.2,48.4,219.4,197.5,118.8,14.9,9,44.1
8/15/2025 18:00,83.3,57.2,72.2,205.4,203.7,68.1,32.2,1.6,47.1
8/15/2025 19:00,47.5,61.1,76.5,134.2,171.5,83.1,0.5,36,78.9
8/15/2025 20:00,26.9,90.8,63.7,170.1,160.3,55.9,0,16.5,62.5
8/15/2025 21:00,42.6,68,38.6,175.8,150,33,15.4,19.1,41.9
8/15/2025 22:00,34.3,74.9,55.1,158.1,145,33.5,2.9,5,64
8/15/2025 23:00,66.9,78.7,32.8,189.1,189,96,16.5,32.3,42.8
8/16/2025 0:00,79.8,73.3,53.1,173.1,154.3,53.3,2.5,10.4,59.9
8/16/2025 1:00,51.7,62.2,62.1,162.5,148.5,41.1,4.2,14.7,32.4
8/16/2025 2:00,50,81.9,64.5,163.1,176.3,59.9,5.2,9.2,51.3
8/16/2025 3:00,63.9,75.8,51.5,150.9,174.6,52.6,11.1,5.2,39.4
8/16/2025 4:00,56.9,89,51.2,149.5,172,54.7,5.2,14.9,54.9
8/16/2025 5:00,53.6,59.5,64.1,140.8,171.5,57.7,13.3,2.9,43.5
8/16/2025 6:00,42.4,51.8,51,145.4,150.3,50.8,19.4,0,39
8/16/2025 7:00,62.6,63.3,54,138.8,176.7,52.3,34.8,3,21.1
8/16/2025 8:00,56.2,59.2,62.9,135.5,159.3,84.9,8.5,23.9,33.9
8/16/2025 9:00,47.2,52.7,45.5,163.3,176.4,80.6,21.5,17.1,46.2
8/16/2025 10:00,68.8,46.5,61.2,161,212.4,93.8,23.5,2.7,39.5
8/16/2025 11:00,69.8,46.5,32.3,169.5,189.4,104.1,10.3,29.8,35.3
8/16/2025 12:00,53.9,58.7,54.9,174.4,227.8,94.1,13.3,26.7,41.6
8/16/2025 13:00,57.4,49.9,56.8,175.5,202.2,98.5,1,10.6,37.8
8/16/2025 14:00,65.3,60.3,65,164.8,206.5,91,0.6,8.9,32.1
8/16/2025 15:00,69.1,71.4,66.7,181.6,204.1,91.2,24.7,2.5,41
8/16/2025 16:00,45,59.4,55.7,190.2,202.5,77.8,3.2,1.5,26.6
8/16/2025 17:00,71.4,70.3,72.8,164.2,170.3,86.2,0,37,36.4
8/16/2025 18:00,54.9,75.9,43,156.9,174.5,92.5,18.3,16.2,39.5
8/16/2025 19:00,54.4,69.3,44.5,159.3,168.4,80.1,12.6,12.3,21.6
8/16/2025 20:00,67.9,94.5,65.3,150,169.6,46.2,13.2,0,61.3
8/16/2025 21:00,49.8,76.5,47,158.3,171.2,79.9,15.6,28.4,48.4
8/16/2025 22:00,57.7,73.6,65.6,169.5,167.4,65.8,1,16.3,45.9
8/16/2025 23:00,34.5,92.2,43.9,163.2,160.9,64.6,16.7,0.5,45.3
8/17/2025 0:00,11.5,63,45.4,149.5,167.8,67.4,7.4,29.9,34.5
8/17/2025 1:00,13.4,77.8,51.9,133.5,164.7,67.9,7.7,23.5,43.6
8/17/2025 2:00,44.9,45.8,57.2,164.9,170,51.2,21.3,19.5,36.8
8/17/2025 3:00,20.6,69.3,59.3,157.3,130.7,64.2,6.2,11.3,61.4
8/17/2025 4:00,13,69.9,66.1,130.1,142.3,57,27.2,11.7,39.2
8/17/2025 5:00,32.7,71.5,60.1,132.5,142.6,51.7,6.6,32,22.1
8/17/2025 6:00,19.8,51.8,76.2,115.3,122.5,70.8,11.6,22.7,24.3
8/17/2025 7:00,23,62.2,50.5,139.8,143.1,54.5,21.7,2.7,18.3
8/17/2025 8:00,28.6,60.5,61.3,143.4,141.3,67.3,8.6,18.7,21.4
8/17/2025 9:00,34.9,61.9,64.9,146.3,134.8,72.2,8.6,16.9,35.3
8/17/2025 10:00,40,62.7,53.9,129.2,145.5,50.2,22.4,13.3,40.4
8/17/2025 11:00,52.9,42.8,54.9,146.8,146.9,89.3,21.2,23.4,42.1
8/17/2025 12:00,30.7,65.9,49.4,134.4,165,84.7,8.4,7.4,45.2
8/17/2025 13:00,15.9,53.3,45.6,143.1,138.8,92.6,16.4,2.1,37.3
8/17/2025 14:00,24.2,61.8,66.1,156.6,172.5,79.8,12.9,2.7,27.7
8/17/2025 15:00,24.6,65.4,53.3,150,157.2,56.7,6.2,1.9,22.2
8/17/2025 16:00,27.4,52.7,43.6,140.7,158.3,70.2,9.9,5.3,25.4
8/17/2025 17:00,20.3,62.7,67.5,144.1,173.6,74.4,10.5,7,44.6
8/17/2025 18:00,17,58.8,63.2,151.8,146.8,68.6,11.6,4.3,45.2
8/17/2025 19:00,23.7,60.7,67,150.1,155.9,79,1.1,8.9,42.4
8/17/2025 20:00,25.7,79.5,79,154.7,154.4,85.1,5.5,0.9,39.5
8/17/2025 21:00,44.7,81.8,62.8,155.5,148.1,71.7,10,16.1,55.6
8/17/2025 22:00,27.6,57.2,72.5,137.5,136.6,72.6,0,10,42.8
8/17/2025 23:00,3.8,77.8,58.1,148.3,173.3,63.2,10.4,1.3,43.5
8/18/2025 0:00,46.8,41,62.3,88.9,146.1,64,8.6,0,13.8
8/18/2025 1:00,16.7,91.6,100.5,118.5,121.8,34.5,9.6,14,46
8/18/2025 2:00,26.8,26.4,54.3,123.4,168.8,59.2,0,7.1,33.2
8/18/2025 3:00,28.6,95.5,95.6,150.6,149.2,61.7,7.7,27.3,48.5
8/18/2025 4:00,52,52.3,59.2,175.5,150.1,29.7,19.5,0,17.2
8/18/2025 5:00,13.7,78.2,82.2,166,156.2,69.4,4.5,36.9,44
8/18/2025 6:00,66.3,80.8,94.6,194.1,142.2,59.1,34.1,22.1,36.8
8/18/2025 7:00,107.4,56.4,59.7,166.9,158.8,79.6,7.7,0.9,39.7
8/18/2025 8:00,94.6,104.2,76.6,206.3,211.1,116.5,8.7,0,44.6
8/18/2025 9:00,119.6,120.8,141.9,262.7,188.9,124.5,34.6,0,81
8/18/2025 10:00,76.3,113.5,158.1,272.7,197,138.9,0,2.4,77.5
8/18/2025 11:00,98.3,117.1,120.6,318.7,226.9,174.3,13.3,0,60.6
8/18/2025 12:00,104.7,204.2,152.4,267,237.1,195.1,3.3,40.9,66.3
8/18/2025 13:00,92.6,115.5,156.2,274.6,242.6,131,0,38.2,28
8/18/2025 14:00,121.4,127.9,146,290.4,224.8,161.1,0,21.5,76.3
8/18/2025 15:00,82,132.9,129.9,277.9,193.6,165.8,49.4,9.5,52.2
8/18/2025 16:00,78.3,101.1,116.3,257.4,193.1,171.8,5,6.5,21.4
8/18/2025 17:00,67.3,94.1,102.8,236.9,194.7,132.8,9.4,3.1,48.8
8/18/2025 18:00,34.2,97.3,52.7,193.7,215.2,158.2,29.2,0,40
8/18/2025 19:00,60.3,58.4,62.3,205.2,169.1,138.4,22,4.2,40
8/18/2025 20:00,60.3,68.2,75.2,148.3,111.9,74.1,11.9,19.3,79.1
8/18/2025 21:00,40.5,83.4,34.8,168.1,179.8,29.2,25.7,28,34.1
8/18/2025 22:00,62.5,79.8,71.5,170.3,149.3,86.2,8.8,40.4,40.4
8/18/2025 23:00,62.6,32.3,63.1,146.6,152.8,114.8,20.4,19.2,30.1
8/19/2025 0:00,34.3,67.3,34.7,144.7,151.1,67.4,44.8,2.8,32.2
8/19/2025 1:00,37.4,71.8,43.6,129.9,173.8,68,6.1,6.4,12.7
8/19/2025 2:00,26.4,84.5,51,120.3,139.3,40.8,3.7,16.5,66.1
8/19/2025 3:00,23.7,57.7,71.9,164.4,164.3,55.9,13.6,16.2,35.6
8/19/2025 4:00,7.6,61.2,27,144.7,141.4,87,13.2,6.7,37.6
8/19/2025 5:00,21.4,57.5,103.2,136.8,130.1,60.8,25.5,9,50.4
8/19/2025 6:00,40.5,47.2,45,196.9,162.9,48,4.9,6,31.4
8/19/2025 7:00,74.9,120.2,69.6,207.8,118.8,72.7,3.1,3.8,29.3
8/19/2025 8:00,97.3,136.9,117.7,253,168,95.6,20.8,3.8,23.4
8/19/2025 9:00,76.4,112.9,99.4,298.7,191.8,131,19.5,46.1,38.8
8/19/2025 10:00,112.6,179.1,149.2,313.8,192,157.8,50.5,0,33.6
8/19/2025 11:00,117.8,145.3,149.5,349.2,221.3,171.9,17,0,65.4
8/19/2025 12:00,108,127.3,130.9,322,204.3,128.5,4.6,30.2,36.3
8/19/2025 13:00,107.6,126.4,108.2,319,221,162.5,32.5,27.9,78.3
8/19/2025 14:00,136.8,143.7,176.9,349.5,192.3,166.3,8,7.6,64.4
8/19/2025 15:00,155.7,110.4,110.8,289.1,179.7,180.1,13.9,3.1,77
8/19/2025 16:00,68.6,154.4,95.2,310.5,216.6,170,23.9,12.5,45.1
8/19/2025 17:00,74.3,99.6,127.6,233.7,205.2,179,34.3,1.1,34.4
8/19/2025 18:00,72.2,70.8,95.1,207.8,177.4,132.1,0,43,55.4
8/19/2025 19:00,52.3,107.8,76.7,193.7,186.3,136.6,22.2,0,54
8/19/2025 20:00,10.5,62.9,82.6,164.7,188.8,74,8.8,7.9,66.1
8/19/2025 21:00,39.9,86.5,67.9,154.6,170.4,97.2,0.9,22.2,48.2
8/19/2025 22:00,38.4,80.3,81.1,181.1,172.1,96.1,26.9,0,20.2
8/19/2025 23:00,14.4,28,103.4,174.3,157.6,102.8,0,6.7,31.8
8/20/2025 0:00,0,75.7,62.8,142.7,148.3,120.8,5.8,22.7,53.5
8/20/2025 1:00,43,54.9,51.8,158.5,123,87.4,0,14.1,39.6
8/20/2025 2:00,71.8,48.5,68.6,149.6,145.6,123.2,0,13.7,30
8/20/2025 3:00,27,99.2,70.9,164.7,176.3,73.8,8.4,51.2,45.5
8/20/2025 4:00,23.8,68,90.1,178.9,175,78.9,4.4,0.3,54.2
8/20/2025 5:00,11.4,98.2,70.5,202.7,187.3,93.3,10,16.1,54.2
8/20/2025 6:00,40.3,78.4,65.9,221.1,174.2,81.9,9.6,21.7,75
8/20/2025 7:00,165.3,81.7,79.3,237.8,207.2,152.2,0,48.7,72.2
8/20/2025 8:00,177.1,170.4,147.9,330.1,248.7,176,18.5,6.1,53.7
8/20/2025 9:00,154.7,203.4,259.5,420.4,288.9,203.4,0,10.7,92.4
8/20/2025 10:00,196.3,276.2,287.4,483.2,316.2,223.2,5.7,28.2,90
8/20/2025 11:00,249.8,347.8,247.4,558.3,367.6,241.5,34,29,106.8
8/20/2025 12:00,224,331,317.2,565.3,380.1,249.2,6.8,44,82.2
8/20/2025 13:00,243.4,354.7,303.9,537,344.8,239.1,1.3,12.1,82.5
8/20/2025 14:00,242.5,322,299.8,510.9,379.1,247.3,9.1,22.8,110
8/20/2025 15:00,204.4,328.9,290,506.9,389.8,257.8,1.8,0,48.8
8/20/2025 16:00,244,292.4,272.7,478.1,362.3,234.6,16.6,10.6,66.5
8/20/2025 17:00,280.3,257.4,215.3,426.3,356.4,248.9,7.6,35,71.2
8/20/2025 18:00,215.7,247,182,351.9,321.4,222.1,8.1,10.8,62
8/20/2025 19:00,195.4,172.2,115.7,254,283.6,178.4,0,16.5,41.8
8/20/2025 20:00,102.5,143.3,93.1,213.9,247.5,155.2,0,45.9,42.6
8/20/2025 21:00,30.3,137.7,100.7,213.8,194.1,63.7,11.8,35.6,43.5
8/20/2025 22:00,55.3,103.2,56.2,168.5,231.1,64.7,5,11.7,48.2
8/20/2025 23:00,13.6,96.8,70.6,192.9,245.6,84.8,17.6,3.2,60.2
8/21/2025 0:00,30.3,110.9,52.6,177.4,200.8,92.3,14.1,8.1,57.6
8/21/2025 1:00,21.8,104.9,52.7,142.3,186.8,70.9,2,16.8,21.6
8/21/2025 2:00,32.8,77.5,73.4,154.1,176.2,110.7,8.1,25.6,64.7
8/21/2025 3:00,57.1,61.2,52.1,201,179.2,100.5,23.5,19.1,58.5
8/21/2025 4:00,15,86.5,56.1,139.6,176.2,76.7,28.5,35.2,83.3
8/21/2025 5:00,58.8,70.8,80.1,137.5,153.2,85.3,0.9,15.9,57.8
8/21/2025 6:00,27.4,54.7,23.8,190.4,121,53,15.5,9.4,28
8/21/2025 7:00,86,74.4,71.1,162.7,155.3,90.4,31.3,19.7,36.9
8/21/2025 8:00,106.4,68.5,103.1,218.2,154.2,80.6,11.2,5.9,54.6
8/21/2025 9:00,81.6,43.2,124.1,273.5,182.9,112.4,27.7,4.1,20.2
8/21/2025 10:00,140.4,23.7,198.5,278.7,215.1,167,36.1,6.4,71.5
8/21/2025 11:00,84.8,82.7,169.8,310.1,239.9,127.5,31.5,9.1,88.2
8/21/2025 12:00,97.6,96.4,147.1,315.3,220.9,181.5,10.6,26.3,45.8
8/21/2025 13:00,109.6,56.8,158.5,256.6,229.2,140.6,0,48.7,61.8
8/21/2025 14:00,141.8,58.6,146,289,252,156.6,31.9,28.1,63.3
8/21/2025 15:00,84.2,47,152.9,248.5,214.9,182.1,55.3,38.1,59.7
8/21/2025 16:00,118,68.5,120.9,242.2,230.6,151.5,3.5,6.8,56.6
8/21/2025 17:00,96.3,75.5,119.9,232,226.8,97.4,1.6,19,21.1
8/21/2025 18:00,104.8,97.8,76.1,156.4,174,118.5,0,27.6,36.1
8/21/2025 19:00,54.4,44.6,44.6,155.5,193.9,104.1,14.5,0,28.7
8/21/2025 20:00,50.2,98.8,79.9,138,122.9,65.6,39.9,7.9,27.1
8/21/2025 21:00,45.2,55.4,62.3,153.3,152.4,75.8,14.9,37.7,62.9
8/21/2025 22:00,29.5,43.1,70.2,186.6,145.4,51,10.4,33.1,26.8
8/21/2025 23:00,19.2,68.6,69.2,151.6,153.1,53.9,13.7,19,50.6
8/22/2025 0:00,21.6,86.6,77.1,118.4,173.4,62.3,6.4,12.6,48.4
8/22/2025 1:00,14.2,56.3,60.3,160.6,150.4,55.6,11.6,23,44.7
8/22/2025 2:00,54.3,93.9,83,148,193.3,63.7,23.7,21.5,35.4
8/22/2025 3:00,13.1,73.1,91.3,170.8,137,28.6,25.9,9,25.3
8/22/2025 4:00,0,72.4,71.4,168.2,133.2,67.4,7.8,86.4,36.3
8/22/2025 5:00,35.3,94.4,67.5,199.9,154.5,45.7,14.1,30.2,41.2
8/22/2025 6:00,58.2,77.1,90.8,165.7,125.2,37.9,20.1,27.8,22.7
8/22/2025 7:00,131.1,65.6,56.8,223.1,182.8,68.6,29.9,4.4,20.8
8/22/2025 8:00,130.1,79.2,91.8,224.7,152.4,104.7,45.1,3,87.5
8/22/2025 9:00,102.7,47.1,150.2,258.7,187.3,100.1,22.8,13.1,99.6
8/22/2025 10:00,144.9,59.1,181.7,327.1,204.6,128,0,34.8,42
8/22/2025 11:00,112,68,165.5,243.6,217,115.4,20.3,0,34.6
8/22/2025 12:00,104.2,102.6,120.3,307.2,214.9,164.7,13.6,39.9,38.7
8/22/2025 13:00,136.6,83.5,173.1,301,229.6,92.2,7.1,18.1,66
8/22/2025 14:00,81.6,60.1,178.8,269.6,216,166,2.4,38.8,59.5
8/22/2025 15:00,124.9,106.1,116.9,311.2,238.1,105.2,11.7,1.4,55.5
8/22/2025 16:00,74.2,51.4,81.5,246.6,196.9,116.8,33.5,21.9,38.3
8/22/2025 17:00,77.1,47.7,45.3,224,195.4,114.2,8.4,1.3,45.9
8/22/2025 18:00,83,51.6,73,200.7,200.2,66.4,41.9,0,49.8
8/22/2025 19:00,49.7,61.8,85.9,129.8,167,86,9.9,29.4,75.5
8/22/2025 20:00,17.6,96.5,65.5,164.9,159.5,49.7,6.2,9.4,60.3
8/22/2025 21:00,38.1,76.1,39.7,166.8,157.5,27.2,7.9,14.2,50.5
8/22/2025 22:00,27.2,78.3,61.9,159.5,150.7,40,1.4,0,54.3
8/22/2025 23:00,69.1,78.8,39.2,195.9,191.5,100.8,26.3,28.4,39.6
8/23/2025 0:00,81.7,76.8,52.3,169.6,154.5,55.9,1.9,9.5,58.4
8/23/2025 1:00,47.1,65.6,62.5,161.1,147.7,44.8,9.2,11.4,31.8
8/23/2025 2:00,53.9,85.7,68.2,162.4,175.4,63.1,6.5,10.3,50.9
8/23/2025 3:00,62.2,72.6,51.2,148.8,171.1,52.8,14.4,3.5,41.8
8/23/2025 4:00,54.3,85,55,151.1,172.9,51.3,2.8,10.2,52
8/23/2025 5:00,56.1,55.8,63.9,141.8,174.1,55.8,17.4,0,45.5
8/23/2025 6:00,46.6,49.4,46.8,142.4,154.7,50.9,23.5,0,40.7
8/23/2025 7:00,66.6,66.4,58,134.1,180.9,48.7,30.5,1.2,18.7
8/23/2025 8:00,51.4,61.8,65,132.2,159.9,88.4,7.4,23,29.2
8/23/2025 9:00,50.4,49.5,45.5,161.2,172.4,84.4,20.5,15.3,49.7
8/23/2025 10:00,66.8,48.3,65.2,156.8,210.3,89.1,21.8,1.5,44.2
8/23/2025 11:00,67.6,44.9,35.3,172.9,189.8,101,8.1,33.1,36.6
8/23/2025 12:00,53.8,54.6,56.7,172.5,226.2,97.4,12.9,22.9,42.2
8/23/2025 13:00,59.4,48.5,58,174.5,201.3,101.9,4.7,7.6,36.3
8/23/2025 14:00,61.3,62.7,61.2,164.7,205.3,88.5,3.5,11.4,29.2
8/23/2025 15:00,72.8,69.5,69.3,183.2,204,90.8,25.9,3.4,45.8
8/23/2025 16:00,41.3,62.3,52.4,186.1,203.6,82,3.4,1.4,25.3
8/23/2025 17:00,76.1,68.6,77.6,164.6,165.7,88.2,0,39.5,34.3
8/23/2025 18:00,54.3,73.5,47.7,153.7,172.3,90.2,17.4,15.1,37.7
8/23/2025 19:00,57.7,67.2,47.6,163.2,164.8,83.3,9.1,8.5,23.3
8/23/2025 20:00,65.6,98,61.6,148.7,170.7,46.3,14.1,0,56.6
8/23/2025 21:00,49,76.2,46.2,157.8,173.1,81.3,18.2,28,49.6
8/23/2025 22:00,59.2,77.3,70.5,167.1,162.8,62,5.4,15.4,42.6
8/23/2025 23:00,31.4,93,43.3,162.9,164.8,59.9,20.9,0.3,43.8
8/24/2025 0:00,8.6,67.4,50.4,146.8,166.1,66.1,8,29,33.8
8/24/2025 1:00,16.6,73.5,53.2,131.2,162.1,68.8,3.7,20.8,48.6
8/24/2025 2:00,47.3,49.7,60.5,160.5,172.5,48,19.2,23.4,32
8/24/2025 3:00,23.2,69.3,56.9,159.8,134.9,67.9,6.6,9,66.1
8/24/2025 4:00,16.7,73.6,70.2,131.8,146.3,57.9,25.6,16.3,39.8
8/24/2025 5:00,35.9,70.3,64.2,128.4,137.8,50.2,5.7,33.8,22
8/24/2025 6:00,20,49.8,71.9,113.7,125.7,67.4,10.4,20.2,21.6
8/24/2025 7:00,19.6,57.7,49.4,140.2,141.1,58.4,21.6,3.2,22.5
8/24/2025 8:00,26.7,64,60.3,148.1,139.1,69.8,9.7,21.6,17.7
8/24/2025 9:00,35,58.3,63.2,147.2,134.7,74.1,4,14.9,36.4
8/24/2025 10:00,36.4,59.7,51.7,129.7,147.5,48.1,20.2,12.4,43.9
8/24/2025 11:00,56.4,41.9,54.5,150.2,142.9,88.2,17.6,19.2,38.1
8/24/2025 12:00,34.5,66.6,53.1,137.6,168.7,81.3,9.5,8.8,42.4
8/24/2025 13:00,11.2,57.4,48.5,142.3,135.1,93.3,18.3,0,42.2
8/24/2025 14:00,21.1,61.4,67.3,157,177.2,84.4,8.3,7.4,28.4
8/24/2025 15:00,27.9,63.6,53.5,153.7,156.6,60.3,10.1,0.6,19
8/24/2025 16:00,30.8,54.9,42.8,140.4,161.6,71.7,8.2,10.2,22
8/24/2025 17:00,17.8,65.5,66.6,147.9,171.3,76.2,7.9,9.8,47.4
8/24/2025 18:00,16.6,58.7,59.7,151.6,146,66.3,14.1,4.7,47.5
8/24/2025 19:00,27.9,62,67.9,145.9,157.4,78.1,5.3,8.1,41.4
8/24/2025 20:00,27.7,76.3,81.6,158.7,151.3,80.3,9.5,5,38.6
8/24/2025 21:00,42.4,83.1,67.2,157.6,145.2,74.5,5.2,15.6,58.1
8/24/2025 22:00,30.8,52.2,76.7,137.5,139.8,75.3,3.2,5,42
8/24/2025 23:00,3.9,75.5,58.7,152.3,175.7,58.3,8.4,0.9,44.5
8/25/2025 0:00,49.5,46.2,54.3,94.9,151.3,72.2,4.2,6.6,10.2
8/25/2025 1:00,9.2,85,96.2,122.1,129.1,37.4,9.4,9.8,43.3
8/25/2025 2:00,17.4,31.7,55,125.8,175.2,61.2,3.9,16.5,25.3
8/25/2025 3:00,26,95.3,92.5,143,149.5,51.9,0,17.3,56.2
8/25/2025 4:00,53.9,57.6,57.4,180.6,143.3,24.7,26.9,8.7,26.4
8/25/2025 5:00,7.3,70,79.9,159.5,152.4,75.5,0,36.5,49.2
8/25/2025 6:00,73.7,83.1,94.3,203.8,142.3,55.2,43.6,24.1,33.2
8/25/2025 7:00,109.1,59.1,61.9,176.3,151.5,88.9,6.6,7.7,40.4
8/25/2025 8:00,91.6,102.3,67.3,212.5,218.1,119.4,15.2,0,42.4
8/25/2025 9:00,112.9,130.1,137.4,255.2,196.5,123,30,0,88.2
8/25/2025 10:00,84.2,111.2,151,271.2,187.6,136.4,0,5,77.4
8/25/2025 11:00,103.3,107.9,122.8,328.5,220.8,171.3,16.2,1.7,59.9
8/25/2025 12:00,108.5,198.2,156.3,265.7,243.8,190.1,0,41.1,72.8
8/25/2025 13:00,88.3,113,147,284.5,249.3,130.3,0,29.1,27
8/25/2025 14:00,119.1,118.2,153.8,292.9,219.8,164.6,6.5,26.3,84.8
8/25/2025 15:00,75.3,129.3,126.5,284.6,192.7,172.3,54.2,10.8,45.8
8/25/2025 16:00,79.7,107.8,111.1,252.6,201.5,169.7,10.2,2.5,17.2
8/25/2025 17:00,76.6,87.9,107.7,245.1,198.8,124.8,16.7,1,49.5
8/25/2025 18:00,41.3,100.8,61.1,202,210.7,158.4,35.6,0,36.7
8/25/2025 19:00,63.2,60.9,70.2,196.5,175.6,141.6,22.3,0,39.3
8/25/2025 20:00,63.9,63.2,65.6,146.1,112,81,5.1,20.4,72.5
8/25/2025 21:00,35.9,87.3,41.1,166,182.5,26.7,21.9,23.6,42.2
8/25/2025 22:00,60.7,76.7,67.6,166.8,141.8,89.1,8.9,39,38.1
8/25/2025 23:00,53,24.9,58.7,142.1,143.4,117,13.1,21.4,33.2
8/26/2025 0:00,39.9,65,34.5,143.9,148.5,63.4,51.8,11.9,41.7
8/26/2025 1:00,42.8,73.6,47.5,137.4,175.7,60.2,13.7,2.8,10.9
8/26/2025 2:00,16.6,77.8,43,126,132.9,32.1,0,20.1,68.8
8/26/2025 3:00,31.9,64.2,79.3,166.9,171.7,65.7,7.5,13.1,38
8/26/2025 4:00,10.5,57.2,19.7,145.2,143.1,89.8,19.9,1.9,30.4
8/26/2025 5:00,23.4,53.3,112.7,135.2,127.1,68,32.2,14.1,52.8
8/26/2025 6:00,30.7,51.8,43.9,195.2,156.2,43.2,0,5.1,41.4
8/26/2025 7:00,69.9,122.1,76.1,200.8,126.7,76.9,2.2,0,31.3
8/26/2025 8:00,103.4,133.7,113.1,254.8,173,103.4,29.2,13.5,28
8/26/2025 9:00,72.5,120.7,97.7,303.9,195.6,127,23.6,42.9,47.7
8/26/2025 10:00,121.9,189,152.1,322.6,187.7,150.8,46,0,30.1
8/26/2025 11:00,120.7,142.2,143.3,357.7,219,177.2,23.5,2,60.4
8/26/2025 12:00,106.5,135.3,125.1,323.3,197.6,136.5,4.7,20.5,37.7
8/26/2025 13:00,105.1,123.6,114.7,311,222.4,168.6,35.2,31.7,77.7
8/26/2025 14:00,133.8,137.5,181.7,345.2,201.6,172.3,0.5,10.5,56.2
8/26/2025 15:00,150.7,119.4,116,289.8,186.8,182.1,4.5,0,74.4
8/26/2025 16:00,67.9,162.8,102.5,307.4,219.5,173.2,21.3,12,50
8/26/2025 17:00,77.8,97.7,134,231.9,208.8,182.6,36.2,9.1,42.1
8/26/2025 18:00,78.7,65.4,95.4,205.5,172.8,136.5,0,46.5,58.5
8/26/2025 19:00,50.2,112.3,69.9,193.4,184.5,139.7,29.6,0,55
8/26/2025 20:00,2.5,55.5,78.8,166.9,179.2,83.9,10.5,15.8,73.4
8/26/2025 21:00,40.1,91.2,68,145.3,176,92.4,0,26.3,55.2
8/26/2025 22:00,41.6,82.1,73.8,176.6,177.5,94.5,20.2,5.2,13.4
8/26/2025 23:00,21.3,21.4,110.4,167.2,147.8,100.6,7.9,7.5,29.2
8/27/2025 0:00,0,73,70.4,144.9,156.5,111.5,10.8,28.4,61
8/27/2025 1:00,45.9,57.9,42.4,162.4,125.9,91.6,3.8,17.1,33.1
8/27/2025 2:00,74,39.2,62.5,140.4,147.6,124.6,0,5.3,38.7
8/27/2025 3:00,23,106.7,77.6,172.5,166.5,67.6,6.1,41.8,53.9
8/27/2025 4:00,16,63.1,96.8,175.5,170,83.4,0,6.9,50.7
8/27/2025 5:00,2.7,98.9,65.5,197.5,193.4,87.7,11.4,19.5,50.1
8/27/2025 6:00,50.1,69.4,65,226,170.3,82.6,18.9,25.1,82.9
8/27/2025 7:00,168.1,91.6,87.7,246.2,216.5,157.9,7.1,45.8,66.3
8/27/2025 8:00,184.3,173.6,152,338,251.6,184.1,21.4,12.4,52.9
8/27/2025 9:00,149.9,206.5,255,410.8,287.4,206.8,3.6,17.2,87.3
8/27/2025 10:00,200.5,266.6,293.9,489.5,313.7,223.3,1.1,25.4,92.1
8/27/2025 11:00,257.6,351.6,247.5,554.4,364.6,248.4,32.2,22.5,116.6
8/27/2025 12:00,220,329.3,319.9,560.9,375.1,256,0,49.4,88.1
8/27/2025 13:00,236.4,352.3,296.4,536.8,344.1,246.6,6.9,16,92
8/27/2025 14:00,247.8,322.9,290.4,514.8,382.6,240.9,14.5,13,110
8/27/2025 15:00,212.4,328.4,287.4,498.9,396.3,249.8,0,0,41
8/27/2025 16:00,250.1,285.5,274.6,485.5,360.2,227.2,24.8,19.3,68.6
8/27/2025 17:00,286.3,261.3,208.9,419,348.4,244.1,10.5,33.9,67.8
8/27/2025 18:00,217.7,249.6,189.4,361.4,321.6,228.3,10.1,5.2,70.4
8/27/2025 19:00,198.6,168.2,117.4,252.9,286.8,183.7,0,6.9,35
8/27/2025 20:00,106.1,146.5,90.1,220.4,254.4,148.9,0,41.5,41.8
8/27/2025 21:00,34.7,140.9,94,209.2,191.6,67.3,17.9,44,52.7
8/27/2025 22:00,58.4,98.6,64.1,166.8,234,61.4,1.1,8.9,38.3
8/27/2025 23:00,23.5,98.9,75.6,195.8,247.8,76.6,26.9,0,50.8
8/28/2025 0:00,25.5,103.6,56.4,171.2,196.8,89.4,17,10.4,61.1
8/28/2025 1:00,20.2,111.5,48.4,136.5,179,75.8,0.5,12.9,28.9
8/28/2025 2:00,30.6,69.6,71.1,160.6,167.5,106.8,5.6,30,74.6
8/28/2025 3:00,47.8,65.6,45.4,205.8,189,106.3,20.5,13.8,65.7
8/28/2025 4:00,19.2,78.9,57.5,144.8,179,73.3,23.5,35.1,74.7
8/28/2025 5:00,60.2,63.1,89.4,144.8,160.4,80.5,0.2,13.2,56.1
8/28/2025 6:00,21.2,46.8,30.9,196.8,116.2,48.9,19,5,23.2
8/28/2025 7:00,90.5,68.4,74,163,159.5,97.4,37.8,27.8,41.2
8/28/2025 8:00,100.8,62.5,106.7,211.4,162,80,9.1,10,47
8/28/2025 9:00,82.3,38.5,119.5,269.7,178.9,119.7,19.7,0,25.7
8/28/2025 10:00,146.1,24.2,196.7,278.8,208.1,168.7,36.3,0.3,74.4
8/28/2025 11:00,92.9,76.7,160.2,302.8,245.2,136.4,34.7,15.5,88.9
8/28/2025 12:00,101,100.5,152.7,322.3,228.9,172.9,17.5,24.2,36.3
8/28/2025 13:00,109.7,52.7,163.9,264.2,235.3,148.4,0,56.1,61.4
8/28/2025 14:00,148.7,49.4,136.2,279.6,258,156.6,34.8,29.5,67.8
8/28/2025 15:00,91,46.9,161.1,242.4,216.9,189.4,57.5,38,55.6
8/28/2025 16:00,125.5,62.7,123.8,248.9,233.8,149.1,0,7.8,54.6
8/28/2025 17:00,89.9,84.2,121.9,238.7,230.4,93.4,0,22.2,27.5
8/28/2025 18:00,96.8,94.4,66.3,151.4,178.4,109.6,0,28.9,41.5
8/28/2025 19:00,47,34.7,39.6,154.6,197,111.2,24.3,3.6,26
8/28/2025 20:00,45.4,102.2,86,146.4,132.8,58.3,42.7,9.2,31.4
8/28/2025 21:00,51.4,63.5,58.4,157.4,147.6,69.8,22.1,29,63.1
8/28/2025 22:00,34.8,49.8,79.5,182.1,143.8,49.2,5.6,25.7,29.8
8/28/2025 23:00,12.9,72,72.1,158.1,150.9,55.3,17.9,10.3,49.2
8/29/2025 0:00,25.2,79.6,75.6,118.5,164.1,70.4,14.2,7.8,40.9
8/29/2025 1:00,10.9,48.1,57.8,163.3,154.6,54.8,7.6,24.4,37.6
8/29/2025 2:00,46.1,94.1,80,140.5,194.7,60,16.7,16.1,30.6
8/29/2025 3:00,10.2,77.6,86.3,161.4,130.8,32.9,31.2,9.5,31.8
8/29/2025 4:00,4.9,64.4,70.7,165.6,137.7,73,15.8,92,41.4
8/29/2025 5:00,31.4,89.5,71,201.8,148.9,45.5,20.2,24,33.4
8/29/2025 6:00,64,71.7,97.3,159.3,125.9,40.5,26.1,31.4,16.1
8/29/2025 7:00,127.7,75.4,54.7,230.5,188.5,62.1,31.9,14.2,19.1
8/29/2025 8:00,125.3,75.1,83.8,226.4,160.5,107.4,48.3,6.9,84.3
8/29/2025 9:00,98.6,46.4,150.4,255.7,190.7,90.2,26.4,13.8,107.9
8/29/2025 10:00,151.9,51.1,184.9,320.4,204.7,123.5,4.4,29.9,47.9
8/29/2025 11:00,111.4,61.5,172.4,251.5,223.9,120.6,23.4,1.2,28.8
8/29/2025 12:00,111.5,93.4,117.8,312.2,221.7,158.1,23.5,39,30.6
8/29/2025 13:00,138.3,79.3,176,304.8,237.1,97.5,2.3,26.9,68.8
8/29/2025 14:00,90.5,66.1,181,265.3,209.6,165.8,0.8,41.6,51
8/29/2025 15:00,116.3,102.4,112.9,308.9,230.1,110.5,9.5,10.3,63.5
8/29/2025 16:00,82,56.2,73.7,239.9,189.5,108.6,24.2,12.9,38.1
8/29/2025 17:00,77.1,39.6,36.6,225.4,190.6,116.5,12.6,10.1,40.8
8/29/2025 18:00,90.3,56.8,82.8,210,206.4,69.1,43.3,0,45
8/29/2025 19:00,47.3,52.7,88.7,136.9,172.3,84.1,3.7,39.3,71.4
8/29/2025 20:00,13.6,103.5,72.7,167.8,153.2,59,10.7,4.9,59.2
8/29/2025 21:00,29.2,79.4,34.9,170.4,161.1,24.9,2.3,17.8,56.2
8/29/2025 22:00,34.3,71.7,66.1,154.9,147.4,30.8,2.1,0,58.3
8/29/2025 23:00,61.8,76,47,194.1,183.3,94.8,32,25.6,41
8/30/2025 0:00,78.7,76.2,50.3,164.8,153.1,54.6,6,12.1,59.3
8/30/2025 1:00,46.2,66.8,59,163.9,150.1,39.9,10.9,15.2,34.4
8/30/2025 2:00,54.6,89.5,70.9,165.1,173.5,61.3,6.6,7.5,47.4
8/30/2025 3:00,66.3,68.5,55.2,143.9,174,56.1,17.9,1.3,39.7
8/30/2025 4:00,53.9,88.1,58.1,155.2,171.2,48.2,6.2,9.4,49.2
8/30/2025 5:00,54.3,52.6,66.9,143.3,171.7,57.6,21.2,0,44.2
8/30/2025 6:00,48.8,48.4,47.8,143.4,152.6,52.2,20.3,0,39.3
8/30/2025 7:00,69.4,71,59.6,129.2,184.4,46.2,26.5,0,16.6
8/30/2025 8:00,51.3,59.5,66.8,129.7,159.6,90.3,3.7,18.8,33.6
8/30/2025 9:00,51.7,48.4,47.7,164.3,176.1,82.8,18.1,16,46.3
8/30/2025 10:00,63.6,51.8,66.8,154.9,211.1,85.4,24.9,0,45.5
8/30/2025 11:00,68.9,47.9,40.3,177.6,194.2,99.8,10.7,35.5,36.4
8/30/2025 12:00,48.8,56.1,54.3,173.9,221.9,98.3,9.7,27.7,41.6
8/30/2025 13:00,57.1,51.5,57.2,173.7,205.2,98.6,6.5,6.8,34.2
8/30/2025 14:00,63.9,58.8,60.1,163.5,205.3,91.7,1.9,7.1,31.6
8/30/2025 15:00,69.5,71.5,64.7,181.7,207.7,88.8,21.8,0.9,47.8
8/30/2025 16:00,43.9,57.9,54.5,183.6,202.4,79.9,2,0,21.8
8/30/2025 17:00,76,73,78.3,164.3,163.7,90.5,2.4,37.6,32.2
8/30/2025 18:00,56.9,70.1,44.6,155.5,167.8,91.2,15.5,16.4,36.5
8/30/2025 19:00,53.6,66.4,49.9,166.4,168.3,81.7,12,4.5,24.7
8/30/2025 20:00,66.7,98.9,58.8,147.7,167.1,50.2,12.4,0,51.9
8/30/2025 21:00,50.3,79.2,46.5,153.8,170.1,86.3,15.8,31.1,46.7
8/30/2025 22:00,58.2,79.1,73.3,167.2,161.9,60.4,3.3,16.3,40.6
8/30/2025 23:00,36.1,89.8,47.4,164.5,165.5,63.9,24.4,1.6,44.6
8/31/2025 0:00,7.4,66.2,52.1,150.2,170.2,64.7,7.7,27.3,31.4
8/31/2025 1:00,12,72.1,53.3,129.9,161.7,65.7,7.4,18.3,50.8
8/31/2025 2:00,44.3,45,64,162,170.7,52.5,20,19.5,34.5
8/31/2025 3:00,21.9,71.1,60.3,160.9,137.1,72.1,11,6.4,71.1
8/31/2025 4:00,11.8,77,74,129.8,149.1,56.9,21.3,14.7,38.9
8/31/2025 5:00,34.1,75,61,124.5,137.7,47.5,9.6,29.3,23.2
8/31/2025 6:00,23.3,46.1,67.9,109.3,127,69.7,10.4,18.5,18.3
8/31/2025 7:00,16.5,61.9,45.7,145.1,137.9,54.7,25.3,6.1,20.9
8/31/2025 8:00,28.5,60.1,57.9,149.5,140.4,72.1,8.5,26,14.3
8/31/2025 9:00,36.3,57.4,66.3,150.8,129.7,75,2,17.7,39.9
8/31/2025 10:00,33.9,55.2,54.3,127.3,145.2,44.8,15.7,13.6,42
8/31/2025 11:00,58.3,39.5,51.3,152.3,145.5,86.9,21.1,21.8,36.8
8/31/2025 12:00,32.9,64.7,54.9,141.5,165.4,82.8,5.9,10.1,46.1
8/31/2025 13:00,7.5,59.4,46.9,140.3,137.7,88.7,15.3,0.8,42.1
8/31/2025 14:00,19.9,63.2,63.2,153.5,177.1,88.2,7.4,3.3,25.1
8/31/2025 15:00,28.8,66.3,52.1,156.4,159.2,57.9,10.8,0,19.3
8/31/2025 16:00,27.5,55.7,45.2,144.4,157.5,72,12.3,5.5,18.8
8/31/2025 17:00,21,66.2,64.7,151,172.4,71.7,7.5,7.9,51.4
8/31/2025 18:00,14.6,63.5,62.6,154.6,147.3,71.2,12.3,8.2,42.6
8/31/2025 19:00,25.8,63.7,66.2,146.9,156.4,79.7,7.5,3.8,45.9
8/31/2025 20:00,30,74.7,79.2,160.3,156,81.8,12.3,1.3,37
8/31/2025 21:00,43.4,83.3,65.1,159.4,144,69.7,5.1,19.8,56.2
8/31/2025 22:00,29.2,54.2,80.2,139.7,135.2,77.2,4.5,4.4,39.2
8/31/2025 23:00,7.8,71.5,58.4,153.9,172.7,57.5,5.2,0,42.3
9/1/2025 0:00,59.4,49.4,61.6,104.8,148.8,69.8,6.9,9.1,15.8
9/1/2025 1:00,6.1,80,97.9,117.3,119.4,38.3,0,1.1,49.1
9/1/2025 2:00,25.4,28.6,63.9,124.2,171.6,60.7,0,20.1,28.3
9/1/2025 3:00,23.2,98.8,83.9,140.8,156.2,45,5.2,18.5,53.3
9/1/2025 4:00,47.7,55.3,65.2,171.3,137.1,28.6,20.3,4.6,25.6
9/1/2025 5:00,16.3,76.8,79.9,163.7,155.9,78.1,5.3,34.1,57.5
9/1/2025 6:00,82.1,84.3,101.6,205.2,144.8,51.2,43.4,16,41.3
9/1/2025 7:00,107.2,68.9,59.5,170.1,146.5,92.1,11.9,12.7,47.2
9/1/2025 8:00,86.2,93.4,63.3,217,222,122.6,7,0,49.3
9/1/2025 9:00,117.4,133,128.5,249.6,193.4,118.4,32.3,2,93.9
9/1/2025 10:00,76.8,104.3,158.1,271.9,180.2,138.5,2.7,8.2,77.9
9/1/2025 11:00,108,114.9,115.5,334.2,218.5,164,14.3,0,54.5
9/1/2025 12:00,110.3,205.2,150.3,273.8,245.6,196.7,9.3,38.8,66.9
9/1/2025 13:00,81.7,120.4,145.2,287.9,242.6,122.4,0,35,30.3
9/1/2025 14:00,116.4,109.7,155.2,293,226.3,169,0,33.9,82.8
9/1/2025 15:00,78.3,129.1,134.6,291.5,188.7,164.7,48.2,13.2,37.8
9/1/2025 16:00,70.4,102.6,110.3,259.4,197.3,162,7.7,0,13.8
9/1/2025 17:00,84.1,97.3,104,252.6,203.4,116.9,7,9.8,40.8
9/1/2025 18:00,36.4,91.8,65.4,195.6,212.6,152.4,32,5.7,37.8
9/1/2025 19:00,63.9,55.4,75.8,188.5,172.4,135.6,29,0,40
9/1/2025 20:00,54.9,66.1,65.4,138.7,119.8,76.3,0,17,77.3
9/1/2025 21:00,45.8,85.4,43.7,161.2,192.4,27.2,25.4,17.4,49.7
9/1/2025 22:00,63.9,71.4,61.1,173,138.7,83.1,11.4,31.1,47.5
9/1/2025 23:00,56.1,24.1,61.4,147.4,151.4,121.1,8.1,23.3,24.3
9/2/2025 0:00,30.3,71,24.6,137.6,145.7,59.3,55.7,3.3,43
9/2/2025 1:00,46.6,72.6,43,141,169.5,51,10.6,8.6,5.9
9/2/2025 2:00,14.9,84.9,48.2,122.7,141.9,32,0,14,63.9
9/2/2025 3:00,29.5,63.1,72.7,158.7,180.1,59.9,5.2,14.6,42.8
9/2/2025 4:00,11.4,49.6,25,142.3,141.2,98.5,21.7,4.6,34.2
9/2/2025 5:00,22.9,53.2,112.5,140.1,121.7,64.6,25.5,9.2,55.8
9/2/2025 6:00,23.8,54.9,49.2,191.3,160.7,33.3,6.5,3.5,36.3
9/2/2025 7:00,73.8,114.2,67.9,206.6,119.3,80.3,0,4.5,35.1
9/2/2025 8:00,106,131.9,115.4,251.4,177.7,111.5,25,12.4,27.1
9/2/2025 9:00,68.5,121.8,100.4,299.1,197.4,133.7,28.2,37.8,38.5
9/2/2025 10:00,125.1,179,150.2,318.5,181.1,154.2,47.9,5.9,32.3
9/2/2025 11:00,123.9,134,152.6,364.7,216.3,170.2,20.3,0,61.4
9/2/2025 12:00,101.9,137.4,122.8,322.7,200.6,128.3,12.5,16.7,29.5
9/2/2025 13:00,107.2,126,105.5,318.3,213.1,168.8,45.1,30.4,71.5
9/2/2025 14:00,126.5,133.6,175.7,346.9,209.1,176.8,0,19.7,62.8
9/2/2025 15:00,157.3,119.6,113.5,298.7,181.9,174.1,12.5,5.1,65.7
9/2/2025 16:00,60,156.9,92.8,298.8,220.2,168.3,18.5,8.2,58.1
9/2/2025 17:00,82.2,101.1,130.4,239.7,199.8,177.2,30,16.8,42.6
9/2/2025 18:00,71.1,74.4,102.1,205.5,182.7,146.3,9,52,49.7
9/2/2025 19:00,42.5,109.6,63.7,200.7,187.7,135.6,38,0,49.6
9/2/2025 20:00,0,46.6,82.3,164.5,182.3,83.2,8.6,12,75.1
9/2/2025 21:00,34.1,85.7,70.5,141.3,166.4,84.4,0,23.2,56.8
9/2/2025 22:00,35.6,81.2,68.8,167.7,181.3,88,24.7,2.6,12.7
9/2/2025 23:00,16.6,22.6,114.3,174.3,146.1,91.4,0.5,0,29.9
9/3/2025 0:00,0.5,75.4,67.3,137.6,154.1,107.3,15.5,30.1,66.6
9/3/2025 1:00,39.9,57.4,35,156.4,126.8,97.6,5.6,20.7,29.5
9/3/2025 2:00,78.1,42.3,60.2,138.6,147.1,120.9,0,0,41.4
9/3/2025 3:00,18.9,111,79.4,173.9,159.6,72.4,3.4,41.9,47.8
9/3/2025 4:00,6.8,55.4,90.1,183.6,173.9,75.3,3,13.6,43
9/3/2025 5:00,2.6,104.1,72,196.7,196,92.9,2.1,26.7,41.8
9/3/2025 6:00,44.3,63.8,61,222.3,166.3,73.5,26.4,23.5,76.8
9/3/2025 7:00,176.8,88.4,83.5,250.5,219.7,164.9,2.2,39.7,67.1
9/3/2025 8:00,180.9,180.2,156.6,343.6,254.8,187.4,22.1,6.4,47.2
9/3/2025 9:00,140,215.8,256.9,410.6,282.8,200.2,0,25.4,87
9/3/2025 10:00,203.9,262.4,290.7,492.1,315.8,220.5,11,31.1,93.5
9/3/2025 11:00,265.7,352,255.3,547.9,357.3,247.2,35.4,19.3,118.2
9/3/2025 12:00,226.7,333.3,329.8,563.6,381.7,258.4,3.1,52.8,95.3
9/3/2025 13:00,239.8,343.2,293.3,526.9,336.2,254.2,0,19.9,84.2
9/3/2025 14:00,240.8,316.2,298.4,510.3,387,232.8,18.3,22.6,117.7
9/3/2025 15:00,204.2,321.2,284.6,504.1,388.7,256.1,0,2,46.5
9/3/2025 16:00,250.3,289.8,268.4,478.9,352.5,220.9,22.4,15.9,62.5
9/3/2025 17:00,290.8,265.7,217.9,424.3,340.5,242.1,11.4,35.5,73.9
9/3/2025 18:00,209.7,241.7,197.8,361.2,315.6,237.5,9.6,14.5,72.7
9/3/2025 19:00,193.7,170.4,115.5,258.2,280.8,179.1,0,9.2,34.1
9/3/2025 20:00,100.7,140.3,84.7,212.2,249.7,146.6,3.9,39.9,31.8
9/3/2025 21:00,44.5,149.5,98.5,211.5,192.1,74.3,20.5,37.2,57.8
9/3/2025 22:00,54.3,96.5,56.7,169.5,228,67.4,0,8,40.3
9/3/2025 23:00,22.8,98,80.3,193.9,251.9,79.6,30.1,5.8,50.7
9/4/2025 0:00,17.5,109.2,58.2,180.5,192.7,95.3,20.2,1.2,54.6
9/4/2025 1:00,13.7,115.8,41.8,134.2,169.8,68.1,0,7.3,29
9/4/2025 2:00,21.4,61.8,68.4,151.4,167.4,110.7,7.7,20.1,74.9
9/4/2025 3:00,43.6,63.9,48.4,199.8,183.2,97.5,13.2,8.3,74.7
9/4/2025 4:00,25.2,87.4,48.2,142.3,187.7,82.1,30.1,29.7,70.7
9/4/2025 5:00,56.5,69.8,96.9,135.1,157,73.7,0,15.7,63.4
9/4/2025 6:00,26,48.6,26,193.2,106.3,47.2,23.4,0,18.2
9/4/2025 7:00,82.4,73.8,74.7,169.7,162.9,99.2,30.2,32.5,36.7
9/4/2025 8:00,106,61.5,97.7,205.2,170.1,86,1.4,19.1,48.2
9/4/2025 9:00,73.2,41.7,129.4,273.2,185.6,123.3,11.8,0,21.9
9/4/2025 10:00,153.1,33.3,199.9,281.3,211.5,162.3,30.3,5.1,73.2
9/4/2025 11:00,96.2,69.4,163.3,297.8,238.2,134,28.7,9.6,98.4
9/4/2025 12:00,94.4,100.5,143.1,326.2,220.7,170.1,12.8,17.9,45.2
9/4/2025 13:00,106.9,53.3,167.7,261.1,235.5,139,0.5,65.9,61.2
9/4/2025 14:00,147.5,40.4,134.5,272.2,262.5,160.3,28.8,26.8,64.2
9/4/2025 15:00,93.4,55.6,158.7,240.1,208.9,196.2,61.6,29.5,65.1
9/4/2025 16:00,133.1,69.5,124.7,250.7,228.9,158.6,0,0,54
9/4/2025 17:00,81.8,83.9,121.4,232,225,86,0,14.5,20.8
9/4/2025 18:00,103.1,94.6,59.4,157.9,188.2,118,0,24.7,32.8
9/4/2025 19:00,40.7,43.1,43.5,150.6,192.9,103.5,18.5,0,24.6
9/4/2025 20:00,43.4,95.7,88.6,142.2,132.1,56.5,51.4,10.9,27.5
9/4/2025 21:00,60.6,65.1,54.4,162,139.6,60.7,18.7,34.3,71.6
9/4/2025 22:00,30.2,54.4,82.7,184,137.3,44.4,0,16.6,28.7
9/4/2025 23:00,10.6,64.6,75.3,154.9,141.7,51.6,21.3,0.9,52
9/5/2025 0:00,32.2,77.3,71,126.3,159.9,74.5,22.3,1.8,41.7
9/5/2025 1:00,16.9,50.1,59.9,173.2,160.6,58.4,14.3,17.9,31.3
9/5/2025 2:00,49.1,101.8,72.7,137.4,191,65.4,20.1,23.8,36.2
9/5/2025 3:00,16.1,77.7,92.9,169.4,135.6,34.4,24.2,13.9,37.1
9/5/2025 4:00,0,62.1,62.8,162.8,129.6,74.3,7.6,88.8,35.7
9/5/2025 5:00,35.3,99.1,75.4,195.6,154.1,55.1,20.4,25.1,33.4
9/5/2025 6:00,55.2,80,89.7,168.3,116.8,43.9,30.6,25,12.5
9/5/2025 7:00,136.5,80.6,47,238.9,195.5,58.9,23.9,4.6,19.7
9/5/2025 8:00,118.5,70.6,75.9,224.5,163.8,107.9,43.4,13.8,76.4
9/5/2025 9:00,96.9,55.7,144.4,250.3,184.1,94.2,21,22,103.9
9/5/2025 10:00,153.7,60.5,178.9,324.9,201.9,115.4,14.2,20.3,50.1
9/5/2025 11:00,117.4,60.6,167.7,244.1,222.7,123.8,19.3,4.7,30.2
9/5/2025 12:00,115.1,86.1,118.3,316.9,224.1,153.1,22.8,36.6,23.7
9/5/2025 13:00,131.9,77.6,170,306.6,244.7,94.4,0,32.6,61.9
9/5/2025 14:00,88.1,70.1,185.1,258.7,201.5,169.3,0,33.8,56.3
9/5/2025 15:00,113.5,107.4,108.8,306.2,236.4,108.2,0.3,19,69.2
9/5/2025 16:00,72.6,52.2,64.5,242.9,183.2,115.4,20,9,45.1
9/5/2025 17:00,80.8,43.6,36.5,216.1,188.6,117.7,18.6,4.9,43
9/5/2025 18:00,97.1,64,77,217.5,215.6,78.9,39.6,6.2,38.1
9/5/2025 19:00,56.8,56.9,97.4,132,167.7,75.2,8.5,42.5,80.5
9/5/2025 20:00,6.2,112.2,69.3,168.5,150.9,61.9,2.6,13.7,68.8
9/5/2025 21:00,37.6,82.1,25,161.4,168.1,18,7.5,27.3,59.3
9/5/2025 22:00,26.6,65.7,69.5,164.8,153.4,37.8,0,10,64.1
9/5/2025 23:00,60,78.5,55.1,197.3,186.3,101.8,39,33.2,46.6
9/6/2025 0:00,74.2,74.1,53.7,166.3,156.1,58.3,7.6,15.9,57
9/6/2025 1:00,43.8,65.3,60.7,159.1,146.2,35.6,7.6,10.9,38.7
9/6/2025 2:00,52.7,91.2,67.4,167,175.5,61.2,5.2,3.9,47.1
9/6/2025 3:00,68.3,73.3,51.1,143.1,169.6,53.5,17.3,5.5,43.3
9/6/2025 4:00,55.7,89.6,58.2,154,175.6,52.9,7.4,12.3,47.2
9/6/2025 5:00,57,57.2,69.1,143.8,168.3,53.1,25,0,40.6
9/6/2025 6:00,49.6,48.4,43.8,143.1,151.8,49.4,16.2,0,37.6
9/6/2025 7:00,70.1,72.9,57.2,125.7,185.3,47.6,29.6,0,15.1
9/6/2025 8:00,56.1,57.7,64.1,131.7,162.6,89.3,0.5,19.8,36.1
9/6/2025 9:00,53.4,44.6,52.6,165.6,177.9,80.1,17.1,20.8,45.8
9/6/2025 10:00,62,50.3,64.8,152.9,207.9,85,29.5,0,44.8
9/6/2025 11:00,69.1,47.7,39.9,179.2,193,102.8,8.4,31,35.3
9/6/2025 12:00,50.8,56.8,50.3,175.5,220.5,97.8,8.6,28.9,40.8
9/6/2025 13:00,53.1,53.2,53.9,171.4,200.5,102.2,10,3.7,36.8
9/6/2025 14:00,65.5,58,55.5,164.6,207.1,91.2,4.9,7.5,30.6
9/6/2025 15:00,67,74,62.6,178.1,211.1,85,23.3,3.8,52.5
9/6/2025 16:00,42.4,61.3,57.5,186.9,207.1,79.9,5,0,20.3
9/6/2025 17:00,77.8,70.9,76.4,160.3,160,92,0,33.1,35.3
9/6/2025 18:00,55.7,73.6,47,157.7,172,87.2,17.5,19.4,41.2
9/6/2025 19:00,57,69.5,45.8,162.6,164.4,80.8,7.6,8.2,27.4
9/6/2025 20:00,67.3,99.1,61.4,143.8,166.2,50.8,16.8,3.5,47.1
9/6/2025 21:00,55.2,74.5,42,149.9,165.6,81.3,12.4,35.8,48.7
9/6/2025 22:00,53.7,75.6,76.8,164.2,159.5,56.3,2.5,20.2,37.7
9/6/2025 23:00,37.5,91.5,49,161.5,163.6,64.9,25.3,0,46.8
9/7/2025 0:00,4,63.2,48.8,147.8,172.2,65.9,10.7,23.1,29.3
9/7/2025 1:00,15.5,74.6,51.9,130.1,163.5,63.7,9.2,18,49.5
9/7/2025 2:00,47.8,41.6,63.4,159,173.4,52.6,16.8,21.1,32.7
9/7/2025 3:00,25.6,69,61.5,162.9,137.9,69.2,9.8,2,74
9/7/2025 4:00,7.5,74.5,77.8,127.8,149.8,58.6,19.9,14.8,37.2
9/7/2025 5:00,34,78.4,56.9,119.9,142.5,52,4.9,31.8,23.8
9/7/2025 6:00,20.7,48,71,109.3,128.7,68.3,12.2,20,15.3
9/7/2025 7:00,21.2,59.9,42.5,142.2,136.3,50.2,28.7,6.2,18
9/7/2025 8:00,24,62.6,56.9,153.8,140.6,69.3,13.2,26,14.3
9/7/2025 9:00,33.5,52.7,70.9,149.1,131.7,74.5,0,17.3,43.5
9/7/2025 10:00,35.3,58.3,52,122.3,141.2,45.4,19.9,11.8,38.1
9/7/2025 11:00,57.3,35.5,50.2,154,147.1,88.1,17.2,20.5,34.2
9/7/2025 12:00,30.2,68.4,58.4,145.6,162.9,82.5,5,12,44.4
9/7/2025 13:00,7.1,61.8,49.9,143.7,136.2,90.3,10.8,3,41.9
9/7/2025 14:00,22.9,66.8,64.7,155.2,178.9,90.4,5,3.2,27.3
9/7/2025 15:00,28.3,68.7,55.1,152.9,158,54,8.9,0,19
9/7/2025 16:00,31.1,56.3,41.3,140.3,160.9,74.6,14.3,4.5,23.5
9/7/2025 17:00,20.5,63.6,66.7,151.1,173,68.9,9.3,12.1,46.9
9/7/2025 18:00,10.8,66.3,58.2,156.8,152.2,69.6,15,9,44.2
9/7/2025 19:00,25.8,66.7,70.6,142.9,151.9,83,8.3,0,47.8
9/7/2025 20:00,31.5,72.6,75.8,157.9,157.4,86.4,13,0,41.1
9/7/2025 21:00,39.4,84.9,64.3,156.7,140.6,67.6,9.9,16.8,56.1
9/7/2025 22:00,28.3,58.5,81.1,144.6,138.7,77.4,6.2,8,37
9/7/2025 23:00,8.4,70.4,61.4,151.9,176.2,59.5,3.6,0,43.4
9/8/2025 0:00,49.4,58.5,65.2,104.1,156.2,60.7,7.4,5.2,13.3
9/8/2025 1:00,0,89.5,91.5,109.3,110.9,31.6,4,8.9,41.1
9/8/2025 2:00,27.5,24.9,61.5,117.7,171.4,53.5,0,21.5,31.1
9/8/2025 3:00,25.6,99.8,81.1,131.6,151,49.3,8.4,27.2,48.8
9/8/2025 4:00,43.8,45.6,55.8,167.1,146.5,33,15.3,2.1,23
9/8/2025 5:00,16.5,71.8,83.6,169.7,146.9,70.2,2.2,35.1,66
9/8/2025 6:00,76.2,86.7,108.4,201.5,139.3,53.4,46.9,8.7,33.5
9/8/2025 7:00,110.6,74.5,69,174.9,149.4,85.9,9.6,4.4,39.9
9/8/2025 8:00,95.2,100.8,55.9,208.9,220.1,131.2,13.8,0,54.3
9/8/2025 9:00,114.7,139.6,136.9,254.8,188.1,116.3,33.5,0,90.4
9/8/2025 10:00,67.9,112.5,150.4,262.8,179.4,137.6,12.5,9.9,83.4
9/8/2025 11:00,102.5,119,113.7,341.2,224.5,169.6,5.4,0,52.8
9/8/2025 12:00,109.4,208.2,141.2,277.1,244.6,201,12.2,41.2,59.9
9/8/2025 13:00,82.9,125.5,140.4,281.3,249.7,114.6,0,33.5,23.3
9/8/2025 14:00,118.8,110.6,151.5,290.2,225.2,167.3,7,33.3,78.8
9/8/2025 15:00,77.8,131.2,138.7,290.3,181.1,173.2,55.2,11.4,31.8
9/8/2025 16:00,73.5,108.1,113.9,261.8,197.2,168.7,15.1,6.1,5.6
9/8/2025 17:00,88.4,106.6,109.4,260.2,206.5,118.7,0,6.1,35.7
9/8/2025 18:00,28.7,87.7,66.9,187.5,204.7,157.8,31.8,3.3,39.3
9/8/2025 19:00,69.1,48.9,77.1,194.8,170.6,134.6,23.8,0,45.3
9/8/2025 20:00,49.3,69.8,75,132.4,120.9,79.5,9.4,11.7,72.5
9/8/2025 21:00,42.6,79.1,47.1,159.2,182.4,36.3,16.4,20.3,50.3
9/8/2025 22:00,70.5,64.9,57.9,182.2,130.5,75.8,5.9,28.3,43.3
9/8/2025 23:00,65.4,24.4,61.9,142.8,153.5,121.1,11,14.9,14.7
9/9/2025 0:00,26.1,68.5,28.6,135.3,148.1,59.9,53.8,10.2,48.4
9/9/2025 1:00,47,71.2,34.9,148,165.6,42,5.3,8.9,0
9/9/2025 2:00,18.9,86,51.4,128.7,142.1,40.7,0,16.9,69.6
9/9/2025 3:00,20.4,55.7,67.7,161.7,174.2,66.7,11.2,20.3,47
9/9/2025 4:00,4.7,51.3,21.9,148.2,144.6,98.2,20.7,13.1,30.5
9/9/2025 5:00,15.7,48.3,116,132.4,130.7,64.8,32.6,1.2,62.9
9/9/2025 6:00,28.1,51.5,46.9,195.2,158,41.7,5.4,0,44.4
9/9/2025 7:00,78.2,118.4,74.7,197.8,110.4,73.8,0,0,34
9/9/2025 8:00,98.1,125,116.6,260.2,172.2,113.1,24.9,6.4,34.8
9/9/2025 9:00,70.7,114.9,110.2,292.3,196.5,138.3,31.3,31.7,32.2
9/9/2025 10:00,118.9,175.5,141.3,316.8,182.3,146.8,40,2.5,31.7
9/9/2025 11:00,132.5,125,155.5,366.5,218.7,167.9,18.5,0,60.6
9/9/2025 12:00,99.8,146,115.9,328.7,200.1,130.3,13.6,23,26.2
9/9/2025 13:00,106.3,128.3,112.5,321.9,216.2,176.5,35.1,34.1,75.1
9/9/2025 14:00,132.1,136.8,182.7,340.5,213.4,176.9,0,15.2,66.9
9/9/2025 15:00,161.6,119.4,120.9,296.3,174.2,171.8,14.6,9.2,60.8
9/9/2025 16:00,52.2,158.4,84.3,296,225.4,177.9,20.9,18.2,63.1
9/9/2025 17:00,80.5,98.3,130.2,230.3,194.2,185.5,26.1,26.8,33.1
9/9/2025 18:00,79.6,80.1,96.9,209.2,179.5,151.5,9.2,57,42.1
9/9/2025 19:00,49.2,106,73.1,207.5,194.3,131.1,32.1,4.8,47.8
9/9/2025 20:00,1.8,41,73.3,174,191.6,92.5,12,20.2,73
9/9/2025 21:00,39.5,79.4,65,133.9,162.2,93.8,9,13.4,56.5
9/9/2025 22:00,34.6,72.6,71.7,176.1,181.7,87.1,22,0,3.7
9/9/2025 23:00,19.8,22.7,112.4,166.6,150.1,84.1,0,6.4,30.5
9/10/2025 0:00,9.6,73.7,62,135.8,145,105.6,10,35.8,74.9
9/10/2025 1:00,32.6,58.1,34.2,147.3,120.1,101.6,4.7,18.8,29.7
9/10/2025 2:00,78.1,34.1,66.2,133.8,139.9,125.9,1.2,0,31.7
9/10/2025 3:00,19.5,105.4,78.4,170.2,163.9,68.4,5.8,43.5,46.5
9/10/2025 4:00,0,49.7,97.2,187.7,178.3,79.3,2.5,16.7,33.6
9/10/2025 5:00,11.3,100.7,70.9,200.3,188.1,100.1,5.2,26.1,41.9
9/10/2025 6:00,51.1,61,53.4,227.7,168.5,77.7,30.7,23.8,82.8
9/10/2025 7:00,176.5,82.8,83.4,252,213.5,173.6,0,44.9,72.9
9/10/2025 8:00,181.1,185.3,159.7,344.9,263.4,190.1,27.3,0,47
9/10/2025 9:00,148.4,216.4,249,420.2,280.7,194.2,0,23.4,88.5
9/10/2025 10:00,197.4,272.3,288.9,495.5,314.9,223,7.8,25.6,96.2
9/10/2025 11:00,267.3,358.5,256.4,544.7,362.9,243,42,24.3,122.9
9/10/2025 12:00,231.3,342.9,319.8,564.1,386,255.3,12.4,52.3,96.6
9/10/2025 13:00,232.4,333.4,285.1,530.9,328.4,257.6,0,20.2,93.7
9/10/2025 14:00,238.5,319.6,300.5,502.2,385.3,242.4,18.7,28.3,123.3
9/10/2025 15:00,206.2,320.1,287,507.3,397.2,259.1,4,7.2,47.1
9/10/2025 16:00,258,297.9,264.5,473.9,359.2,230.1,13.3,20.4,68.5
9/10/2025 17:00,290.9,268,218.1,421.2,342.3,242.2,4.7,34.7,80.8
9/10/2025 18:00,207.4,244.1,191.9,364.7,321,241.4,2.4,20.3,64.5
9/10/2025 19:00,203.3,179.6,118.9,255.9,279.8,175.5,4.3,5.5,42.5
9/10/2025 20:00,109,144,93.7,219,252.9,138.9,8.3,33.7,34
9/10/2025 21:00,49.7,145.9,95.8,212.7,201.2,71.3,12.6,42.6,67.7
9/10/2025 22:00,49.8,104.8,47.8,179.3,220.7,67,2.2,12,45.3
9/10/2025 23:00,32.1,106.9,74.8,185,251.9,81,23.9,0,56
9/11/2025 0:00,26.9,106.9,57.3,183.4,193.3,98.6,28.8,0.2,53.2
9/11/2025 1:00,12.8,116.6,43,127.3,160.8,66.4,0,8.5,24.5
9/11/2025 2:00,14.1,57.5,70.8,158.4,176.1,115.7,6.8,17.6,73.9
9/11/2025 3:00,41.9,72.1,47.9,206.8,190,104.3,18.8,9.9,82.3
9/11/2025 4:00,29.2,93.8,51.3,149.7,187.4,77.8,34.4,22.3,75.5
9/11/2025 5:00,61.5,67.3,101.2,126.6,157.2,80.6,0,24.6,66.4
9/11/2025 6:00,22,54.7,18.3,193,114.7,53.4,21.7,0,9.7
9/11/2025 7:00,86.4,72.7,79.9,164.5,156.4,99.7,38.7,38.7,39.7
9/11/2025 8:00,113.2,52.4,92.1,214.6,171.7,76.5,8.1,25.8,45
9/11/2025 9:00,77.4,49.7,126.2,264.2,190.2,116.2,13.6,0,22.5
9/11/2025 10:00,161.8,27.2,206.5,275.8,204.1,165.7,35.7,3.5,77.1
9/11/2025 11:00,98.9,69.7,172.6,300.7,235.9,128,27.7,13.3,104.8
9/11/2025 12:00,88.4,109.5,138.9,324.3,222.7,175.1,16,16,43.8
9/11/2025 13:00,109.4,46.6,168.1,255.8,243.2,132.2,9.6,71.5,51.6
9/11/2025 14:00,143.3,49.5,138.5,271.4,262.6,156,21.5,27.6,65.7
9/11/2025 15:00,90.3,56.4,149.6,246.1,206.6,191.2,61.6,26,55.2
9/11/2025 16:00,136.5,59.6,118,249.7,238.5,165.4,0.6,0,60.6
9/11/2025 17:00,91.4,75.2,114.2,239.1,233.3,89.8,0,20.2,11.2
9/11/2025 18:00,106.1,98,63.7,156.8,193.4,113.9,8.7,33.1,27.3
9/11/2025 19:00,49.9,48.6,47.9,143,188.4,108.6,25.3,0,23.1
9/11/2025 20:00,43.5,103,80.7,142.1,141.4,47.1,51.1,20,22.7
9/11/2025 21:00,64.5,63.6,56.6,165.1,149,67,18.9,30.9,66.1
9/11/2025 22:00,26.6,46.5,76.5,176.1,136.4,36.4,8.4,19.2,32.2
9/11/2025 23:00,2.9,65.4,83.9,153.1,134.4,59,14.8,3,48.5
9/12/2025 0:00,29.2,81.4,68.9,127.4,158.2,79.3,23.9,4,40.9
9/12/2025 1:00,16.5,59.6,59,163.2,164.6,65.7,18.9,25.2,34.6
9/12/2025 2:00,50.5,107.3,78.3,129.2,196,70.2,12.7,33.4,41.6
9/12/2025 3:00,19.4,80.6,97.2,171.5,131.6,35.6,21.9,8,38.6
9/12/2025 4:00,0,70.9,55,165.2,133.6,69.1,9.6,86.6,32.8
9/12/2025 5:00,40.3,104,73.7,191.7,161.3,60.8,28.1,25.8,41
9/12/2025 6:00,62,73.1,98.2,168.5,121,49.9,30.7,18.8,19.8
9/12/2025 7:00,132.2,79.8,53.7,233,204.2,54.7,21.6,0,12.8
9/12/2025 8:00,125.4,67.2,77.7,227.9,166.5,111.2,53,15.2,81.9
9/12/2025 9:00,103.1,47.5,149.8,259.3,178.1,102.7,29.3,21,98
9/12/2025 10:00,154.2,51.6,177.9,322.2,204.4,113.2,19.4,28.2,43.7
9/12/2025 11:00,107.9,66.5,170.9,235.2,218.5,132.9,14.8,0,20.7
9/12/2025 12:00,108,87.3,127.4,311.4,221,162.6,32.1,28.7,25.7
9/12/2025 13:00,135.3,79.1,162.7,305.7,248.1,90.7,9.4,33.7,68.8
9/12/2025 14:00,82.1,64.7,185.1,259.9,211.1,170.3,0,24.4,61.9
9/12/2025 15:00,118.5,102.6,109.4,308.6,239.4,98.5,0,22.8,70
9/12/2025 16:00,65.8,50,55.5,242.4,192.4,110.4,18.3,8.8,54.2
9/12/2025 17:00,76.5,46.2,45.2,219.2,188.7,120.1,22.6,0,39.5
9/12/2025 18:00,92.1,62.7,83.8,221.8,219.5,84.5,44.6,0,34.4
9/12/2025 19:00,63.6,47.2,97.1,124.3,164.1,82.6,4.5,51.8,75.1
9/12/2025 20:00,10,115.7,69.5,173.7,143.2,68.5,6.6,9.4,63
9/12/2025 21:00,33.5,82.8,33.4,155.8,165.1,26.2,14.7,22,55.4
9/12/2025 22:00,31.7,68.5,63,161.6,153,41.9,4.2,13.2,62.6
9/12/2025 23:00,50.6,80.9,56.7,203.9,187.7,104.8,47.7,24.6,42
9/13/2025 0:00,77.3,76.7,56,170.9,157.8,60.9,8.9,11.5,61.4
9/13/2025 1:00,39.8,66.2,57,157,145.4,36.1,4.6,11.1,35.9
9/13/2025 2:00,56.4,93.2,66.3,167.2,178,62.2,6.4,0.6,45.7
9/13/2025 3:00,70.7,69,52.1,145.1,173,56.3,15.2,9.1,39.7
9/13/2025 4:00,59.3,93.9,62,149.5,173.5,57.5,5.9,11.4,51.2
9/13/2025 5:00,59.4,53.3,69.1,140.4,171.8,51,26.7,0,40
9/13/2025 6:00,50.2,51.3,42.6,139.5,154.9,46.2,21,0,40.9
9/13/2025 7:00,67.5,70.9,62,127.9,185.5,49.4,31.1,0.4,13.9
9/13/2025 8:00,58.9,53.6,68.3,133.9,157.9,86.2,5.1,19.6,35.5
9/13/2025 9:00,56.4,47.3,55.2,161.7,174.4,76.8,17.1,16.5,48.2
9/13/2025 10:00,59.9,49.7,62.5,154,209.6,85.1,31.4,4.6,47.2
9/13/2025 11:00,70.7,46.7,44.5,176.1,190,101.6,6.6,34.7,34.1
9/13/2025 12:00,55.1,58.4,55,179.8,223,97.1,4.8,25.2,40.3
9/13/2025 13:00,52,52.9,53.4,170.3,197.1,102.8,8.5,0.8,35.8
9/13/2025 14:00,70.1,58.3,51.8,164.2,205,87.5,4.7,6.8,27.7
9/13/2025 15:00,71.8,70.4,61.7,180.9,208.6,85.8,24,5.9,51.3
9/13/2025 16:00,40.5,60.2,59.5,189.1,210.5,77.5,6.7,0,23.4
9/13/2025 17:00,78.3,73.9,78.9,156.4,161.9,90.3,0,34.1,31.2
9/13/2025 18:00,50.8,74.1,45,156.8,170,89.3,20,23.8,38
9/13/2025 19:00,54.5,74.1,47.8,166.9,166.9,77.3,11,9.1,31.5
9/13/2025 20:00,68.5,95.5,65,147.2,161.5,47.3,14.7,3.5,49.3
9/13/2025 21:00,58,76.3,44.1,150.8,168.7,79.5,15.9,37.6,44.9
9/13/2025 22:00,57.4,79.7,81.2,166.9,155.5,51.8,5.6,18,40.3
9/13/2025 23:00,40.8,94.5,50.3,161,167.3,69.2,25.5,0,43
9/14/2025 0:00,8.1,65.5,45.8,149.4,174.6,67.1,6,19.5,29.2
9/14/2025 1:00,17.5,73.3,53.1,134.7,167.1,65.3,5.7,13.6,50.5
9/14/2025 2:00,49.3,46.1,61.3,155.3,175.8,52.5,18.5,20.1,35.2
9/14/2025 3:00,28.2,69.5,60,162.9,138.5,69.9,6.8,5.1,72.2
9/14/2025 4:00,8,75.1,79.5,128.1,147.2,57.2,22.4,15.1,34.1
9/14/2025 5:00,35,74.6,61.7,115.4,145.3,54.8,1.5,35.9,28.7
9/14/2025 6:00,23.5,43.1,72.5,113.7,131.7,66.5,10.1,23.8,18.3
9/14/2025 7:00,25.8,60.9,47.1,145.6,134.2,47.4,26.2,5.8,16.6
9/14/2025 8:00,21.9,63,56.9,153.6,142.2,66.1,16.6,26.8,11.9
9/14/2025 9:00,30.3,57.2,72.8,149.2,136,70.2,1.9,19.7,39.6
9/14/2025 10:00,37.1,56.3,50.2,126.5,140.1,45.5,17.9,9.7,37.7
9/14/2025 11:00,54.2,38,46.4,150.8,151.7,87.3,19.7,24.3,29.3
9/14/2025 12:00,26.9,72.4,56.9,146.4,167.7,82.9,0.3,11.6,47.4
9/14/2025 13:00,7.2,60.2,49.7,146,134.3,86.2,13.9,5,40.9
9/14/2025 14:00,21.7,65.9,65.4,151.5,179.4,87.6,1,5.3,30.9
9/14/2025 15:00,27.6,70.2,56.8,151.8,153.1,51.1,12.6,0,17.5
9/14/2025 16:00,31.7,56.4,40.5,141.3,158.4,72.9,16.7,5.6,28
9/14/2025 17:00,16.8,60.2,69.2,154.9,174.2,67.5,12.9,15.2,50.3
9/14/2025 18:00,11.6,63.5,61.6,156.8,155,66.8,17.4,5.8,43.5
9/14/2025 19:00,23.4,70,68.5,141.7,155.6,85.5,8.9,0,51.3
9/14/2025 20:00,29.8,69.5,79.3,162.7,160.7,86.7,10.4,4,39.1
9/14/2025 21:00,41.5,81.7,67.4,160.9,144.7,72.6,12.7,19.1,61.1
9/14/2025 22:00,24.8,61.5,81.3,147.2,140.7,80.6,9.2,7.6,32.8
9/14/2025 23:00,4.9,73.9,56.7,149.6,177.7,64.3,1.5,4.1,44.8
9/15/2025 0:00,45.9,65.5,58.1,113.4,161.3,50.9,10.7,0,11.1
9/15/2025 1:00,0,98.1,94.9,118.7,111.8,35,12.5,10.3,40.5
9/15/2025 2:00,36.1,34.8,55.5,116.8,173.5,52.4,0,19.4,40.1
9/15/2025 3:00,27.9,99,86.1,124.3,156.5,57.4,17.5,36.1,44.3
9/15/2025 4:00,47,46.6,49,165.4,155.8,35.3,24.8,0,25.9
9/15/2025 5:00,16.3,67.6,79.3,173.7,142.8,72.6,0,42.5,62.5
9/15/2025 6:00,77.7,78,103.4,206.5,132.8,62.6,47.9,4.2,26.3
9/15/2025 7:00,107.8,66.5,75.8,170.9,153.1,89.6,0,7,34.9
9/15/2025 8:00,100.9,105.3,59.7,212.9,213.8,127.6,8.8,0,55.6
9/15/2025 9:00,111.1,139.3,132.8,262,181.6,124.6,35.9,8.3,83
9/15/2025 10:00,62.3,109.1,155.5,267,179.7,146.5,18.1,13.9,76.5
9/15/2025 11:00,96.2,111.6,104.3,349.9,222,167.3,12.8,4.4,56.7
9/15/2025 12:00,100.8,211.3,147.5,279.8,243.2,201.8,18.8,35.5,65.1
9/15/2025 13:00,83,117.5,132.4,275.3,250.8,110.3,8.2,33.4,14.5
9/15/2025 14:00,117.1,113,158.9,292.7,217.8,175.5,11.1,43.1,84.8
9/15/2025 15:00,78.5,139.2,143.5,286.1,182.8,179.6,58.2,12.5,39.1
9/15/2025 16:00,65.3,104.5,121.2,258.7,192.3,166.2,20.2,16,8.8
9/15/2025 17:00,82.8,105.6,114.2,263.6,203.1,124.8,0.9,0,33.1
9/15/2025 18:00,23,90,68.1,197.1,208.9,156.7,33.9,0,37.6
9/15/2025 19:00,65.7,45,71.9,197.8,163.7,125.5,29.3,5.3,38.4
9/15/2025 20:00,46.5,71.5,80.7,141.6,114,87.5,18.7,8.2,65.9
9/15/2025 21:00,37,80.4,53.1,159.3,178.9,30.2,12.3,19.3,59
9/15/2025 22:00,75.6,62.2,53.7,186.1,121.5,76.1,0,23.4,52.6
9/15/2025 23:00,66,20.7,65.2,139.2,162.1,130.1,14.7,15,19.5
9/16/2025 0:00,36,67.1,37.1,127.6,150.4,53.2,47.5,9.4,54.6
9/16/2025 1:00,53.5,61.3,32.7,145,168.8,51.1,0,0.4,0
9/16/2025 2:00,28.5,80.9,60.5,128.3,141.9,41.5,0.3,20.8,77.2
9/16/2025 3:00,10.6,50.1,77.2,163.1,175.7,56.8,8.7,25.3,39.2
9/16/2025 4:00,8.1,56.1,18.2,151.5,141.8,89.5,19.3,10.7,23.7
9/16/2025 5:00,14.6,47,117,130.7,136.4,68.2,33.7,6.1,62.9
9/16/2025 6:00,36.2,58.3,37.2,200.2,154.4,47.2,0,7.1,40.5
9/16/2025 7:00,80.5,111.1,69.7,204.6,104.8,81.1,1.7,0,36.5
9/16/2025 8:00,100.5,129.7,119,255.9,165.9,111.6,20,0,43
9/16/2025 9:00,79.9,122.5,115.8,299.2,187.9,130.4,27.9,24,27.5
9/16/2025 10:00,122.6,174.8,148.7,323,182.4,147.6,44.2,10.8,28.1
9/16/2025 11:00,128.9,122.2,162.1,367,217,172,11.6,0,66.3
9/16/2025 12:00,108.1,142.1,124.1,319.2,200.8,139.8,6.7,28,22.8
9/16/2025 13:00,115.2,129.3,116.6,314.8,208,182,31.6,33.8,82.9
9/16/2025 14:00,129.8,130.3,185.7,343.9,207.8,179.8,0,6.6,57.6
9/16/2025 15:00,162.4,121.5,126,290.3,168.5,180.6,23.2,10.2,68.2
9/16/2025 16:00,47.9,165.2,85.2,301,222,182.8,23.2,13,71.4
9/16/2025 17:00,88.7,105.5,132.3,223.5,191.4,178.6,29.3,35.8,24
9/16/2025 18:00,86,72.9,102.4,204.9,173.9,150.7,9,49.8,39.6
9/16/2025 19:00,46.7,106.8,82.4,202.5,199.4,127.7,33.6,11.2,49.8
9/16/2025 20:00,7.9,36.3,69.2,180.8,192.2,84.3,9.2,27,73.5
9/16/2025 21:00,38.4,87.1,58.5,137.7,172.1,84.9,14.7,6.8,49.7
9/16/2025 22:00,25.5,64.1,75.4,172,188.2,93,18.4,0,0
9/16/2025 23:00,27.8,14.2,106.1,171.7,159.7,85.3,0,0,38.4
9/17/2025 0:00,3.5,64.1,55.5,126.4,135.2,107.1,3.7,31.7,66.7
9/17/2025 1:00,32.9,58.2,34.5,153.6,123.5,96.2,0,19.5,39.5
9/17/2025 2:00,87.1,24.7,63.7,125.8,138.8,121.1,1.3,0,23.9
9/17/2025 3:00,12.8,107,77,177.6,172,66.2,4.1,35.1,46
9/17/2025 4:00,9.1,47.8,98.3,192.5,180.6,81.9,3.2,22,43.3
9/17/2025 5:00,12.1,102.5,63.5,207.6,190.5,98.8,0,29.6,49
9/17/2025 6:00,41.2,69.1,55.1,232.5,177.7,68,25.1,16.9,83.5
9/17/2025 7:00,167.8,83.8,78.5,253.2,217.2,177.1,0,42.1,65.6
9/17/2025 8:00,184.5,186.2,156.3,339.7,259.8,190.8,23.9,0,49.1
9/17/2025 9:00,153.9,226.4,253.2,425.9,289,197,0,14.1,91.2
9/17/2025 10:00,204.7,271.7,282,501.5,323.8,225.4,2.2,29.1,92.4
9/17/2025 11:00,265.8,364,249.5,540.5,360.6,248.1,47.1,18.6,122.3
9/17/2025 12:00,223.4,340.2,316.3,567.4,386.8,257,13,56.2,104.7
9/17/2025 13:00,233.2,327.9,276.1,539.4,324.1,261.6,9.9,26.9,86.3
9/17/2025 14:00,242.6,325,309.1,500,393.5,233.9,25.2,34.5,126.4
9/17/2025 15:00,215.7,324.8,289.3,516.4,403.6,267.7,13.6,10,44.4
9/17/2025 16:00,263.5,293.7,267.7,483.4,356.7,222.2,3.5,24.7,70.8
9/17/2025 17:00,293.8,267.3,217.9,417.5,348.4,247.9,8.1,42.6,85.1
9/17/2025 18:00,216.2,244.3,193.4,365.7,319.9,237.4,1.3,18.1,64.1
9/17/2025 19:00,208.2,177.5,116.1,246.2,270.7,167.2,12.4,1.7,47.5
9/17/2025 20:00,102.1,144,99.4,214,260.9,144.2,10.6,24.7,41
9/17/2025 21:00,48.9,149.2,92.2,215.1,195.1,70.1,15,32.7,61.6
9/17/2025 22:00,46.4,111.8,42.2,184.9,221,64.9,11.4,17.4,39.7
9/17/2025 23:00,23.9,113,68.5,192.4,260.9,84.2,27.6,5.3,48.6
9/18/2025 0:00,18,109.2,48.7,190,186.6,98.1,25.2,8.8,62
9/18/2025 1:00,18.7,109.9,43.1,135.5,169.9,67.1,8.3,6,19
9/18/2025 2:00,15.3,57.8,69.1,162.5,176.9,108.4,15.7,12.4,65.5
9/18/2025 3:00,43.4,71,48.6,209.8,180.1,102.1,16.5,1.7,74.2
9/18/2025 4:00,23.8,87.4,43.1,154.8,178.7,83.7,35.2,20.7,73.6
9/18/2025 5:00,56.7,76.3,95.6,127.5,160.6,81.5,0,34.4,74.1
9/18/2025 6:00,19.8,57.9,12.6,195.1,120.2,62.6,29.9,0,1.8
9/18/2025 7:00,89,82.1,76.5,170,163.7,92.6,45.1,32.5,34.2
9/18/2025 8:00,111.9,57.1,89.3,223.9,170.2,80,5.6,29.2,38.7
9/18/2025 9:00,67.7,49.4,120.6,260.1,182.3,124.5,19.7,0,25.7
9/18/2025 10:00,165.3,24.4,211.6,269.3,204.9,171.6,34.6,11.1,73.7
9/18/2025 11:00,99.6,64.1,173.2,304.4,240,132.6,18.6,19.2,114.3
9/18/2025 12:00,91.2,109.3,148.8,318,232.2,172.6,24,22.6,47.2
9/18/2025 13:00,111.8,37.9,174.6,249.3,248.7,141.2,3.5,64.9,52
9/18/2025 14:00,148.4,46.9,148.1,271.7,265.5,157.1,21.8,20.9,67.2
9/18/2025 15:00,92,47.3,139.8,243.6,215.4,192.3,70.6,24.3,62.9
9/18/2025 16:00,140.5,53.7,121.4,248.3,243.4,157.9,0,0,65.8
9/18/2025 17:00,82.9,83.4,113.1,240.2,226.4,79.9,9.1,16.7,3.8
9/18/2025 18:00,114.7,95.2,71.8,149.4,192.6,115.8,9.5,34.3,25.7
9/18/2025 19:00,42,48,50.2,144.7,185,109.3,15.4,0,26.3
9/18/2025 20:00,49.2,102.1,83.1,137.2,133.2,56,42.4,14.1,24.3
9/18/2025 21:00,60.5,54.5,65.8,161.7,140.1,63.1,22.3,31.7,74.8
9/18/2025 22:00,18.3,56.1,80.2,180.3,142.3,41.4,13.9,28,22.9
9/18/2025 23:00,8.2,61.9,80.3,146.2,135.6,67.1,22.1,0,56.6
9/19/2025 0:00,28,85.5,77.2,120.5,159.7,76.2,22.4,0,38.6
9/19/2025 1:00,14.4,60,67.9,159.7,159.2,64,11,22.3,25.6
9/19/2025 2:00,53.7,113.9,76,120.2,191.2,73.1,13.5,26.9,35.6
9/19/2025 3:00,18.9,87.3,98,180.1,129.4,35.9,26,6,32.2
9/19/2025 4:00,0.7,66.2,50.7,167.5,136.2,62.3,19.1,82.9,25.7
9/19/2025 5:00,33,104.9,81.9,194.9,160,55.2,33.6,23.6,31.7
9/19/2025 6:00,59.8,66.6,104.6,168.3,111.3,56.6,33.6,18,25.7
9/19/2025 7:00,138.1,82.9,51.2,234.5,207.7,48.6,30.4,0,6
9/19/2025 8:00,126.3,64.5,83.8,225.1,167.2,104.8,57.9,21.5,78.4
9/19/2025 9:00,112.3,50.6,148.7,265,180.9,108.7,22.4,24,99.4
9/19/2025 10:00,147.1,58.3,168.8,318.6,206.8,120.2,18.6,25.6,43.4
9/19/2025 11:00,111.4,66.8,178.9,229.6,223.6,139.9,11.4,0,17.6
9/19/2025 12:00,116.3,84.8,121.3,305.1,222.7,171.2,23.9,23.1,28.3
9/19/2025 13:00,141.2,87.2,163,297.1,252.1,100.6,0.5,29.7,75.1
9/19/2025 14:00,86.7,65,194.1,260,202.6,169.5,5.9,26.4,63.4
9/19/2025 15:00,116,99.7,102.7,306.9,248,99.5,1.2,32.5,69
9/19/2025 16:00,74.8,57.4,64.6,243.1,184.5,106.2,19.8,0.8,48.5
9/19/2025 17:00,77.6,45.9,46,211,194.4,111.4,17.2,0.7,41.9
9/19/2025 18:00,93.2,62.3,73.9,216.2,215.5,76.5,39.8,9.8,35.3
9/19/2025 19:00,56.1,49.3,88.4,118.6,155.8,87.1,2.3,58.8,67.5
9/19/2025 20:00,0.1,115.7,72.9,170.3,148.5,68.2,9.2,2.8,58.6
9/19/2025 21:00,35.4,75.6,38.9,153,163.9,22.8,13.4,31.2,60.8
9/19/2025 22:00,32.4,61.8,70.3,156,150.9,34.5,0,15.2,71.1
9/19/2025 23:00,59.5,72.4,55.2,209,190.9,107.9,51.2,34.2,38.7
9/20/2025 0:00,75.3,78.1,52,171.2,157.5,56.9,9.2,13.5,65.3
9/20/2025 1:00,42.3,63.3,57.4,162,145.7,37.3,6,12.9,33.5
9/20/2025 2:00,60.4,90.1,68.3,170.4,174.4,66.2,7.6,5.3,48.8
9/20/2025 3:00,69.1,67.6,56.9,149.9,171.9,54.5,17.8,11,39.6
9/20/2025 4:00,58.4,96.1,64.8,144.6,176.5,57,6.8,9.7,51.7
9/20/2025 5:00,60.9,49.5,70.6,142.1,172.3,52.2,28.7,1.4,41.6
9/20/2025 6:00,50.3,48.6,47,139,159.5,44.3,16.7,3.8,42.6
9/20/2025 7:00,64.1,74,64.5,131.9,181.9,50.2,35.4,0,12.3
9/20/2025 8:00,56.1,55.8,64.8,135,159.7,86.9,1.2,23.1,35.7
9/20/2025 9:00,59.7,47.1,54.8,162.9,178.5,75.4,20,16.3,43.8
9/20/2025 10:00,56.8,49.5,60.8,158.6,212.6,83.3,29.4,3,45.9
9/20/2025 11:00,67.5,43.8,40.4,177.9,192.3,100.9,2.5,35.8,35.5
9/20/2025 12:00,58.1,55,50.5,178,221.7,92.1,7.5,26.1,44.9
9/20/2025 13:00,55.5,56.2,56.3,174.5,201.6,100.3,7.9,0,32.1
9/20/2025 14:00,73.6,53.5,52.4,168.6,205.5,84.7,3.7,8.2,25
9/20/2025 15:00,76.1,65.8,62.4,179.8,209.2,88.2,25.6,3.2,50.9
9/20/2025 16:00,45.4,60.9,56.8,189.5,206.7,76.9,6.4,0.9,19.5
9/20/2025 17:00,77.9,70.5,76.5,154.2,157,93.7,0.3,39,31.7
9/20/2025 18:00,51.3,75.4,43.9,160.9,171,85.6,16.4,21.1,36
9/20/2025 19:00,52.4,69.5,49.1,170.1,167.3,79.6,9.9,10.3,35.2
9/20/2025 20:00,64.2,96.2,64.3,145.9,166,51.1,17.7,7.5,47.4
9/20/2025 21:00,54,71.9,39.3,153.8,166.7,79.1,16.4,35.7,44.3
9/20/2025 22:00,59.7,77.3,82.9,166.4,158,50.4,10.2,20.4,45.1
9/20/2025 23:00,40.7,91.3,50.6,156.4,171.3,67.3,21.9,2.6,38.8
9/21/2025 0:00,6.4,70.1,47.2,153.4,173,67.6,7.8,20.7,32.9
9/21/2025 1:00,13.8,74.3,54.3,131.6,166.2,62.1,9.8,9.2,50.5
9/21/2025 2:00,50.9,46.7,63.9,155.4,177.3,53.6,21.5,18.8,34.2
9/21/2025 3:00,24.2,64.7,60.9,167.4,138.6,73.3,9.1,3.1,76.6
9/21/2025 4:00,9.2,77.3,81.5,124.8,143.8,60.8,21.1,11.6,39.1
9/21/2025 5:00,39,76.2,57.4,120,142.5,51.2,6,32.9,25.6
9/21/2025 6:00,21.7,40.9,76.8,114.1,135,66.9,10.6,19.2,21.7
9/21/2025 7:00,25.3,56.8,43.2,140.7,131.1,45,26.8,10,13.8
9/21/2025 8:00,23.1,62.5,59.8,149.3,139,70,12.8,27.8,7.1
9/21/2025 9:00,28.4,62.1,70.8,150.9,139,66,0,24.2,41.9
9/21/2025 10:00,37.9,60,46.1,129.2,143.6,41.3,18.9,12.1,36.2
9/21/2025 11:00,54.9,34.7,49.1,154.4,155.2,82.5,20.1,22.6,30.3
9/21/2025 12:00,25.5,75.7,56.3,145.6,172,83,4.8,9.4,43.9
9/21/2025 13:00,5.4,61.2,48.7,142,139.2,81.5,11.9,6.4,44.5
9/21/2025 14:00,21,68.8,67,151.9,179,88.4,3.5,7.9,31.2
9/21/2025 15:00,22.6,73.4,56.5,153.8,153.6,50.2,16.6,0.2,20.5
9/21/2025 16:00,29.2,53.2,40.8,146.1,156.3,73.8,15.1,10.4,26.6
9/21/2025 17:00,14,61.8,65.6,157.7,169.9,71.6,12,16.7,47.6
9/21/2025 18:00,14,61.1,60.5,158.3,151,67.3,18.9,3.7,48
9/21/2025 19:00,22.8,72.2,71.5,146.1,157.9,85.9,9,0,51.6
9/21/2025 20:00,33.2,67.9,79.8,165.2,160.6,91.7,7,7.5,37.8
9/21/2025 21:00,37.8,81.2,72,157.4,143,72.3,9.9,17.4,57.1
9/21/2025 22:00,27.1,62.4,77.7,146.8,137,83.4,12.5,5,29.5
9/21/2025 23:00,8.7,71.2,58.5,147.9,179.3,63,0,4.5,46.1
9/22/2025 0:00,45.2,63.2,66.4,105.2,153.3,45.4,4.3,8.1,13.5
9/22/2025 1:00,0,90.3,100.8,109.8,114.2,40.4,18.5,13.6,47.4
9/22/2025 2:00,32.2,28.8,60.1,122.7,181.5,57.1,7,14.4,45.1
9/22/2025 3:00,28.9,106.2,83.6,125.5,152.9,53.2,24.5,39.8,37.3
9/22/2025 4:00,40.5,46.7,58,166.9,154.8,34.6,33.4,4.4,34.7
9/22/2025 5:00,18.4,66,80.4,168.3,145.1,72.8,9.9,44.7,64.7
9/22/2025 6:00,84.5,71,104.5,201.7,128.9,60.5,47.1,1.8,33.5
9/22/2025 7:00,115,58.4,68.3,168.7,154.8,89.6,1,3.4,30.5
9/22/2025 8:00,93.7,104.8,49.8,215.5,215.1,130.9,4.6,0,64.8
9/22/2025 9:00,111.9,141.6,134.7,260.7,178.9,131.6,27.2,0,92
9/22/2025 10:00,57.6,99.9,156.2,257.3,176,152.6,10.1,21.3,72.4
9/22/2025 11:00,103.9,117.3,113.2,353.4,220.6,169.6,17.3,0,64.7
9/22/2025 12:00,92.3,211.4,143.6,280.5,233.3,195.1,18.5,29.3,74.5
9/22/2025 13:00,74.5,109.9,137.4,278.1,245.7,110.6,4.8,36.1,22.4
9/22/2025 14:00,107.5,112.6,167,295.1,212.2,174.4,3.7,35.9,84.2
9/22/2025 15:00,78.6,131.8,140.4,291.2,187.6,173.2,61.3,6.6,31.8
9/22/2025 16:00,55.9,106.6,119.5,260.4,191,175.2,12.2,7.8,17.6
9/22/2025 17:00,84.4,112.2,117.1,267.6,209.9,128,3.3,1.9,23.1
9/22/2025 18:00,21.1,97.9,68.4,188.6,201.6,166.1,41.9,6.6,32.6
9/22/2025 19:00,67.5,50.5,65.1,206.4,168.4,130.2,25.7,13.9,39.5
9/22/2025 20:00,54.6,74.5,75.1,133.7,121.6,87.2,17.7,2.9,62.1
9/22/2025 21:00,38,80.8,59.8,165,178.2,27.4,14.6,10.9,67.5
9/22/2025 22:00,76.5,59.6,47.6,182.1,118.7,70.5,0,27.9,54.9
9/22/2025 23:00,76,11.6,58.8,130.9,158.2,129.9,16.4,11.2,28.7
9/23/2025 0:00,35.4,67.7,43.1,132.9,151.4,44.5,48.8,13.8,45.8
9/23/2025 1:00,59,55.9,39.7,143.8,162.3,48.5,0,0,0
9/23/2025 2:00,25.8,86.9,67.5,126.2,144,32.4,0,14.3,70.1
9/23/2025 3:00,5.1,55.9,85.8,166.3,182.5,50.9,7.3,20.3,45.6
9/23/2025 4:00,13.5,53.7,28.1,151,149,97.7,9.4,6.4,29
9/23/2025 5:00,19.3,48.8,116.2,131.4,129.2,65.4,28.6,5.1,69
9/23/2025 6:00,32,63.1,38.2,192.9,155.2,46.6,0,9.8,49.5
9/23/2025 7:00,79.8,116.3,65.5,202.4,100.1,80.2,6.5,0,31.3
9/23/2025 8:00,100.7,133.6,110.3,261.8,173.6,102.5,18.7,5.6,48.7
9/23/2025 9:00,77.8,114.5,107.8,300.1,179.4,140,34.7,15.6,30.4
9/23/2025 10:00,122.6,167.5,153.2,332.2,173.9,144.1,36.9,20.3,25.9
9/23/2025 11:00,132.2,121.7,161.8,359.9,207.4,176.1,16.3,0,60.2
9/23/2025 12:00,115.1,136.8,120.7,322.7,200.9,140.2,14.3,21.4,29.5
9/23/2025 13:00,121.3,136.5,109.2,323.1,198.6,188.6,30.9,32.6,74.3
9/23/2025 14:00,132.1,126,188.8,349.8,209.4,186.5,0,6.7,66.9
9/23/2025 15:00,155.7,129,118,294.9,166.6,175.9,19.3,14.9,63.7
9/23/2025 16:00,48.2,163.4,87.6,298.5,223.8,183.7,24.2,18.2,79.3
9/23/2025 17:00,87.6,99.3,140.3,232.5,199.5,172.1,22.8,42.2,16.5
9/23/2025 18:00,79.6,77.1,98.8,206,174.9,153.8,11.1,55.7,44.4
9/23/2025 19:00,55.7,112.6,81.4,203.6,200.3,125,40.4,1.6,58.7
9/23/2025 20:00,11.1,37.9,71.5,173.3,202.2,87.4,16.4,24.6,66.5
9/23/2025 21:00,47.8,79.5,54.6,127.8,171.5,91.6,7.5,13.9,48.6
9/23/2025 22:00,30.2,54.2,77.1,173.9,193.7,93.3,19.2,5.2,3.4
9/23/2025 23:00,27.5,17.3,107.4,172.4,157,82.8,0,8.4,43.6
9/24/2025 0:00,0.7,67.9,52.8,135.3,129.7,115.2,11.4,33.6,56.9
9/24/2025 1:00,27.3,54.5,30.8,149.7,128.9,96.5,0,12.6,31.8
9/24/2025 2:00,86.9,21.9,62.3,130.8,143.5,118.2,0,4.5,20.1
9/24/2025 3:00,4.1,100.1,67.1,185.7,167.8,73.6,0,30.2,38.1
9/24/2025 4:00,6.5,50.8,93.2,189.4,179.9,81.6,3.3,21.3,45.9
9/24/2025 5:00,3,97.6,57.9,205.9,190.7,98.4,0,28.7,48.4
9/24/2025 6:00,35.3,76.2,59.9,235.4,175.6,70.1,26.7,14.4,86.7
9/24/2025 7:00,176,82.3,77.2,253.5,217.2,177.1,0,44.2,61.6
9/24/2025 8:00,181.7,183.5,163.1,332.9,263.1,183.6,25.7,0,41.6
9/24/2025 9:00,153.3,221.9,245.9,420.3,296,190.3,8.1,6.8,96.1
9/24/2025 10:00,203.8,275.3,286.7,508.2,329.9,216.9,3.2,28.5,91.5
9/24/2025 11:00,256.7,369.1,257.1,534.4,362.9,251,48,11.7,113.7
9/24/2025 12:00,233,338.5,315.6,561,380.1,251.2,23,50,114.3
9/24/2025 13:00,229.7,333.6,273.3,545.4,324.4,255.3,9.3,17.2,94.5
9/24/2025 14:00,246.7,324.6,305.2,507,392.4,231.1,30.7,34.5,123.2
9/24/2025 15:00,216.1,322.2,290.3,523.4,397.2,272,10.9,14.5,39.8
9/24/2025 16:00,270.1,294.8,261.2,492,365.7,214.6,0,24.5,80.6
9/24/2025 17:00,300.5,262.4,220,427.4,351.6,242.5,13.5,51.1,82.7
9/24/2025 18:00,211.5,240.4,200.2,364.9,329.3,243.6,6,26.9,71.9
9/24/2025 19:00,209.1,174.4,123.3,247.2,275.4,171.6,8.2,11.1,39.8
9/24/2025 20:00,95.6,148.1,92.2,209.8,260.6,143.8,9.9,22.2,40.3
9/24/2025 21:00,52,153.9,93,206.4,192.3,69.7,15.2,32.5,63.3
9/24/2025 22:00,43.7,118.9,37.5,176.9,215.4,59.1,9.3,20.2,47.2
9/24/2025 23:00,27,116.2,76.2,196.9,260.7,77.4,27.6,7.1,52.4
9/25/2025 0:00,24.7,114.2,40.2,189.7,177.9,104.8,28.5,7,67.9
9/25/2025 1:00,19,108.8,34.6,132.1,167.3,57.5,15.3,0,24.2
9/25/2025 2:00,12.8,61.8,59.5,155.1,167.8,99.3,21.8,20.8,60
9/25/2025 3:00,51.5,64.2,48.7,212.9,174.2,103.6,18.8,0,66.3
9/25/2025 4:00,24.1,81.7,33.7,146.8,186.9,76.9,28.5,22,83.6
9/25/2025 5:00,53.8,74.3,97.2,129.9,157.8,84.1,0.3,28.3,76.2
9/25/2025 6:00,27.2,54.7,10.7,203.1,119.6,53.4,28.8,0,3.8
9/25/2025 7:00,88.7,83.1,78.3,166.4,162.8,94,38.7,27.6,31.5
9/25/2025 8:00,111.5,61,97.4,222.9,161.1,71.1,14.6,37.5,46.1
9/25/2025 9:00,69.8,53.5,121.6,262.4,191.9,119.7,22.9,4.4,29
9/25/2025 10:00,165.3,17.6,212.5,265.4,201.4,165.2,44,11.3,80.4
9/25/2025 11:00,92.4,73.4,183.2,306.1,244.1,141.8,23.3,19,123.6
9/25/2025 12:00,84.5,99.4,148.2,319.3,232.6,174.6,23.7,26.4,45.6
9/25/2025 13:00,103.3,29.7,180.1,246.6,255.3,142.5,0.7,68.8,54.8
9/25/2025 14:00,151.3,39.8,145.4,268,272.2,147.5,16.2,23.9,74.5
9/25/2025 15:00,86.2,55.8,134.3,242.2,210.7,196.7,70.4,32.8,58.5
9/25/2025 16:00,134.2,52.4,126.8,238.4,244.3,161.1,0,4.7,70.3
9/25/2025 17:00,80.1,74.7,117.8,235.1,219.9,75.6,6.5,11.5,0
9/25/2025 18:00,119,89.6,67.6,143.8,195.7,107.5,0.4,25,20.7
9/25/2025 19:00,34.4,39.6,49.5,149.5,182.3,108.3,9.5,6.3,26.5
9/25/2025 20:00,43.8,92.9,83.3,135.9,136.3,65.9,50.6,16.7,22.7
9/25/2025 21:00,66.7,52.2,63.7,168.5,146.8,70.4,19.5,35.2,81.5
9/25/2025 22:00,22.7,65.8,80.2,173,142.6,34.8,13.3,31.9,32.6
9/25/2025 23:00,7.8,64.2,83.6,150.9,133.1,73.7,21.2,2.9,48.3
9/26/2025 0:00,27.6,85.9,84.2,128.1,167.8,78.2,13.3,0,30.6
9/26/2025 1:00,8.6,64.2,74,159,159.5,69.9,20.6,21.4,31.7
9/26/2025 2:00,46.9,115.8,78.3,117.4,188.3,79.5,10,30.5,30.5
9/26/2025 3:00,25.6,96.2,91.3,176.2,136.8,29.5,30.1,1.1,32.1
9/26/2025 4:00,0,72.6,51,168.5,135.9,65.5,19.5,84.9,27.5
9/26/2025 5:00,23.9,107.7,80.8,188.4,159.6,50.5,40.2,32.6,35
9/26/2025 6:00,61.3,65.4,98.2,170.4,113.4,61.1,40.3,24.8,17.8
9/26/2025 7:00,131.3,76.9,60.2,241.3,207.7,45.5,25.7,0,11.6
9/26/2025 8:00,128.9,67.6,87,232.3,160,103.9,58.8,26.9,82.6
9/26/2025 9:00,103.1,56.7,158.1,257.8,174.2,110.5,15.9,26.9,100.6
9/26/2025 10:00,148.5,54,173.5,319.4,198.3,114.8,21.7,33.9,50.1
9/26/2025 11:00,102.5,57.5,178.6,224.9,226.5,137.6,8.7,0,15.1
9/26/2025 12:00,111.5,86.8,118.5,312.8,216.9,163.4,27,24.8,28.7
9/26/2025 13:00,134.8,87.5,157.4,288.6,245.8,94.6,7.2,37.7,83.6
9/26/2025 14:00,95.9,59.6,193.9,251.5,199.8,176.7,6.2,26.8,61.1
9/26/2025 15:00,118,93.1,94,297.3,252.3,99.6,0,26.3,71
9/26/2025 16:00,76.1,48.1,62,243.2,176.9,104.6,27.9,0,50.3
9/26/2025 17:00,68,40.7,36.9,201.6,189,104.4,17.5,7.3,47.8
9/26/2025 18:00,97.6,52.3,68,217.8,221.7,68.4,36.9,4.9,44.4
9/26/2025 19:00,59.3,42.4,96.6,116.7,160.2,86.6,9.7,54.8,69
9/26/2025 20:00,0,125.6,70.1,172.1,148.1,70.5,8.9,12.2,50.9
9/26/2025 21:00,27.1,81.2,38.3,161.1,163.5,13.6,13,34.4,66.1
9/26/2025 22:00,31.4,58.9,69.4,157,145.1,40.2,2.1,12.9,68.3
9/26/2025 23:00,69.4,70.3,46.1,209.9,184.1,108,51.2,30.4,42.2
9/27/2025 0:00,79,79,56.8,176.2,160.8,53.1,5.6,12.6,69.3
9/27/2025 1:00,39,63.5,55.6,161.7,140.9,37.1,2.7,16.7,32.7
9/27/2025 2:00,63.7,92.5,70.3,173.2,169.8,62.5,3.4,7.6,47.7
9/27/2025 3:00,70.1,63.3,57.1,148.6,172.6,55.5,19.2,6.9,42
9/27/2025 4:00,61.3,92,68.1,141.8,173.1,60.3,3.9,11.1,50.2
9/27/2025 5:00,64.1,47.3,73.9,144.8,173.6,56.2,25.6,4.2,44.5
9/27/2025 6:00,47.1,51.9,44.6,141.3,154.9,47,15.3,2.2,46.1
9/27/2025 7:00,65.7,78.2,64.9,129.8,182.6,51.7,37.6,0,13
9/27/2025 8:00,53.7,54.3,61.5,134.6,155.3,87.1,0,25.6,35.9
9/27/2025 9:00,61.9,51.7,56.3,163,176.1,74.1,17.3,20.6,48.2
9/27/2025 10:00,55.2,47.3,59.5,157.6,209.4,78.7,32.5,2,49
9/27/2025 11:00,67,44.9,41.9,177.9,196.9,101.2,4.7,33.9,36.8
9/27/2025 12:00,59,51.9,53.9,179.6,222.7,89.4,7.3,31,47.7
9/27/2025 13:00,52.8,60.5,56.5,178,202.2,103.3,7.7,3.2,33.8
9/27/2025 14:00,72.5,54.2,51.2,171.7,200.7,87.6,0.8,3.2,20.3
9/27/2025 15:00,72.2,63.4,66.5,180.9,211.4,87,22.2,0,51.6
9/27/2025 16:00,42.4,60,57,186.2,208.3,77.8,9.7,2.9,14.7
9/27/2025 17:00,81.5,66.6,75,154.3,154.8,96.1,0,39.2,36.2
9/27/2025 18:00,51.3,71.1,47.6,160.4,166.9,88.2,11.8,22.6,32
9/27/2025 19:00,51.6,67.4,49,166.9,166.8,81.6,10.6,12.6,39.4
9/27/2025 20:00,60.7,100.7,64.1,150.4,170.9,47.1,14.3,4.2,50.4
9/27/2025 21:00,50,74.9,40.3,155.4,170.4,75.4,17.7,34.4,46.6
9/27/2025 22:00,59.5,81.9,82.9,171.1,154.7,50.2,5.6,22.4,48.6
9/27/2025 23:00,41.8,95.1,47,158.8,174.6,64.6,22.6,0,36.3
9/28/2025 0:00,1.8,73.2,43.9,153.2,174,71.2,3.4,17.5,36.1
9/28/2025 1:00,16.6,75,50.1,130.2,169.1,59.9,7.4,13.7,48.9
9/28/2025 2:00,50.9,48.6,65.3,152.6,180.5,57.4,18.3,18.3,38.9
9/28/2025 3:00,20.4,69.4,58,167.3,135.4,72.4,13.7,6.2,74.1
9/28/2025 4:00,9,77.9,78.4,120.4,145.4,57.7,22.1,8.5,38.6
9/28/2025 5:00,35.3,78.9,56,118.7,140.1,53.3,6.6,28.5,21.1
9/28/2025 6:00,22.7,43.5,79,109.5,137.2,69.8,5.8,16,21.3
9/28/2025 7:00,28.6,61.4,39.4,137.8,129.5,45.8,29,12.6,18.7
9/28/2025 8:00,27.1,62.1,57.1,153.4,138.5,66.2,14.4,25.4,4.7
9/28/2025 9:00,31.1,61.7,73.9,149.5,139.9,61.1,0,28.2,44.8
9/28/2025 10:00,39.4,60.9,48.3,128.9,140.9,42.8,14.8,11.2,33.3
9/28/2025 11:00,55.1,30,48.9,153.9,154.1,84.4,19.6,23.9,33
9/28/2025 12:00,24.2,71.9,56.1,141.1,168.1,81.2,9.7,10.6,44.4
9/28/2025 13:00,0.8,56.9,45.8,146.8,136.2,80.1,15.6,10.1,42.7
9/28/2025 14:00,21.3,70.1,63.6,150.1,182.6,84.9,0.2,4.6,30.2
9/28/2025 15:00,19.9,78.3,59.8,155.8,153.6,51.7,19.9,0,19
9/28/2025 16:00,32.2,55,36,146.3,155.5,71.3,16.1,9.2,29.8
9/28/2025 17:00,16.9,59.1,61,161,166.4,75.1,14.9,14.5,51
9/28/2025 18:00,12.8,59.3,61.2,161.6,147,66.5,22.1,2.1,51.6
9/28/2025 19:00,23.7,76.8,68.1,143.7,157.7,84.6,5.8,0.9,49.9
9/28/2025 20:00,35.6,68.1,81.1,165.6,161.7,89.5,8.6,7.3,39
9/28/2025 21:00,40.4,76.3,67.4,154.1,138.4,74.1,7.5,19.1,59.5
9/28/2025 22:00,29.1,65.7,78.4,148.3,139.8,85.9,14.7,1,32.9
9/28/2025 23:00,4.7,68.7,54.1,146.6,179.3,62.1,0,0.1,43.4
9/29/2025 0:00,37.9,55.1,61.6,108.3,145.7,51.1,3.4,13.1,20.1
9/29/2025 1:00,0,93.8,94.4,116.5,113.8,40,20.3,3.7,39.4
9/29/2025 2:00,26.9,35.2,69.3,123,174.1,54.5,1.6,16,49.5
9/29/2025 3:00,36.1,97.7,85.6,123,155,54.3,22.2,49.6,40.1
9/29/2025 4:00,36.2,55.3,59.3,175,161.4,29.7,25.6,0,31
9/29/2025 5:00,25.9,65.5,70.8,168.6,153,68.9,3.9,45.1,64.6
9/29/2025 6:00,82.7,68.1,108.9,198.8,134.4,57.4,54.3,0,27.2
9/29/2025 7:00,108.8,66.3,71.5,176.1,157.8,93.7,1.1,5.5,28.2
9/29/2025 8:00,97.9,100.2,45.5,215.2,215.5,135.6,3,9.7,60.1
9/29/2025 9:00,117.7,150.5,126.4,260.3,176.3,138.7,20.2,5.2,96.1
9/29/2025 10:00,59.2,103.6,155.2,259.4,166.9,155.8,2,29.9,69.4
9/29/2025 11:00,96.3,125.5,123.1,353.4,221.2,174.6,16.8,0,70.8
9/29/2025 12:00,82.4,211.4,150.9,273.3,227.9,194,20.8,26,82.4
9/29/2025 13:00,77.6,103.9,130.8,271.4,251.7,114.6,0,34.7,27.5
9/29/2025 14:00,111.3,117.3,173.6,286.6,218,167.6,9.4,33.3,93.4
9/29/2025 15:00,74.9,139.3,142.4,294.1,185.2,167.5,61.4,14.4,28.3
9/29/2025 16:00,53.1,100.7,125.4,254.6,192.8,173.2,4.6,17.8,9.8
9/29/2025 17:00,77.5,106.3,123.5,261.3,214.7,124.8,2.9,8.2,24.7
9/29/2025 18:00,24.1,92.9,62,185.8,206.8,167.1,34.5,15.4,40.8
9/29/2025 19:00,62.6,52.9,68.3,210.7,172.3,134.1,27.8,17.2,43.5
9/29/2025 20:00,61.7,67.6,70.4,126.1,113.6,91.3,24.3,0.5,63.3
9/29/2025 21:00,36.5,72.9,64.3,159.6,170.9,20.6,22.5,2,72.6
9/29/2025 22:00,73.8,68,44.5,188.3,118.2,79.8,5.5,25,55.7
9/29/2025 23:00,71.5,15.1,57.9,135.3,152.9,120,19.4,7.8,26.7
9/30/2025 0:00,39,71,44.9,132.5,158.6,36.3,49.2,5.8,49.7
9/30/2025 1:00,64.1,58.2,34.3,143.4,158,41.4,0,0,0
9/30/2025 2:00,24.1,92.2,65.2,120.4,151.5,40.9,0,18.3,61.9
9/30/2025 3:00,10.8,56.7,78,159.5,180.7,49.6,7.9,24.8,47.6
9/30/2025 4:00,13.1,44.5,22.1,157.7,142.8,89,4,14.2,36.5
9/30/2025 5:00,16.7,48.4,123.4,121.8,133.4,59.8,34.6,0,67.1
9/30/2025 6:00,33.1,65.5,38.3,183.8,161,38.2,5.8,11.8,44.8
9/30/2025 7:00,74.9,116.1,63.9,203.9,101.7,71,4.1,7.4,35.6
9/30/2025 8:00,96.8,143.3,103.3,255,166,100.2,20.5,1.2,49.4
9/30/2025 9:00,74.7,122.4,99.7,302.7,169.5,149.7,39.5,19.6,28.3
9/30/2025 10:00,126.7,174.9,152.7,323,177,146.4,42.1,26.6,34.3
9/30/2025 11:00,136.9,121.5,164.1,361.3,211.2,176.5,20.2,0,52.3
9/30/2025 12:00,122.2,146.5,111.5,313.8,197.2,144.4,6.3,23.8,38.6
9/30/2025 13:00,124.5,144.8,114.9,318.3,195.8,190.5,23.6,35.8,80.6
9/30/2025 14:00,137.1,121.6,188.9,343.4,202.5,195.4,0,6.2,74.6
9/30/2025 15:00,154.6,123.4,110.4,304.1,169.6,182.3,14,13.2,59.6
9/30/2025 16:00,52.2,164.9,87.2,300.5,218.9,186.5,31.4,12,80.7
9/30/2025 17:00,80.8,90.4,132.9,233.8,206.6,170.9,18.5,51.9,8.1
9/30/2025 18:00,73.9,83.1,100.9,196.4,173.4,147.8,18.6,64.9,54.4
9/30/2025 19:00,53.7,112.2,88,208,197.6,128.1,38.6,7.9,57.6
9/30/2025 20:00,7.9,38.7,79.4,176.5,197.7,93.5,10.2,14.9,57.3
9/30/2025 21:00,48.8,79.5,60.1,123.5,175.1,87.3,11.7,11.1,49.6
9/30/2025 22:00,34.1,52.1,80.1,165.6,198.8,84,25,0,6.8
9/30/2025 23:00,31.6,21,107.8,171.4,155.3,84.8,1.6,14.6,39.1
,,,,,,,,,
MAX,0,11.6,10.7,104.1,100.1,13.6,0,0,0
MIN,300.5,369.1,329.8,567.4,403.6,272,70.6,88.8,126.4
